time,x,y,z,phi,theta,psi,x_velocity,y_velocity,z_velocity,x_accel,y_accel,z_accel,phi_velocity,theta_velocity,psi_velocity,rotor_speed1,rotor_speed2,rotor_speed3,rotor_speed4,reward
0.0,0.0,0.0,0.0,0.0,0.0,0.0,0.0,0.0,0.0,0.0,0.0,0.0,0.0,0.0,0.0,367.54797,599.0554,432.32208,458.47043,0
0.06,-0.006365499197055879,5.704212764537481e-05,0.00399090674620624,0.023414140043087173,1.6108600799694743,0.0,-0.3683360529226095,0.0030695711875571028,0.041038766354930103,-11.711455976556016,0.08761251995334571,-3.3156093549130103,0.31955601977727716,3.04901606811326,0.0,219.31747,769.6369,169.39667,709.68787,1.0073167534307468
