time,x,y,z,phi,theta,psi,x_velocity,y_velocity,z_velocity,x_accel,y_accel,z_accel,phi_velocity,theta_velocity,psi_velocity,rotor_speed1,rotor_speed2,rotor_speed3,rotor_speed4,reward
0.0,0.0,0.0,0.0,0.0,0.0,0.0,0.0,0.0,0.0,0.0,0.0,0.0,0.0,0.0,0.0,428.2864,497.2561,460.8121,489.47827,0
0.06,-0.0005808321989619826,0.00010942317526466366,0.006203389026015153,0.030751108117964776,0.14498786454594903,0.0,-0.03544766804183831,0.006822618748682486,0.20600211308804972,-1.206494605732917,0.23813846798952729,3.3987704572935544,0.37367754413434023,0.874530016641282,0.0,401.89453,520.22205,477.89963,511.84668,1.014066812766909
0.12000000000000001,-0.008217155767801614,0.0015203758032864179,0.02509733915023398,0.09723698570400163,0.5878001491379656,0.0,-0.2699969316790255,0.046670799684236625,0.4082248681184638,-5.820650512227039,0.9064262952228601,2.734451653927275,0.8311906443476582,2.3455388921451377,0.0,300.6367,622.11646,534.708,606.5607,1.0360994026261183
0.18,-0.046219035118088184,0.005075422797439834,0.043980723237023955,0.37312002130814914,3.315887090314316,0.0,-1.0175107391889162,0.0064943839161083206,-0.13292974026818777,-10.980627912359266,-3.527505436101033,-22.29854038306953,1.93679192177749,6.22334171303059,0.0,27.319183,885.9026,793.60443,878.49713,1.0230679102665863
