time,x,y,z,phi,theta,psi,x_velocity,y_velocity,z_velocity,x_accel,y_accel,z_accel,phi_velocity,theta_velocity,psi_velocity,rotor_speed1,rotor_speed2,rotor_speed3,rotor_speed4,reward
0.0,0.0,0.0,0.0,0.0,0.0,0.0,0.0,0.0,0.0,0.0,0.0,0.0,0.0,0.0,0.0,322.7576,518.9841,513.587,557.7369,0
0.06,-0.003983214045975622,0.00031373696193720785,0.007175115536202606,0.08304995637546853,0.8928376492141892,0.0,-0.23764426525512194,0.0185593383704434,0.20738113764176064,-7.865284779195091,0.6076079729402355,2.0608786376311117,0.6483814194828692,2.2550054273685163,0.0,248.09131,720.8013,290.48273,663.57025,1.0156261912538456
0.12000000000000001,-0.02878497363944589,-0.006966224351334608,0.009408692824503507,4.051872533816773,0.879839411672318,0.0,-0.22078576974297764,-0.23363888577636927,-0.36732024395590923,14.68033948885585,2.9334818942770293,-17.003384991164058,5.443136229403741,8.257742665313732,0.0,26.615402,895.7936,18.079521,889.5169,0.9929151930564499
