time,x,y,z,phi,theta,psi,x_velocity,y_velocity,z_velocity,x_accel,y_accel,z_accel,phi_velocity,theta_velocity,psi_velocity,rotor_speed1,rotor_speed2,rotor_speed3,rotor_speed4,reward
0.0,0.0,0.0,0.0,0.0,0.0,0.0,0.0,0.0,0.0,0.0,0.0,0.0,0.0,0.0,0.0,314.49008,436.18777,573.17694,590.0442,0
0.06,-0.0012880572457757724,6.311118333019445e-05,0.008391724725114314,0.017466236437783778,0.285644890212124,0.0,-0.07812335627983154,0.003979331817925584,0.2764616166774821,-2.6391086065479348,0.14067192801893266,4.46327125297473,0.2692153125681259,1.2503762708784134,0.0,320.5005,518.69727,493.59802,579.73334,1.0189763089707184
0.12000000000000001,-0.017071202479216358,0.0017097863847555048,0.029805792845172364,0.32417854154839976,1.2311429040494257,0.0,-0.5448601277083128,0.07257943120109978,0.36848882643183173,-11.294661226290852,1.86481573771596,-1.2575855071194733,1.5306929141642267,3.475585840474937,0.0,249.89874,735.0136,290.66116,649.9284,1.0383905848090749
0.18,-0.05965943796433332,-5.8944143295980994e-05,0.036513538399410524,3.8752836869590546,1.5047518406746683,0.0,-0.5584715609670892,-0.07673870399905995,-0.3934243211620029,8.014290197021998,5.877396002342814,-23.189418541652895,6.024680732516252,9.580259305319048,0.0,40.74002,894.73694,22.82408,872.78186,0.9974357522299435
