time,x,y,z,phi,theta,psi,x_velocity,y_velocity,z_velocity,x_accel,y_accel,z_accel,phi_velocity,theta_velocity,psi_velocity,rotor_speed1,rotor_speed2,rotor_speed3,rotor_speed4,reward
0.0,0.0,0.0,0.0,0.0,0.0,0.0,0.0,0.0,0.0,0.0,0.0,0.0,0.0,0.0,0.0,313.3427,429.95853,577.53204,594.68,0
0.06,-0.0011667481219156315,6.653211342846811e-05,0.008525347335091148,0.018196941535173927,0.25845036986853565,0.0,-0.07082869107136613,0.004192868847021206,0.28149876369055676,-2.395281525563381,0.14813487995542018,4.572955272040374,0.27580675745941785,1.1865788413944278,0.0,314.01385,506.8551,502.67853,596.6764,1.0192944009921263
0.12000000000000001,-0.01572404389436272,0.0020839282950804922,0.03103879446881398,0.39416585521953706,1.1221938934728755,0.0,-0.5073934499466277,0.09331501406807315,0.4082288961417227,-10.676513979418612,2.524482319134991,-0.358753494698161,1.6852700841679948,3.30720266212688,0.0,243.08139,739.1725,284.7927,674.86566,1.0409368594379047
0.18,-0.05599180853439735,0.0010263630412069642,0.04444203327202099,4.702898548328328,1.6895384031784424,0.0,-0.5378099268811223,-0.20440124285286776,-0.2593832064109845,6.829943797825123,-2.8320908397564395,-25.28917865722434,6.647383954472403,9.557982050054465,0.0,18.504257,898.6097,9.034675,893.1266,1.0108355138327625
0.23999999999999996,-0.12143832806308195,-0.01753799695111765,0.00615873838976862,1.615895394795693,2.9931285552296956,0.0,-1.1296726306484621,-0.5513793569795545,-1.2533773367248502,14.60368218488559,-7.4136328190461,-27.5331618656684,16.157549149161436,18.383298637078525,0.0,59.420784,885.43805,37.217857,867.439,0.911369744251016
