time,x,y,z,phi,theta,psi,x_velocity,y_velocity,z_velocity,x_accel,y_accel,z_accel,phi_velocity,theta_velocity,psi_velocity,rotor_speed1,rotor_speed2,rotor_speed3,rotor_speed4,reward
0.0,0.0,0.0,0.0,0.0,0.0,0.0,0.0,0.0,0.0,0.0,0.0,0.0,0.0,0.0,0.0,321.9796,496.37997,530.0084,568.8852,0
0.06,-0.0030404346229301825,0.0002701391970794281,0.007699043998138912,0.06890664250663825,0.6729171096131488,0.0,-0.18255396650452133,0.016294706774009387,0.23836209841239,-6.090460930513644,0.5467550153521339,3.1684896439372183,0.5857265185098903,1.950001908371026,0.0,304.428,649.6271,348.02188,603.82056,1.0170777988052668
0.12000000000000001,-0.03267193500642118,-0.0022635943343701647,0.01367755066042807,1.9788275094443453,4.027577430104937,0.0,-0.7184898794357332,-0.3031311380947212,-0.2404098147476031,-2.8688907742814593,-14.369001937441615,-13.182164135172298,3.879312223634856,6.295286527968052,0.0,61.453407,886.12726,37.34583,871.1457,1.001261869777523
