time,x,y,z,phi,theta,psi,x_velocity,y_velocity,z_velocity,x_accel,y_accel,z_accel,phi_velocity,theta_velocity,psi_velocity,rotor_speed1,rotor_speed2,rotor_speed3,rotor_speed4,reward
0.0,0.0,0.0,0.0,0.0,0.0,0.0,0.0,0.0,0.0,0.0,0.0,0.0,0.0,0.0,0.0,469.14587,317.62457,622.6048,639.96454,0
0.06,-0.002443172264259663,8.905601686984623e-05,0.012345845497439716,0.02108951002105197,0.41017603038099715,0.0,-0.14464673888022722,0.00556138755137193,0.40235410371674374,-4.740574755367883,0.19446402417827918,6.309578410043202,0.3007195448678744,-1.630108172529555,0.0,543.8606,412.35733,516.53076,641.42285,1.027824269213945
0.12000000000000001,-0.025311143399059606,0.004180470434524826,0.04560990021431649,0.725273891093746,0.7380396970422582,0.0,-0.6640657355488464,0.21100783397027184,0.6583453064499735,-10.337145694739561,6.34652724766178,2.3400389213069186,2.27023093267499,-3.2899572603726135,0.0,523.61945,520.5241,399.72345,746.2073,1.061316987575195
0.18,-0.08715571593783374,0.029949311156666623,0.06942491977840248,5.486926623814682,0.5441750527696163,0.0,-1.3725409506010944,0.3698755732832546,-0.14252383718538486,-10.866174347977127,-11.571152182357464,-20.184188426382978,7.474857571134794,-3.1931860703043173,0.0,470.0207,655.5738,256.72687,821.3715,1.0245424289457346
0.23999999999999996,-0.19484943291333737,0.042670288182229954,0.050327784736849186,1.6893488513559909,1.8530993012617643,0.0,-2.345742002084189,0.19437844106892244,-0.6300208043053037,-20.494399603966205,-2.2504889521575255,-7.516033713994188,14.457213867125738,-0.25323082285619725,0.0,654.0157,385.78394,380.42416,844.34607,0.9466933711305634
0.3,-0.36066212260346,0.05515909728796888,0.006704043406193946,5.834937723099118,4.147733019957332,0.0,-2.8235435054639297,0.5750153563553029,-0.8394633638681347,6.362980862139291,20.56787531025864,-10.24922535744283,18.79301487371206,-4.0367790440441915,0.0,719.47974,598.7482,171.93301,894.4123,0.8906800389344306
