time,x,y,z,phi,theta,psi,x_velocity,y_velocity,z_velocity,x_accel,y_accel,z_accel,phi_velocity,theta_velocity,psi_velocity,rotor_speed1,rotor_speed2,rotor_speed3,rotor_speed4,reward
0.0,0.0,0.0,0.0,0.0,0.0,0.0,0.0,0.0,0.0,0.0,0.0,0.0,0.0,0.0,0.0,347.9021,571.7729,469.87506,492.35712,0
0.06,-0.005679110277180525,5.6341381405906364e-05,0.005154946070427564,0.020621318010816125,1.3697244478581823,0.0,-0.33265738125205313,0.0032098126167693815,0.10229459017903916,-10.751527900952672,0.09988249274293771,-1.329364625719523,0.2968041769226387,2.806995949582973,0.0,259.4149,706.59595,218.63467,692.84515,1.0103582021920625
