time,x,y,z,phi,theta,psi,x_velocity,y_velocity,z_velocity,x_accel,y_accel,z_accel,phi_velocity,theta_velocity,psi_velocity,rotor_speed1,rotor_speed2,rotor_speed3,rotor_speed4,reward
0.0,0.0,0.0,0.0,0.0,0.0,0.0,0.0,0.0,0.0,0.0,0.0,0.0,0.0,0.0,0.0,430.53998,508.29617,451.64807,493.51273,0
0.06,-0.0007640264142392739,0.000228351729809932,0.006422033822576772,0.05992263672503029,0.18663210742337277,0.0,-0.04651662392269003,0.01406407323575615,0.21268866135050113,-1.5786807586035672,0.4839261681568812,3.4835323401608638,0.5425523951311851,0.9997894628835555,0.0,396.03006,528.59485,476.24417,516.54047,1.0145421584139682
0.12000000000000001,-0.010558775904630084,0.0028599928936556924,0.025417831113597147,0.152352429193491,0.7326112223476597,0.0,-0.3417936216894143,0.08147486057829564,0.3959905940192079,-7.2293756199683665,1.408673391745372,2.058654551674344,1.0846947460394745,2.647819498640841,0.0,271.85254,650.5609,545.32776,629.69977,1.0357745607546187
0.18,-0.05232722802220846,0.0071191323160231705,0.03695429129331605,0.5383262809785023,4.421883636797517,0.0,-0.8642416642966217,-0.05955104491025576,-0.4048059183801156,2.004546254073758,-6.98531025177099,-26.16763271466703,2.4129532424755884,7.186954262772902,0.0,10.429855,898.0823,838.45276,894.5199,1.005383966340957
