time,x,y,z,phi,theta,psi,x_velocity,y_velocity,z_velocity,x_accel,y_accel,z_accel,phi_velocity,theta_velocity,psi_velocity,rotor_speed1,rotor_speed2,rotor_speed3,rotor_speed4,reward
0.0,0.0,0.0,0.0,0.0,0.0,0.0,0.0,0.0,0.0,0.0,0.0,0.0,0.0,0.0,0.0,329.7885,542.7363,495.69205,532.5963,0
0.06,-0.004859585565089726,0.00018838005057366443,0.006302836481225823,0.0555472717019736,1.1219321869687153,0.0,-0.28763533208334285,0.010929023032222165,0.16145256691945892,-9.423685993526398,0.34872660098250136,0.5614481693461882,0.5203646203503313,2.534878789712622,0.0,242.90446,727.69684,255.20172,676.8946,1.0133373270500574
0.12000000000000001,-0.032305614624942344,-0.008734409835356482,0.003996940586444937,4.871120523256595,1.3949948401809298,0.0,-0.2926061162088884,-0.3422939158424969,-0.5105655560329283,10.045008193629453,-2.1428906859373194,-22.990078518407476,5.816896435951572,8.668635781091048,0.0,17.83066,896.84875,15.85309,891.34076,0.9829803056801683
