time,x,y,z,phi,theta,psi,x_velocity,y_velocity,z_velocity,x_accel,y_accel,z_accel,phi_velocity,theta_velocity,psi_velocity,rotor_speed1,rotor_speed2,rotor_speed3,rotor_speed4,reward
0.0,0.0,0.0,0.0,0.0,0.0,0.0,0.0,0.0,0.0,0.0,0.0,0.0,0.0,0.0,0.0,317.5622,481.14722,539.8583,579.32904,0
0.06,-0.002577325155953174,0.000294663788468837,0.007963610075381095,0.07325748469665427,0.567420757893343,0.0,-0.15517035784662858,0.01786826738425796,0.2523370983057598,-5.1944639486142075,0.6034605826472543,3.627563887044492,0.6056292700380363,1.7858883232856022,0.0,301.34094,646.44507,353.7736,608.38495,1.0177811504978007
0.12000000000000001,-0.029927751237029485,-0.0012771373083868556,0.016636495562405477,2.0059362638577234,3.889180783254858,0.0,-0.7122789736744807,-0.2692372405778201,-0.17229223925523596,-4.790984361817625,-13.992002984263673,-12.800713356122403,3.91842613359563,6.115656549657981,0.0,37.75087,894.0563,19.25932,884.75323,1.0070593049702685
