time,x,y,z,phi,theta,psi,x_velocity,y_velocity,z_velocity,x_accel,y_accel,z_accel,phi_velocity,theta_velocity,psi_velocity,rotor_speed1,rotor_speed2,rotor_speed3,rotor_speed4,reward
0.0,0.0,0.0,0.0,0.0,0.0,0.0,0.0,0.0,0.0,0.0,0.0,0.0,0.0,0.0,0.0,424.9808,497.15244,453.25537,486.92685,0
0.06,-0.0006217519631710619,0.00014442336497071226,0.005866588988819651,0.04011088577506694,0.1567907523037908,0.0,-0.037916182099342076,0.008957274917048539,0.19463973346839136,-1.2893337495230008,0.3107372063518597,3.203372665725584,0.434189821894558,0.9116723541691014,0.0,395.7598,519.33997,472.69522,509.42685,1.0132956617111666
0.12000000000000001,-0.008733366347520572,0.001923339317705441,0.023606418141640457,0.1160906488152289,0.6290450005779427,0.0,-0.28567526637807095,0.05737248774765738,0.37904449371902477,-6.124200941172083,1.0687140868819256,2.353892989338976,0.9246077788741252,2.435061689963725,0.0,286.86505,627.19995,533.9745,609.7477,1.0337220554156248
0.18,-0.047651003042762284,0.005851766435038657,0.038661254029336053,0.4215260324942287,3.606695864656034,0.0,-0.9844413145799155,-0.009558003397815498,-0.2501205399607608,-7.974269294554877,-4.641623567502172,-24.1143549757751,2.090221328191647,6.494331178157577,0.0,16.195133,887.0449,803.55,880.7876,1.0146535554456255
