time,x,y,z,phi,theta,psi,x_velocity,y_velocity,z_velocity,x_accel,y_accel,z_accel,phi_velocity,theta_velocity,psi_velocity,rotor_speed1,rotor_speed2,rotor_speed3,rotor_speed4,reward
0.0,0.0,0.0,0.0,0.0,0.0,0.0,0.0,0.0,0.0,0.0,0.0,0.0,0.0,0.0,0.0,366.20035,603.9161,433.5714,454.90637,0
0.06,-0.0066893663172495465,3.6362200740417116e-05,0.00376544105223748,0.0164789582469016,1.7080883163738632,0.0,-0.3849300245672236,0.0019199535239723114,0.022856549102834148,-12.146336049417904,0.05309101244688057,-4.075254249258154,0.26009293311262427,3.1414279756625874,0.0,222.64049,765.7376,173.40746,701.2582,1.0066176501996351
