time,x,y,z,phi,theta,psi,x_velocity,y_velocity,z_velocity,x_accel,y_accel,z_accel,phi_velocity,theta_velocity,psi_velocity,rotor_speed1,rotor_speed2,rotor_speed3,rotor_speed4,reward
0.0,0.0,0.0,0.0,0.0,0.0,0.0,0.0,0.0,0.0,0.0,0.0,0.0,0.0,0.0,0.0,371.28604,589.8246,431.26575,466.20816,0
0.06,-0.005730623205783971,0.00011091860627133684,0.004461044706260516,0.03944191727755175,1.4239776470742944,0.0,-0.33481678382486757,0.0061642918629084015,0.07567725436191174,-10.78470077240514,0.18502537403978803,-1.9226773462807758,0.43011262270584766,2.8631961726796398,0.0,236.40518,754.19604,192.908,695.2604,1.0087189430692938
