time,x,y,z,phi,theta,psi,x_velocity,y_velocity,z_velocity,x_accel,y_accel,z_accel,phi_velocity,theta_velocity,psi_velocity,rotor_speed1,rotor_speed2,rotor_speed3,rotor_speed4,reward
0.0,0.0,0.0,0.0,0.0,0.0,0.0,0.0,0.0,0.0,0.0,0.0,0.0,0.0,0.0,0.0,339.31143,562.4114,478.99457,506.771,0
0.06,-0.005498224415086853,9.187927613535837e-05,0.005474106152951965,0.031029019472405217,1.3093815679085274,0.0,-0.3229413322662677,0.005239704425958254,0.1181570085705545,-10.475038882252946,0.16327964160847308,-0.8393803627318588,0.3755954985792202,2.7431640738792935,0.0,254.14735,714.8484,218.11414,690.87964,1.0111751193172271
0.12000000000000001,-0.03584098050537165,-0.009721133899311861,0.0014785139215907003,5.766021071330993,0.9141449908827557,0.0,-0.30032520959836234,-0.4265766957051089,-0.4051367543376081,13.138173569802417,-6.935158968834623,-17.073016965365262,6.168644351634585,8.538235359444494,0.0,17.627048,897.08514,8.632938,893.7502,0.9820742545205916
