time,x,y,z,phi,theta,psi,x_velocity,y_velocity,z_velocity,x_accel,y_accel,z_accel,phi_velocity,theta_velocity,psi_velocity,rotor_speed1,rotor_speed2,rotor_speed3,rotor_speed4,reward
0.0,0.0,0.0,0.0,0.0,0.0,0.0,0.0,0.0,0.0,0.0,0.0,0.0,0.0,0.0,0.0,315.48074,467.3851,551.55396,584.38947,0
0.06,-0.0021558843286539047,0.00021504669226439984,0.008183083698171736,0.05384181751927386,0.47334679425881454,0.0,-0.13010181076073626,0.013156777914664429,0.2636531295218637,-4.367924985420458,0.4491416129388326,3.9919501318291157,0.5114831510333053,1.6261229374079962,0.0,303.82736,612.65356,401.29565,602.695,1.018365575861547
0.12000000000000001,-0.027886821934693086,0.0013506274600627824,0.02046994432582781,1.39237999336539,3.003648351705026,0.0,-0.800082223385731,-0.07647238859858857,-0.09770487790168325,-12.231339418162202,-6.873675482536764,-14.833760120550632,3.252739883784919,5.385233105786868,0.0,80.14585,880.50494,57.54308,854.4829,1.0145307586454404
