time,x,y,z,phi,theta,psi,x_velocity,y_velocity,z_velocity,x_accel,y_accel,z_accel,phi_velocity,theta_velocity,psi_velocity,rotor_speed1,rotor_speed2,rotor_speed3,rotor_speed4,reward
0.0,0.0,0.0,0.0,0.0,0.0,0.0,0.0,0.0,0.0,0.0,0.0,0.0,0.0,0.0,0.0,352.2107,591.8364,456.73093,475.89795,0
0.06,-0.006607932280906654,3.4170968818845006e-05,0.004333583926228489,0.01493527481664536,1.6452670329629324,0.0,-0.38162857113704696,0.0018440887007934027,0.046870143561926814,-12.102312133011889,0.05287923051239269,-3.4591499505965766,0.24528537702207948,3.082029361079096,0.0,236.16077,745.9967,186.6155,718.8519,1.007995944044255
