time,x,y,z,phi,theta,psi,x_velocity,y_velocity,z_velocity,x_accel,y_accel,z_accel,phi_velocity,theta_velocity,psi_velocity,rotor_speed1,rotor_speed2,rotor_speed3,rotor_speed4,reward
0.0,0.0,0.0,0.0,0.0,0.0,0.0,0.0,0.0,0.0,0.0,0.0,0.0,0.0,0.0,0.0,320.72076,482.19388,541.0613,573.7614,0
0.06,-0.0025334028947317476,0.0002020631559481874,0.007919919827153763,0.051660343505633755,0.5590121735472477,0.0,-0.1525582975418488,0.012320946385938501,0.2513845742722887,-5.10836507880929,0.41891308907491903,3.6338554630476954,0.49991675346516035,1.77217518460795,0.0,311.82898,626.62195,395.65582,582.9374,1.0176954785763677
0.12000000000000001,-0.030391071947566878,0.0003226626578275427,0.01699302557946862,1.1621640973602227,3.2969170514451527,0.0,-0.8034044968310177,-0.12069428577839353,-0.22020448415607927,-9.912775861878096,-7.7807254099046625,-17.606982176538864,2.9862232881279827,5.684100985254226,0.0,101.69309,869.27704,95.66705,832.3222,1.0070096713552534
