time,x,y,z,phi,theta,psi,x_velocity,y_velocity,z_velocity,x_accel,y_accel,z_accel,phi_velocity,theta_velocity,psi_velocity,rotor_speed1,rotor_speed2,rotor_speed3,rotor_speed4,reward
0.0,0.0,0.0,0.0,0.0,0.0,0.0,0.0,0.0,0.0,0.0,0.0,0.0,0.0,0.0,0.0,344.76065,568.8105,473.15332,496.69196,0
0.06,-0.005634203414743761,6.306040391208626e-05,0.005241041483883078,0.02261642012754006,1.3541989394757152,0.0,-0.33026255050818953,0.003594253843875407,0.10650949421008524,-10.684182751254813,0.11191802851043989,-1.2010678118489018,0.31319913048351533,2.790709352259784,0.0,258.22797,710.455,214.66266,690.4123,1.0105774851293527
0.12000000000000001,-0.0366436650187639,-0.00972386892700151,2.5340349325493877e-05,5.783147488545827,0.7404575456343139,0.0,-0.30197298732890293,-0.41007647110329415,-0.40922831451473685,14.04958979099097,-5.938942039096608,-15.942387195482086,6.1212934309456015,8.471404911163841,0.0,19.444822,897.0677,7.7358623,893.6114,0.980001162836192
