time,x,y,z,phi,theta,psi,x_velocity,y_velocity,z_velocity,x_accel,y_accel,z_accel,phi_velocity,theta_velocity,psi_velocity,rotor_speed1,rotor_speed2,rotor_speed3,rotor_speed4,reward
0.0,0.0,0.0,0.0,0.0,0.0,0.0,0.0,0.0,0.0,0.0,0.0,0.0,0.0,0.0,0.0,315.3898,427.11154,579.1472,593.1989,0
0.06,-0.001068817237034346,4.547757949251704e-05,0.008507872322822223,0.013040103027351257,0.2377365051412612,0.0,-0.06493166566184598,0.002896258644908192,0.2813391461581609,-2.1978318320525836,0.10352544963682181,4.588977299724858,0.2260605307334067,1.135703050359711,0.0,320.71414,492.44397,514.49133,588.59827,1.0192663096076116
0.12000000000000001,-0.014017981183610615,0.001447633778341511,0.03157088088830659,0.2567460080148525,0.9279763952593916,0.0,-0.4437635672120407,0.0661996204166714,0.4465896111960894,-9.164126694701148,1.858949229156234,1.0947003026682887,1.3424794528565724,3.007858936417287,0.0,285.68625,686.8253,338.96048,617.7557,1.0426349965132713
0.18,-0.056399360052021626,-0.0006512825398131729,0.046251702964592196,2.525502604715072,5.434711475380807,0.0,-0.6382387186012315,-0.29851309518356595,-0.05139758472098849,12.187989103175687,-9.777149710445528,-7.734524331449913,4.904876148519109,8.03827058680585,0.0,43.47728,894.4113,34.33588,870.66754,1.016237377585527
0.23999999999999996,-0.06126483305204312,-0.009376029227402913,0.008714284581307607,5.228555105185475,1.3373783350004338,0.0,0.390068345917972,-0.31790864892597703,-1.213394893627687,11.142982386366056,-15.458831223707024,-23.47925778420594,14.303046144687645,17.19335126847768,0.0,97.636024,886.6733,54.468513,828.2922,0.9135266318188184
