time,x,y,z,phi,theta,psi,x_velocity,y_velocity,z_velocity,x_accel,y_accel,z_accel,phi_velocity,theta_velocity,psi_velocity,rotor_speed1,rotor_speed2,rotor_speed3,rotor_speed4,reward
0.0,0.0,0.0,0.0,0.0,0.0,0.0,0.0,0.0,0.0,0.0,0.0,0.0,0.0,0.0,0.0,321.76495,404.9057,588.4735,600.5867,0
0.06,-0.0005753812738918933,3.5605786693144244e-05,0.008690972481204184,0.010466551725508921,0.13078785204007826,0.0,-0.035150820087077664,0.0022888069734963916,0.2890130662207875,-1.1978583218010912,0.08264605627936875,4.7863660408366275,0.19766633932629302,0.8277866523304487,0.0,329.80197,433.19498,557.35974,596.3641,1.0197284131672215
0.12000000000000001,-0.0072415146096536645,0.0008037665623858481,0.03395355276926167,0.0977791997916837,0.3903435132678261,0.0,-0.21851897128621556,0.033234321779985185,0.5457403607195206,-4.246546683583183,0.8939505730280073,3.982161524028173,0.8130487511642551,1.8911512643267572,0.0,334.73453,538.76776,474.98065,583.4019,1.04836027729635
0.18,-0.03441519473048674,0.006210962876559582,0.0697978384693211,0.5780405796828241,1.4685050739629775,0.0,-0.7869010248900559,0.16398161837644262,0.5498156700321097,-13.00361295110305,2.585572192578765,-3.874974376718328,2.362636994259535,4.236366903152283,0.0,288.2929,714.7312,309.3327,647.60443,1.0629285631068957
0.23999999999999996,-0.0932845837425328,0.007590874773099337,0.08668312005821732,3.794148026297158,0.3262530396344516,0.0,-0.745192874872182,-0.10400772564962601,-0.0725479687042771,15.718199393306492,1.9731897544780057,-14.80923781630813,6.594913733473604,9.583843028267903,0.0,154.83063,865.57275,76.59992,814.84894,1.0178245629118163
0.3,-0.13558367455065437,-0.008527025395044047,0.04715741181099687,1.9829757941379818,5.106579692020807,0.0,-0.8126035619255412,-0.12747175397573807,-1.1061794101002804,-18.046085124226774,10.463483235404846,-15.717508420972612,14.396207588737855,17.417139581212982,0.0,120.26737,865.24207,119.1906,803.80743,0.9105555720851208
