time,x,y,z,phi,theta,psi,x_velocity,y_velocity,z_velocity,x_accel,y_accel,z_accel,phi_velocity,theta_velocity,psi_velocity,rotor_speed1,rotor_speed2,rotor_speed3,rotor_speed4,reward
0.0,0.0,0.0,0.0,0.0,0.0,0.0,0.0,0.0,0.0,0.0,0.0,0.0,0.0,0.0,0.0,315.13434,454.4328,560.3736,588.02966,0
0.06,-0.0017633196931542221,0.00015885859529158626,0.008312826161429893,0.04034512875438612,0.3878228577702094,0.0,-0.1066418713132398,0.009798303211079794,0.27099880702205975,-3.589841115607429,0.33772625260201894,4.247327726279143,0.4356102393020579,1.4664337440423885,0.0,315.3557,572.8656,437.97092,589.1428,1.0187278561090263
0.12000000000000001,-0.023666974400976537,0.0028535145681998163,0.025268169276784047,0.8510325459654995,2.0862020104036905,0.0,-0.7435927334556578,0.07766321024035244,0.12262608566746905,-14.500910923179765,0.36526722084928337,-9.242417812912356,2.5456035128013497,4.5140559472082655,0.0,148.71974,840.0308,125.17918,790.1379,1.0263075573202212
0.18,-0.08805180305922129,-0.010609922044789038,0.008025468224268938,5.353141594101039,2.2063565948240544,0.0,-0.8920451600984329,-0.40696544157554315,-0.6178237883526324,20.41811540079962,1.3437281702068322,-10.520640006853048,10.464957075146078,13.068912024369476,0.0,61.403748,884.7553,46.67694,858.5048,0.9535459737211511
