time,x,y,z,phi,theta,psi,x_velocity,y_velocity,z_velocity,x_accel,y_accel,z_accel,phi_velocity,theta_velocity,psi_velocity,rotor_speed1,rotor_speed2,rotor_speed3,rotor_speed4,reward
0.0,0.0,0.0,0.0,0.0,0.0,0.0,0.0,0.0,0.0,0.0,0.0,0.0,0.0,0.0,0.0,362.79538,610.1162,438.92148,448.77902,0
0.06,-0.007156707150547207,7.512820318647591e-06,0.0033990958229533977,0.004806977840776661,1.8555017497872939,0.0,-0.4080592759528331,0.0003955701462601566,-0.00628799384619691,-12.712677820094468,0.010885710172892766,-5.28246631279673,0.12010910562993751,3.276659365760321,0.0,198.29965,795.6321,142.2434,721.1105,1.0054903857105215
