time,x,y,z,phi,theta,psi,x_velocity,y_velocity,z_velocity,x_accel,y_accel,z_accel,phi_velocity,theta_velocity,psi_velocity,rotor_speed1,rotor_speed2,rotor_speed3,rotor_speed4,reward
0.0,0.0,0.0,0.0,0.0,0.0,0.0,0.0,0.0,0.0,0.0,0.0,0.0,0.0,0.0,0.0,408.369,539.08466,391.86868,538.50104,0
0.06,-0.0021813395056659722,0.002552959265327226,0.006109731090022546,0.6167317475282541,0.5118174936522628,0.0,-0.13151323275152202,0.1517552941833074,0.18023881103898282,-4.41014369219922,4.999248900429992,1.9756246178981187,1.864341538850989,1.6932185792939447,0.0,360.4929,614.22485,322.00296,618.60864,1.0133225691228218
0.12000000000000001,-0.028522975737175254,0.022056551799541888,0.010800344252000918,3.070407205266754,2.473538165324177,0.0,-0.8413869645482436,0.35907941377091307,-0.13256566484547813,-14.425990341589438,-2.9174051947625834,-7.34168599557005,5.5511998435049845,4.9728453580503045,0.0,185.13594,837.16187,93.36884,842.767,1.0005989680859577
0.18,-0.09572713159549903,0.053225190030210444,0.001361946848450148,3.3175325019726554,1.7713411749368575,0.0,-0.9296199467179596,0.7059592105764914,-0.4378570958623498,21.66073144366202,0.7385396151076435,-11.879223047018558,14.12384929668467,13.226108228530663,0.0,75.44457,893.2527,19.986313,894.9907,0.9685363727295265
