time,x,y,z,phi,theta,psi,x_velocity,y_velocity,z_velocity,x_accel,y_accel,z_accel,phi_velocity,theta_velocity,psi_velocity,rotor_speed1,rotor_speed2,rotor_speed3,rotor_speed4,reward
0.0,0.0,0.0,0.0,0.0,0.0,0.0,0.0,0.0,0.0,0.0,0.0,0.0,0.0,0.0,0.0,371.49963,584.93835,419.34915,484.91336,0
0.06,-0.005474687827700742,0.00040135857245786853,0.004701452332362592,0.12626191652300367,1.3472070690567977,0.0,-0.32101531708120423,0.02226760814255056,0.09046218307136387,-10.389429211838463,0.6666741795466207,-1.3836672052303454,0.8123626746584974,2.783344428703339,0.0,269.41528,715.3038,228.51866,669.3783,1.0093746680240336
