time,x,y,z,phi,theta,psi,x_velocity,y_velocity,z_velocity,x_accel,y_accel,z_accel,phi_velocity,theta_velocity,psi_velocity,rotor_speed1,rotor_speed2,rotor_speed3,rotor_speed4,reward
0.0,0.0,0.0,0.0,0.0,0.0,0.0,0.0,0.0,0.0,0.0,0.0,0.0,0.0,0.0,0.0,317.6483,460.4128,553.0591,583.5135,0
0.06,-0.0018780663191881237,0.0001861405348268471,0.008118064480377855,0.047058672154903114,0.415199366479694,0.0,-0.1135017220599695,0.01143931626825269,0.26363979995717,-3.8174633565274028,0.392597383051834,4.086503654579714,0.47469854047738635,1.519308985212093,0.0,329.4593,574.8359,411.21283,581.0237,1.018265129619079
0.12000000000000001,-0.024189024593310456,0.003341312178308886,0.02409663358749259,0.9938579446615989,2.020181599824191,0.0,-0.7424959803208753,0.09522553904420707,0.10798539900236412,-14.154379374378564,0.7235999011618902,-8.896208403380278,2.7622582856106908,4.4723093752772805,0.0,183.29489,819.1766,118.96168,771.2386,1.024408950289349
0.18,-0.08284774183891777,-0.013108760752674952,0.005446968204859455,4.495880812208259,0.5369534248052368,0.0,-0.8681487657679867,-0.7874971484871629,-0.6818731945951586,8.082368539570558,-17.980995786444343,-10.903914707335668,10.29168586794919,12.453414106332517,0.0,39.386265,896.54926,10.583721,880.5901,0.9503705487516529
