time,x,y,z,phi,theta,psi,x_velocity,y_velocity,z_velocity,x_accel,y_accel,z_accel,phi_velocity,theta_velocity,psi_velocity,rotor_speed1,rotor_speed2,rotor_speed3,rotor_speed4,reward
0.0,0.0,0.0,0.0,0.0,0.0,0.0,0.0,0.0,0.0,0.0,0.0,0.0,0.0,0.0,0.0,376.3926,572.10583,407.62616,515.2021,0
0.06,-0.004684608739388027,0.0012109665444207962,0.005397224642888178,0.33478605623662894,1.119967084914819,0.0,-0.2773003118812859,0.06891221788410004,0.13009542919290326,-9.086001542626374,2.1409999802555117,-0.009171503650743705,1.3584009097324288,2.532606892976072,0.0,301.62546,675.95135,259.6361,655.6051,1.0112244233149326
0.12000000000000001,-0.03877755427557292,-0.00012091309114087878,0.005488343575778984,4.4073815503733265,5.163988328041157,0.0,-0.5291361182424833,-0.15073703861243234,-0.05928960858122206,10.614542453588307,-0.5589571770067964,1.7352384915250445,6.190028565546841,7.3016559890061785,0.0,39.843834,895.59784,16.158772,893.2141,0.9948617898688827
