time,x,y,z,phi,theta,psi,x_velocity,y_velocity,z_velocity,x_accel,y_accel,z_accel,phi_velocity,theta_velocity,psi_velocity,rotor_speed1,rotor_speed2,rotor_speed3,rotor_speed4,reward
0.0,0.0,0.0,0.0,0.0,0.0,0.0,0.0,0.0,0.0,0.0,0.0,0.0,0.0,0.0,0.0,322.23315,408.836,583.6238,603.7462,0
0.06,-0.0006320234318637511,9.388482838523364e-05,0.008731128479351747,0.024467464090924373,0.14277166175364453,0.0,-0.03857714599320865,0.005883598200455438,0.29020390967058873,-1.313227369831271,0.2065577940710738,4.799648385562305,0.3277916393833296,0.8673896114231936,0.0,329.8772,444.52057,546.38904,600.3802,1.019812745461587
0.12000000000000001,-0.008074893549448046,0.001732448995617084,0.03397581445639565,0.17996168986725003,0.457378824021065,0.0,-0.24762934855173707,0.06635040311617085,0.5403515708031806,-4.9224416502815584,1.672437597077062,3.7248397354391165,1.1723279549170655,2.0634853020513377,0.0,331.7237,579.0477,436.34906,592.95416,1.048129653521975
0.18,-0.03997613853296685,0.010255971885735385,0.06605204975181637,1.0720668572969672,2.100670022071416,0.0,-0.9260606146679158,0.18729370727300923,0.35573248225952003,-14.819266793557864,0.094896007323104,-9.710030844863487,3.332764727707125,5.021670078947146,0.0,216.67906,806.45874,195.23936,743.7453,1.052697841693796
0.23999999999999996,-0.10758665812589235,0.006620586210817559,0.05385260986360674,2.4088471785922234,5.553315934841459,0.0,-1.2143027005900224,-0.2134867239740315,-0.9326644624702207,-8.190237685590128,-1.4746103943978879,-27.26328599344305,9.937556431193215,12.470701328039514,0.0,166.9432,880.7616,55.128483,814.2129,0.9551048352521398
