time,x,y,z,phi,theta,psi,x_velocity,y_velocity,z_velocity,x_accel,y_accel,z_accel,phi_velocity,theta_velocity,psi_velocity,rotor_speed1,rotor_speed2,rotor_speed3,rotor_speed4,reward
0.0,0.0,0.0,0.0,0.0,0.0,0.0,0.0,0.0,0.0,0.0,0.0,0.0,0.0,0.0,0.0,360.23923,606.1428,440.89795,461.1682,0
0.06,-0.007078037389950666,3.227314623558907e-05,0.003692457763465967,0.01551186375308955,1.8109189573456081,0.0,-0.4047352433314003,0.0016471464996141451,0.007729184063780439,-12.660049774978361,0.04285312188208823,-4.869410682545425,0.25089870009085324,3.236346236554633,0.0,169.77554,827.5517,109.6086,765.4143,1.0062288928347825
