time,x,y,z,phi,theta,psi,x_velocity,y_velocity,z_velocity,x_accel,y_accel,z_accel,phi_velocity,theta_velocity,psi_velocity,rotor_speed1,rotor_speed2,rotor_speed3,rotor_speed4,reward
0.0,0.0,0.0,0.0,0.0,0.0,0.0,0.0,0.0,0.0,0.0,0.0,0.0,0.0,0.0,0.0,362.19836,608.1624,440.42035,453.4136,0
0.06,-0.007094386691821941,1.321414756474025e-05,0.0035567545186200597,0.0074231483705293755,1.826350528188442,0.0,-0.40527080080657796,0.000688730228674998,0.001926781229839497,-12.659343330938498,0.01861939823877422,-5.020127723838071,0.15939459230227465,3.250355514903692,0.0,216.98808,788.5469,148.4818,707.1425,1.0058995303601996
