time,x,y,z,phi,theta,psi,x_velocity,y_velocity,z_velocity,x_accel,y_accel,z_accel,phi_velocity,theta_velocity,psi_velocity,rotor_speed1,rotor_speed2,rotor_speed3,rotor_speed4,reward
0.0,0.0,0.0,0.0,0.0,0.0,0.0,0.0,0.0,0.0,0.0,0.0,0.0,0.0,0.0,0.0,456.37073,321.44012,619.6099,643.315,0
0.06,-0.0018808314422306667,0.00016321102185190827,0.012207518050994948,0.036323380561358753,0.31479024021900326,0.0,-0.11132942646668387,0.010103414095048198,0.40142575955475723,-3.647628379424624,0.34972850249884424,6.453406663760602,0.41064234376186115,-1.4357908814051719,0.0,512.93823,408.51566,522.52765,646.64685,1.0275893379680794
0.12000000000000001,-0.01892307892310671,0.005278793597797419,0.046376388865610775,0.7497287097936205,0.47314559720265237,0.0,-0.48115732534519046,0.250916254914499,0.7026411051504211,-7.045944015713887,7.369141115517644,3.5781491416335154,2.383979906505902,-2.709056807587801,0.0,488.53702,503.81934,405.60242,734.443,1.0639221523003932
0.18,-0.061744065592359614,0.037377353803677744,0.07367717928756548,5.002487777975691,0.33154688767450136,0.0,-0.9256539315879627,0.5644452243111356,-0.1425658935373006,-6.637672113874473,-8.208546167210343,-24.362056606552287,7.286389477125165,-2.4103154211485096,0.0,440.81677,721.19867,174.43858,858.8126,1.0312597440329494
0.23999999999999996,-0.1403084133593076,0.04739943634135346,0.050078522874863356,4.43628382176842,3.6533921034415435,0.0,-1.7654957196762504,-0.1791045351434069,-0.8330953913403694,-12.701455461325905,-16.332223919988284,-17.964554094608296,15.527476688345555,2.0901479226873665,0.0,809.61566,391.34933,322.35968,874.2703,0.9396264061332875
0.3,-0.2373992296010676,0.058998942777496496,0.004761438334963661,3.439820873566477,5.262991562970912,0.0,-1.7671877263572662,0.01655469050053454,-0.60331916294925,-9.880136379317788,-20.12335625279438,1.707427678298636,20.527195632477046,-4.797013127181806,0.0,857.32404,475.0256,221.43958,889.4729,0.9042452456704422
