time,x,y,z,phi,theta,psi,x_velocity,y_velocity,z_velocity,x_accel,y_accel,z_accel,phi_velocity,theta_velocity,psi_velocity,rotor_speed1,rotor_speed2,rotor_speed3,rotor_speed4,reward
0.0,0.0,0.0,0.0,0.0,0.0,0.0,0.0,0.0,0.0,0.0,0.0,0.0,0.0,0.0,0.0,317.0416,460.16043,553.4554,584.87787,0
0.06,-0.0018859025598694638,0.0001987403255667663,0.008154897509373807,0.04992229857670427,0.416295860099992,0.0,-0.11397211124246145,0.01220130525826999,0.26481047985923006,-3.83315194351095,0.4182470804533335,4.103495120756833,0.4905277109961246,1.5213899367383203,0.0,326.05685,578.549,408.3596,587.8216,1.0183471431059772
0.12000000000000001,-0.02452806226266241,0.003454181870751136,0.023920002339248934,1.1092233834397511,2.1098547319159184,0.0,-0.7543915111932427,0.09030249485208017,0.08914391967671148,-14.314617439168435,0.20297625393416888,-9.590808967806602,2.916490116092794,4.561130415309932,0.0,162.93477,833.6644,106.47737,792.96216,1.0236931853834794
0.18,-0.08729464794669388,-0.012274851606870911,0.011798470215941834,5.800513830955543,1.665923056071355,0.0,-0.8444523644507493,-0.5396592205875563,-0.3663084422020057,19.45554891746669,-3.782576214618097,-4.970811265678004,10.897120648708587,12.917056707963756,0.0,81.32774,877.8862,50.42155,849.7674,0.9668034813075224
