time,x,y,z,phi,theta,psi,x_velocity,y_velocity,z_velocity,x_accel,y_accel,z_accel,phi_velocity,theta_velocity,psi_velocity,rotor_speed1,rotor_speed2,rotor_speed3,rotor_speed4,reward
0.0,0.0,0.0,0.0,0.0,0.0,0.0,0.0,0.0,0.0,0.0,0.0,0.0,0.0,0.0,0.0,316.12177,454.39645,560.41675,586.70233,0
0.06,-0.0017405503691044508,0.0001435036115903282,0.008291958139114217,0.03678636312097172,0.38328335207954733,0.0,-0.1052773021977339,0.008867723081040089,0.27046074119953323,-3.544421742068916,0.30632020210218613,4.245304893547645,0.4135833587572446,1.457488025908951,0.0,322.72528,559.14526,448.16656,581.26434,1.0186844937691348
0.12000000000000001,-0.022739032637135528,0.002800933552924193,0.02622885149504014,0.6778510038535481,1.8137362889440887,0.0,-0.7092429394519155,0.09261505844934484,0.18966936340164287,-13.962262167009651,1.4573802228321422,-6.8352194805274795,2.2769972862801975,4.235518551967758,0.0,201.6293,796.9589,182.20676,735.35724,1.029156046009265
0.18,-0.07727221839248692,0.004863291859828837,0.007013336457185833,2.0365290703817873,5.286681796738467,0.0,-1.0365160689707746,0.07458269282295144,-0.9553609534635679,-12.811928690783075,4.5511977948146045,-22.716436977851544,8.922350605608393,11.714097024646941,0.0,24.226461,895.99585,17.09771,887.037,0.9444160473105158
