time,x,y,z,phi,theta,psi,x_velocity,y_velocity,z_velocity,x_accel,y_accel,z_accel,phi_velocity,theta_velocity,psi_velocity,rotor_speed1,rotor_speed2,rotor_speed3,rotor_speed4,reward
0.0,0.0,0.0,0.0,0.0,0.0,0.0,0.0,0.0,0.0,0.0,0.0,0.0,0.0,0.0,0.0,359.43616,598.9917,448.95596,462.26144,0
0.06,-0.006715024768396364,1.5630740213243606e-05,0.004038026354562862,0.007943470720587875,1.6934694158585337,0.0,-0.38673881851072495,0.0008513414700345486,0.03245671236474053,-12.217849467313462,0.024773759719482136,-3.894039920520077,0.16639667680472087,3.127704370873875,0.0,221.82034,780.9642,149.04813,726.47174,1.007245770214431
