time,x,y,z,phi,theta,psi,x_velocity,y_velocity,z_velocity,x_accel,y_accel,z_accel,phi_velocity,theta_velocity,psi_velocity,rotor_speed1,rotor_speed2,rotor_speed3,rotor_speed4,reward
0.0,0.0,0.0,0.0,0.0,0.0,0.0,0.0,0.0,0.0,0.0,0.0,0.0,0.0,0.0,0.0,321.84988,497.13336,529.53894,568.689,0
0.06,-0.003074320372856043,0.00027318430292391717,0.007686730208935431,0.06971739969971846,0.6805197555162366,0.0,-0.18455106444834746,0.01646768231071683,0.23753759415237735,-6.155528901485951,0.5521154159939693,3.1366003001771117,0.5894815162723175,1.9613141208684237,0.0,298.9064,653.9727,345.99094,610.77325,1.0170415598030054
0.12000000000000001,-0.03252295269565916,-0.00288675012344157,0.013559119919958156,2.1305866354879726,4.211170675828676,0.0,-0.682492288868945,-0.3330713890719831,-0.22436570389131724,-0.9537250106232263,-15.023898892140567,-11.73827802019947,4.015215388725329,6.424240469783548,0.0,50.23878,889.4523,32.248283,877.92706,1.0013356375376306
