time,x,y,z,phi,theta,psi,x_velocity,y_velocity,z_velocity,x_accel,y_accel,z_accel,phi_velocity,theta_velocity,psi_velocity,rotor_speed1,rotor_speed2,rotor_speed3,rotor_speed4,reward
0.0,0.0,0.0,0.0,0.0,0.0,0.0,0.0,0.0,0.0,0.0,0.0,0.0,0.0,0.0,0.0,357.63513,595.378,452.4802,466.43686,0
0.06,-0.006589614712407248,1.7867873707627233e-05,0.004204262732306097,0.008684551450143019,1.6502880350574571,0.0,-0.38046251399796804,0.0009821050293843633,0.04252760103850543,-12.060651768829482,0.028988192934759165,-3.532563862433569,0.17601109799638837,3.0868180707563875,0.0,236.96754,758.73706,172.395,713.38,1.0077027367199989
