time,x,y,z,phi,theta,psi,x_velocity,y_velocity,z_velocity,x_accel,y_accel,z_accel,phi_velocity,theta_velocity,psi_velocity,rotor_speed1,rotor_speed2,rotor_speed3,rotor_speed4,reward
0.0,0.0,0.0,0.0,0.0,0.0,0.0,0.0,0.0,0.0,0.0,0.0,0.0,0.0,0.0,0.0,407.0981,542.935,390.18686,538.41907,0
0.06,-0.002367377330632962,0.0025885224069287535,0.006100644486266441,0.6274863919882723,0.55404904737106,0.0,-0.14257912540560175,0.15350888340280222,0.17783994225406885,-4.7749910788377266,5.041860237888281,1.8443735448379037,1.8810307698369602,1.7640331354792909,0.0,355.93085,625.12756,304.0373,628.91504,1.013258791617759
0.12000000000000001,-0.030297057373535302,0.020987752459943592,0.010594505224362158,3.4963206715555177,2.7705498036392058,0.0,-0.8614157142722629,0.309202214086848,-0.08920349089209197,-13.424729289307656,-3.7511719677433257,-3.9958783171773113,5.885606673324068,5.261317836181153,0.0,169.98692,852.7688,61.581863,857.88965,1.0009350888756263
0.18,-0.10045857884034809,0.05160049984843852,0.007161544295031514,4.67778012122243,3.0562487383205053,0.0,-1.1906420120280214,0.7845351959567801,-0.11713628731011326,13.362097722167535,12.778839972272172,2.9459786603796756,14.766712678076296,13.854631913924166,0.0,159.01598,857.6541,65.95042,860.2496,0.9833380042279563
