time,x,y,z,phi,theta,psi,x_velocity,y_velocity,z_velocity,x_accel,y_accel,z_accel,phi_velocity,theta_velocity,psi_velocity,rotor_speed1,rotor_speed2,rotor_speed3,rotor_speed4,reward
0.0,0.0,0.0,0.0,0.0,0.0,0.0,0.0,0.0,0.0,0.0,0.0,0.0,0.0,0.0,0.0,315.22055,435.06607,574.2251,588.744,0
0.06,-0.0012473695250849884,4.734352204016653e-05,0.008373900549589829,0.013583767653607914,0.27714088831462114,0.0,-0.07567600725808833,0.003008504719275565,0.27606729859729706,-2.5572767316441536,0.10727904884525105,4.4655221929060405,0.23170539051746813,1.2307650857181325,0.0,324.35696,508.6255,501.36435,575.06836,1.018941287818919
0.12000000000000001,-0.016161582722971152,0.001338237193966658,0.03014041714065949,0.24489510187547392,1.0957168382003806,0.0,-0.507791641915693,0.05835188088117661,0.3950789243772734,-10.363803636534449,1.5605114155493407,-0.2192086416628775,1.315200655787567,3.284601195991714,0.0,279.1922,698.3298,327.2951,613.0599,1.039502983155143
0.18,-0.06045331995072418,-0.0017885933317417335,0.0386023766100306,2.546339634590179,6.002030560326704,0.0,-0.5779335262988023,-0.23314973730400212,-0.19560629573180324,15.301998438742393,-3.5471735232344983,-9.019470877798062,4.905911017700289,8.534939810390004,0.0,38.9152,895.39435,30.697971,867.18756,1.0034110936915672
