time,x,y,z,phi,theta,psi,x_velocity,y_velocity,z_velocity,x_accel,y_accel,z_accel,phi_velocity,theta_velocity,psi_velocity,rotor_speed1,rotor_speed2,rotor_speed3,rotor_speed4,reward
0.0,0.0,0.0,0.0,0.0,0.0,0.0,0.0,0.0,0.0,0.0,0.0,0.0,0.0,0.0,0.0,321.65573,506.69495,522.5566,564.15955,0
0.06,-0.0034724578780178754,0.00029553120404989257,0.007467179028545686,0.07643599909799548,0.7724941805575485,0.0,-0.20792164783548106,0.01767822943501317,0.22493734075638736,-6.912978892616394,0.5870391975012564,2.695304051742524,0.6198008124024136,2.0934624647505524,0.0,285.2927,678.684,321.80975,620.62537,1.0164392299944771
0.12000000000000001,-0.031975250400219146,-0.00511827374469297,0.01114287759593703,2.6020584919386742,5.150933526405797,0.0,-0.478454896232653,-0.37463133357330314,-0.21738443168158952,8.969070566852354,-12.389944300026958,-7.372859645803843,4.4232310061391535,7.081926647723041,0.0,21.488312,897.08417,13.247406,891.55896,0.997719266644226
