time,x,y,z,phi,theta,psi,x_velocity,y_velocity,z_velocity,x_accel,y_accel,z_accel,phi_velocity,theta_velocity,psi_velocity,rotor_speed1,rotor_speed2,rotor_speed3,rotor_speed4,reward
0.0,0.0,0.0,0.0,0.0,0.0,0.0,0.0,0.0,0.0,0.0,0.0,0.0,0.0,0.0,0.0,428.2966,486.2926,467.79605,483.94226,0
0.06,-0.00039898592638666186,3.608933461652706e-05,0.00595166839365063,0.011630787406096132,0.10263592107999031,0.0,-0.024438523718827904,0.0023117146536156966,0.1980158865110627,-0.8354244629454379,0.0831552624798596,3.2836331507532446,0.2108796445471495,0.7269513203820778,0.0,408.47974,503.8044,480.2758,501.17612,1.0135111523151654
0.12000000000000001,-0.005623439047437917,0.0005728883254385311,0.024240098699591345,0.0430038829112247,0.400410935264472,0.0,-0.1837260595713039,0.018798895123500213,0.40461501824524465,-3.9408939223980077,0.39822134002924847,3.1576767063045934,0.4912659130730434,1.9028784337013733,0.0,339.15372,572.8771,521.1244,567.6649,1.0352966468880405
0.18,-0.03309765702765209,0.0028438907930312717,0.05152328720499784,0.16530743263068715,1.888186279641424,0.0,-0.8555670647198782,0.052980977602425455,0.3493274967537624,-15.33348238579833,0.3226971466819274,-7.14025849101753,1.1797332847578639,4.7127077044713594,0.0,101.35389,809.4856,699.591,801.52496,1.0465318830950658
0.23999999999999996,-0.10420033378527462,0.008022599056575215,0.05707959060242829,0.9780662690392772,0.558227266835349,0.0,-1.0277280148650232,-0.07443170289498469,-0.30472656977257917,10.868096284349097,-15.943060124094073,-28.67245339115949,3.2296778081784403,12.744278547096336,0.0,32.70508,880.69714,787.37067,875.52515,0.9953736943347338
0.3,-0.1699421771980157,0.026034135446134053,0.03690337868808609,1.7566160583855357,4.412367362931201,0.0,-1.3495681313258854,0.24826522177169238,-0.5819858389173094,-31.180684096237012,-9.131680925547416,-10.475333310501057,5.041717029928404,20.124976553321197,0.0,23.646389,888.79816,805.94434,884.79095,0.9494766528806662
