time,x,y,z,phi,theta,psi,x_velocity,y_velocity,z_velocity,x_accel,y_accel,z_accel,phi_velocity,theta_velocity,psi_velocity,rotor_speed1,rotor_speed2,rotor_speed3,rotor_speed4,reward
0.0,0.0,0.0,0.0,0.0,0.0,0.0,0.0,0.0,0.0,0.0,0.0,0.0,0.0,0.0,0.0,336.18796,558.59357,482.4615,513.3183,0
0.06,-0.0054176504236741144,0.00011670172316387825,0.0056339856870546755,0.038037252659581355,1.282056415718543,0.0,-0.31858882945596034,0.006658320747378524,0.1257630754777734,-10.350036150011736,0.2076197481436937,-0.6141742276414891,0.4214399975965815,2.7137757425472118,0.0,259.85852,710.15936,233.0026,675.29297,1.0115781038835745
0.12000000000000001,-0.035956673216609614,-0.00926367236253469,0.000349757971552205,5.066681905453704,0.649690957656949,0.0,-0.2971768578796228,-0.348807097343269,-0.4555877700517573,14.578118900430553,-2.0341546005243054,-16.709671405614138,5.839260121032407,8.387305634934723,0.0,26.354618,894.48834,14.96726,888.0489,0.9789496989220796
