time,x,y,z,phi,theta,psi,x_velocity,y_velocity,z_velocity,x_accel,y_accel,z_accel,phi_velocity,theta_velocity,psi_velocity,rotor_speed1,rotor_speed2,rotor_speed3,rotor_speed4,reward
0.0,0.0,0.0,0.0,0.0,0.0,0.0,0.0,0.0,0.0,0.0,0.0,0.0,0.0,0.0,0.0,351.28244,588.9196,458.74362,478.62573,0
0.06,-0.00648307861419729,3.783171924410425e-05,0.00445982481898275,0.01601581239362737,1.605967405840138,0.0,-0.37524025809691824,0.0020594970256829844,0.05526513663332673,-11.935322821775644,0.05988297881596322,-3.1398780856927604,0.2557233418078834,3.044292937135891,0.0,243.012,734.72437,198.44208,710.1738,1.008356275785742
