time,x,y,z,phi,theta,psi,x_velocity,y_velocity,z_velocity,x_accel,y_accel,z_accel,phi_velocity,theta_velocity,psi_velocity,rotor_speed1,rotor_speed2,rotor_speed3,rotor_speed4,reward
0.0,0.0,0.0,0.0,0.0,0.0,0.0,0.0,0.0,0.0,0.0,0.0,0.0,0.0,0.0,0.0,321.42603,495.8214,530.3931,570.02734,0
0.06,-0.0030348850493692337,0.00028164712707135723,0.0077224587514895335,0.07156312188260827,0.6711138050054775,0.0,-0.18222948805050446,0.016982045548676408,0.23921160775805,-6.079998980364751,0.5695355984723374,3.185666390667525,0.5979500142289395,1.9473093580558252,0.0,304.88736,652.663,342.5403,603.4074,1.0171319336006766
0.12000000000000001,-0.032428652386978035,-0.002392480214543389,0.013742009217012269,2.031294183795385,4.097627017965662,0.0,-0.7017609517364859,-0.3120028738308763,-0.2333766344833405,-2.1625239191074006,-14.599532237589978,-12.679532894173615,3.935121671852024,6.341304134598036,0.0,52.21082,889.74005,28.479021,876.7992,1.0014426234366482
