time,x,y,z,phi,theta,psi,x_velocity,y_velocity,z_velocity,x_accel,y_accel,z_accel,phi_velocity,theta_velocity,psi_velocity,rotor_speed1,rotor_speed2,rotor_speed3,rotor_speed4,reward
0.0,0.0,0.0,0.0,0.0,0.0,0.0,0.0,0.0,0.0,0.0,0.0,0.0,0.0,0.0,0.0,327.50797,402.881,581.86725,609.2685,0
0.06,-0.0004815519718037596,0.00017271599653017166,0.008826067504605996,0.04235784192379555,0.10997134894277227,0.0,-0.02947270537795406,0.010707090752488359,0.2936508500418621,-1.0065729738371554,0.37124181511119775,4.869596179004555,0.44764506350583777,0.7544290263300921,0.0,332.04675,432.45645,548.8373,612.5308,1.0200361174920345
0.12000000000000001,-0.006251672023370738,0.002869551011247709,0.034666257808674925,0.25830769578156687,0.35526628276847294,0.0,-0.19304585030650245,0.1047173724189551,0.5589335868443237,-3.8693540283686385,2.5305616907396455,4.0630447863747525,1.4542089903203563,1.7911932110388096,0.0,329.68872,547.6225,441.7708,628.0354,1.0494597004820085
0.18,-0.032010101134116925,0.017963652797153673,0.06961933792544013,1.5747222872481226,1.5772173468707376,0.0,-0.7800292782476111,0.42109184257894255,0.4579047516229986,-13.797126985797197,5.289326236066761,-7.346214142374008,4.109345141366226,4.316388102591159,0.0,260.16913,781.33813,190.50873,744.30896,1.0591923807799026
0.23999999999999996,-0.08980692243915893,0.045838520452061354,0.0819875989248223,2.7766458336324646,3.437228050391873,0.0,-1.1066961256520005,0.5778652095800778,0.07246744824084386,-16.04814971710531,5.10834452350805,-0.9474860082811425,10.630172700322731,11.12361333420244,0.0,236.90076,850.14966,104.46287,781.4619,1.011507939748608
0.3,-0.15567842762936576,0.061351624883423925,0.09497634986540326,3.330327145620693,5.4271825442644435,0.0,-1.1417596860984862,-0.24319211197443497,0.08660431971667926,2.1967650403245305,-20.85639356538724,-11.553903969315792,16.635654340714403,17.77823820855474,0.0,365.19962,767.8229,193.56921,691.5973,1.0116500250163054
0.36000000000000004,-0.2081586960434835,0.033003371631509494,0.0626500066677197,5.058233816053619,0.7547119134419269,0.0,-0.8587108918975488,-0.9069833320563396,-1.0457703486046785,-4.811804457786603,-17.677332080958063,-12.901255102832524,18.64443269771198,19.50155385372316,0.0,33.428707,885.84625,54.023945,888.0451,0.911367560721499
