time,x,y,z,phi,theta,psi,x_velocity,y_velocity,z_velocity,x_accel,y_accel,z_accel,phi_velocity,theta_velocity,psi_velocity,rotor_speed1,rotor_speed2,rotor_speed3,rotor_speed4,reward
0.0,0.0,0.0,0.0,0.0,0.0,0.0,0.0,0.0,0.0,0.0,0.0,0.0,0.0,0.0,0.0,351.45035,590.07275,458.003,477.79596,0
0.06,-0.006539882160108257,3.7047268590637286e-05,0.004407982792554206,0.015850745887426854,1.6233914738069624,0.0,-0.3781628641667219,0.002007926384555776,0.05167105218602827,-12.0125094122335,0.05797630736508999,-3.279754943308221,0.25415124562596586,3.0610802506628576,0.0,239.58287,739.2251,193.50475,714.59796,1.0082056564569328
