time,x,y,z,phi,theta,psi,x_velocity,y_velocity,z_velocity,x_accel,y_accel,z_accel,phi_velocity,theta_velocity,psi_velocity,rotor_speed1,rotor_speed2,rotor_speed3,rotor_speed4,reward
0.0,0.0,0.0,0.0,0.0,0.0,0.0,0.0,0.0,0.0,0.0,0.0,0.0,0.0,0.0,0.0,371.48453,589.0645,430.2491,467.57065,0
0.06,-0.0056808739028513045,0.00012696615159409842,0.004488074923860622,0.04439503347334384,1.4102447979482973,0.0,-0.3321287579717733,0.0070603627042008415,0.07791573460757101,-10.707472090754738,0.21211182382981705,-1.8276607627501213,0.45954114048429884,2.849073173693335,0.0,240.84456,748.9559,197.6313,690.8954,1.0088035957103938
