time,x,y,z,phi,theta,psi,x_velocity,y_velocity,z_velocity,x_accel,y_accel,z_accel,phi_velocity,theta_velocity,psi_velocity,rotor_speed1,rotor_speed2,rotor_speed3,rotor_speed4,reward
0.0,0.0,0.0,0.0,0.0,0.0,0.0,0.0,0.0,0.0,0.0,0.0,0.0,0.0,0.0,0.0,371.37585,588.03754,426.58105,472.25223,0
0.06,-0.005629314373179279,0.00019031106709032063,0.0045244077542614175,0.06406685118033639,1.3954714246109887,0.0,-0.32934510700886654,0.01055193963330816,0.08049161683213069,-10.627597092716794,0.31561780477231044,-1.725792225527928,0.5628395911880715,2.833803113128801,0.0,249.0307,739.7672,206.00574,684.8165,1.0089079913036085
