time,x,y,z,phi,theta,psi,x_velocity,y_velocity,z_velocity,x_accel,y_accel,z_accel,phi_velocity,theta_velocity,psi_velocity,rotor_speed1,rotor_speed2,rotor_speed3,rotor_speed4,reward
0.0,0.0,0.0,0.0,0.0,0.0,0.0,0.0,0.0,0.0,0.0,0.0,0.0,0.0,0.0,0.0,355.285,594.12866,453.44083,470.13348,0
0.06,-0.006606710584674897,2.5457099170675365e-05,0.004224414550094907,0.011692663287492522,1.652974547054976,0.0,-0.38139124285195514,0.0013820349419849023,0.04278176552287749,-12.087566752209392,0.04000987272217927,-3.546281388504922,0.21156379911854756,3.0893772664276886,0.0,235.50002,755.55707,176.12102,716.5406,1.0077407462385306
