time,x,y,z,phi,theta,psi,x_velocity,y_velocity,z_velocity,x_accel,y_accel,z_accel,phi_velocity,theta_velocity,psi_velocity,rotor_speed1,rotor_speed2,rotor_speed3,rotor_speed4,reward
0.0,0.0,0.0,0.0,0.0,0.0,0.0,0.0,0.0,0.0,0.0,0.0,0.0,0.0,0.0,0.0,435.156,518.4877,443.60037,495.19296,0
0.06,-0.0009122353419061448,0.00034230781350779783,0.006647034866412898,0.08675854111098502,0.21915124280932297,0.0,-0.055459843190517125,0.020966403379220084,0.21954559817526675,-1.8788998845234224,0.7167107196720119,3.5693359103597797,0.6639127782319888,1.088138657548383,0.0,395.19858,535.54144,473.8799,519.30054,1.0150328694834014
0.12000000000000001,-0.012358945410618334,0.0040862449779833455,0.025788844213587642,0.2006792797193082,0.8320006555483976,0.0,-0.3945406163005517,0.11210654704064549,0.386594983636473,-8.195294943893431,1.811875284726901,1.4921546253633462,1.2730377950482938,2.8409805636117995,0.0,256.30103,671.5368,552.56964,645.4606,1.0356060652437895
0.18,-0.05501251281676595,0.009157680271925941,0.03357660776708343,0.6741009583803432,5.255030129479682,0.0,-0.6793377899990617,-0.06698180941211651,-0.4525279380918361,12.341307330704117,-6.797347046449779,-21.949562784223392,2.7569136000847574,7.8281469538650885,0.0,7.237174,900.0,861.65106,900.0,0.9977853631103838
0.23999999999999996,-0.040225353329145064,0.017156548576308085,0.004408430032233196,0.963891751018787,1.7718811501081504,0.0,1.0919691500868849,-0.08068471369808422,-0.9341826184790099,24.363497958366846,-19.63636486402144,-26.577423556238998,3.5616818933028314,17.184445519035204,0.0,12.911469,897.3328,826.5423,892.03,0.9382110454415802
