time,x,y,z,phi,theta,psi,x_velocity,y_velocity,z_velocity,x_accel,y_accel,z_accel,phi_velocity,theta_velocity,psi_velocity,rotor_speed1,rotor_speed2,rotor_speed3,rotor_speed4,reward
0.0,0.0,0.0,0.0,0.0,0.0,0.0,0.0,0.0,0.0,0.0,0.0,0.0,0.0,0.0,0.0,331.92453,546.0485,493.25314,526.21405,0
0.06,-0.004940487186633433,0.00014660805446464322,0.006138603988416891,0.04462063536318617,1.1477990453118485,0.0,-0.29213320900827594,0.00850726998048867,0.15404356350003146,-9.558772709037115,0.2715251123750423,0.3539764287543824,0.4608424168465629,2.5646043417946407,0.0,253.15092,715.6688,256.37064,668.99536,1.0129307038841397
0.12000000000000001,-0.03359318737826465,-0.008768708519691007,0.0028431323633095456,4.599223675885318,0.8259320945485307,0.0,-0.27632967358410354,-0.3063449449997743,-0.46489204037317455,14.068448741414851,0.25023595213015076,-18.1712192929615,5.611397814923318,8.402844300511546,0.0,39.925987,890.2372,31.460394,876.4368,0.9820452187593401
