time,x,y,z,phi,theta,psi,x_velocity,y_velocity,z_velocity,x_accel,y_accel,z_accel,phi_velocity,theta_velocity,psi_velocity,rotor_speed1,rotor_speed2,rotor_speed3,rotor_speed4,reward
0.0,0.0,0.0,0.0,0.0,0.0,0.0,0.0,0.0,0.0,0.0,0.0,0.0,0.0,0.0,0.0,431.21277,511.718,449.24295,494.59097,0
0.06,-0.0008279795748502091,0.00026702800306340076,0.006496025351286848,0.06913898391488704,0.20094400851477978,0.0,-0.05037655110009254,0.016408955701354387,0.2149045721796377,-1.7082923953814177,0.5631016699430771,3.509370986378826,0.5868040961195605,1.0395475713926783,0.0,394.53784,530.657,476.61057,517.8982,1.0147022373855925
0.12000000000000001,-0.011334447583246166,0.003271252715751367,0.025516482866869358,0.16697058408469445,0.7745521190525242,0.0,-0.36440963634957946,0.09151587009206097,0.39165896920516174,-7.640290373854766,1.5325902442159252,1.8321889443379464,1.1424565326954517,2.7313085047999195,0.0,264.65335,659.5922,549.9397,637.3179,1.0356477062352976
0.18,-0.05365487631718918,0.007659310635648772,0.03523318488111598,0.584665389685556,4.7767316845014065,0.0,-0.7876793010954904,-0.07042629331253197,-0.44396812443949624,6.645510358478008,-7.223162950409559,-25.17765786527373,2.5304200424940095,7.4666044901360955,0.0,8.882178,900.0,849.589,897.5722,1.0014690751037894
