time,x,y,z,phi,theta,psi,x_velocity,y_velocity,z_velocity,x_accel,y_accel,z_accel,phi_velocity,theta_velocity,psi_velocity,rotor_speed1,rotor_speed2,rotor_speed3,rotor_speed4,reward
0.0,0.0,0.0,0.0,0.0,0.0,0.0,0.0,0.0,0.0,0.0,0.0,0.0,0.0,0.0,0.0,431.5152,512.58875,448.6442,494.83328,0
0.06,-0.0008424050431728334,0.00027684105621544734,0.006517629026531371,0.07145266435256215,0.2041160239126354,0.0,-0.051247016499296,0.017003451135703666,0.2155642611206824,-1.7375136295151168,0.5831561946391567,3.5176897942525494,0.5974455152539764,1.0481662562596454,0.0,394.1279,531.4238,476.4071,518.3037,1.0147494121473601
0.12000000000000001,-0.011521427282536878,0.003377911769666969,0.025546915251978143,0.17160729707450084,0.7870326300847772,0.0,-0.37022807000282576,0.0942044864068963,0.3903844118039622,-7.756303548246782,1.5685198420354884,1.7633614976369734,1.161244179728174,2.7549051540471563,0.0,262.325,662.1747,550.15234,639.21906,1.0356165395949517
0.18,-0.05386927738496451,0.0077757246645889415,0.034778283942715746,0.60447255962747,4.884117815877383,0.0,-0.7619467799802105,-0.07334685752592197,-0.4497139008468565,7.994537035414482,-7.223984000720209,-24.608244562049258,2.577987962284749,7.548190789917978,0.0,8.501295,900.0,851.4118,898.2297,1.0005130374908804
