time,x,y,z,phi,theta,psi,x_velocity,y_velocity,z_velocity,x_accel,y_accel,z_accel,phi_velocity,theta_velocity,psi_velocity,rotor_speed1,rotor_speed2,rotor_speed3,rotor_speed4,reward
0.0,0.0,0.0,0.0,0.0,0.0,0.0,0.0,0.0,0.0,0.0,0.0,0.0,0.0,0.0,0.0,362.3292,610.51324,439.08243,448.82,0
0.06,-0.007194347117119216,7.2806337541387445e-06,0.0033662924526197363,0.004721199045479629,1.8678843159870233,0.0,-0.4098716945353388,0.0003816764299726563,-0.008837526721696853,-12.754509297352373,0.010424147862602364,-5.386792329181661,0.11867481230776986,3.2877698928929227,0.0,195.04744,798.47015,139.18956,724.18964,1.0053905004044597
