time,x,y,z,phi,theta,psi,x_velocity,y_velocity,z_velocity,x_accel,y_accel,z_accel,phi_velocity,theta_velocity,psi_velocity,rotor_speed1,rotor_speed2,rotor_speed3,rotor_speed4,reward
0.0,0.0,0.0,0.0,0.0,0.0,0.0,0.0,0.0,0.0,0.0,0.0,0.0,0.0,0.0,0.0,375.66446,572.83295,408.6437,511.98416,0
0.06,-0.004735581038332779,0.0011055258679604318,0.005319700171633875,0.30863916654374535,1.1361985230846408,0.0,-0.2801436601110053,0.0628269361136285,0.12681060610976536,-9.17182191249345,1.948205538621057,-0.09463954448176465,1.301990784778504,2.5513154334219794,0.0,304.07498,672.2421,264.728,648.4047,1.0110388842551903
0.12000000000000001,-0.03936748650598086,-0.0011735413974975606,0.0041566994379938485,4.128181198565736,5.042466749179042,0.0,-0.5585039118498233,-0.20561821320945306,-0.0906094819379544,9.5764773068729,-3.022840873895013,2.0505873307549787,5.978260952589695,7.233432608323131,0.0,49.856083,892.0048,21.630268,887.77405,0.9921913504176623
