time,x,y,z,phi,theta,psi,x_velocity,y_velocity,z_velocity,x_accel,y_accel,z_accel,phi_velocity,theta_velocity,psi_velocity,rotor_speed1,rotor_speed2,rotor_speed3,rotor_speed4,reward
0.0,0.0,0.0,0.0,0.0,0.0,0.0,0.0,0.0,0.0,0.0,0.0,0.0,0.0,0.0,0.0,331.27777,544.66266,494.31177,528.2017,0
0.06,-0.004896142631958193,0.00015653668392701906,0.00619831949050895,0.04715370582562883,1.134991805856493,0.0,-0.2896544470158105,0.009090231072138738,0.15704851426631536,-9.483726946290306,0.2904256205928578,0.44810831381794286,0.47523091704167075,2.54992890510338,0.0,251.83324,716.47266,259.18655,669.16486,1.0130844426709231
0.12000000000000001,-0.03332752685850209,-0.00868136673556247,0.003156333467562066,4.572885853388076,0.8622831582023149,0.0,-0.2742226246032882,-0.30263318949165413,-0.4662428467397761,13.916869217990687,0.40544605601064765,-18.477497217527873,5.6086375994615665,8.413539812901334,0.0,37.851303,890.86365,31.33624,877.7895,0.9824424843427257
