time,x,y,z,phi,theta,psi,x_velocity,y_velocity,z_velocity,x_accel,y_accel,z_accel,phi_velocity,theta_velocity,psi_velocity,rotor_speed1,rotor_speed2,rotor_speed3,rotor_speed4,reward
0.0,0.0,0.0,0.0,0.0,0.0,0.0,0.0,0.0,0.0,0.0,0.0,0.0,0.0,0.0,0.0,351.06918,583.2722,462.34668,482.05472,0
0.06,-0.006184033794821839,3.9417628794861684e-05,0.004715415760527197,0.01598036817116988,1.516663857238691,0.0,-0.35963999822601855,0.0021941509573755948,0.073160941716539,-11.512915379896796,0.06601724981601541,-2.4390257097071117,0.2553864602930562,2.956786590225418,0.0,260.41525,716.72046,215.18735,689.6209,1.0091025849550825
