time,x,y,z,phi,theta,psi,x_velocity,y_velocity,z_velocity,x_accel,y_accel,z_accel,phi_velocity,theta_velocity,psi_velocity,rotor_speed1,rotor_speed2,rotor_speed3,rotor_speed4,reward
0.0,0.0,0.0,0.0,0.0,0.0,0.0,0.0,0.0,0.0,0.0,0.0,0.0,0.0,0.0,0.0,327.50476,535.4446,501.4414,539.7585,0
0.06,-0.004583295745043433,0.00021322189371902623,0.0065668567511881935,0.0608263062392691,1.048547328739052,0.0,-0.27201820698149903,0.01246456804284887,0.17603167293830096,-8.943126161003848,0.4017878689160997,1.055712495552877,0.5470343527889808,2.448630007321229,0.0,268.89462,699.37506,280.17407,647.216,1.0140421543256297
0.12000000000000001,-0.03412058251422198,-0.007548541088491599,0.005029258638023543,3.7036695576742176,6.251259565458767,0.0,-0.31773814797534994,-0.2896181504227871,-0.31653563946689167,15.822496159112491,-0.8996746182723522,-8.582204190679777,5.140159687712439,7.892324711145693,0.0,14.404088,897.26733,13.6734915,893.43933,0.9873224006987227
