time,x,y,z,phi,theta,psi,x_velocity,y_velocity,z_velocity,x_accel,y_accel,z_accel,phi_velocity,theta_velocity,psi_velocity,rotor_speed1,rotor_speed2,rotor_speed3,rotor_speed4,reward
0.0,0.0,0.0,0.0,0.0,0.0,0.0,0.0,0.0,0.0,0.0,0.0,0.0,0.0,0.0,0.0,433.14807,515.0895,446.33945,495.142,0
0.06,-0.0008698678720448078,0.0003077985029156556,0.006574462513119158,0.078733513378209,0.21000164844107339,0.0,-0.05290421231453217,0.0188788056478525,0.21732568692130255,-1.7931462434778933,0.6464141662997983,3.5411538233522792,0.6298624139735861,1.0639830284421004,0.0,395.2824,533.41016,474.2298,518.7135,1.014874153447129
0.12000000000000001,-0.011842403213304369,0.003725504079405141,0.02565751876353097,0.18794395626910632,0.8030776068644805,0.0,-0.3793451443996293,0.10341449512192144,0.38909522480226977,-7.915700310412577,1.7083169621989331,1.6601240765736074,1.2269392715274097,2.786275212572825,0.0,263.95322,665.75793,545.61176,640.2362,1.0356260139596252
0.18,-0.05443482698764335,0.00843730731481154,0.03445098699442777,0.666138656621797,4.979329032280987,0.0,-0.7423164796645676,-0.07968864655314568,-0.4484019235246925,9.168112815887152,-7.621615275117734,-23.735805258793782,2.725408478196257,7.62695961521111,0.0,8.524905,900.0,847.7423,898.4436,0.9996852021129417
