time,x,y,z,phi,theta,psi,x_velocity,y_velocity,z_velocity,x_accel,y_accel,z_accel,phi_velocity,theta_velocity,psi_velocity,rotor_speed1,rotor_speed2,rotor_speed3,rotor_speed4,reward
0.0,0.0,0.0,0.0,0.0,0.0,0.0,0.0,0.0,0.0,0.0,0.0,0.0,0.0,0.0,0.0,428.17578,498.56757,459.2603,489.85095,0
0.06,-0.0006063101615853275,0.00012383002427838856,0.00620559640271311,0.034403853681792995,0.15101481465772792,0.0,-0.03698784692141624,0.007702842707806656,0.2060036485543295,-1.258313115142899,0.26813814238952777,3.395598687764028,0.39824482878290024,0.8936769411626356,0.0,400.03204,521.7579,477.56186,512.7279,1.0140690663454883
0.12000000000000001,-0.008581604845060266,0.0016904366282966998,0.02504322892389286,0.10523769236930036,0.6162642396067781,0.0,-0.2821914734803944,0.05127092125157629,0.4047782611238913,-6.087524516963675,0.9783288985919625,2.6131121291514217,0.8721422939757667,2.4058149895606595,0.0,292.58368,628.7561,538.16846,612.2927,1.0359154680678293
0.18,-0.04746108492006037,0.005241167746141539,0.04213923447083239,0.40061617030915464,3.5715216688452855,0.0,-0.9945004782506028,-0.010846503652036182,-0.21201356647467717,-8.497527646460302,-4.3701836815713575,-24.130308070077316,2.0207587506381235,6.450084960430177,0.0,20.80471,890.32025,807.9883,884.17474,1.0186094764746692
