time,x,y,z,phi,theta,psi,x_velocity,y_velocity,z_velocity,x_accel,y_accel,z_accel,phi_velocity,theta_velocity,psi_velocity,rotor_speed1,rotor_speed2,rotor_speed3,rotor_speed4,reward
0.0,0.0,0.0,0.0,0.0,0.0,0.0,0.0,0.0,0.0,0.0,0.0,0.0,0.0,0.0,0.0,361.66046,611.10706,439.44174,449.2296,0
0.06,-0.007253089905905139,7.274610769745443e-06,0.0033278803557911414,0.004763936117305967,1.8861637638489075,0.0,-0.41271701847022524,0.0003780312894220854,-0.012338063320466497,-12.821051620504047,0.010165819782292794,-5.5394018204486875,0.119390847330853,3.3041044391690493,0.0,190.67268,801.975,134.85738,728.1773,1.0052645228993542
