time,x,y,z,phi,theta,psi,x_velocity,y_velocity,z_velocity,x_accel,y_accel,z_accel,phi_velocity,theta_velocity,psi_velocity,rotor_speed1,rotor_speed2,rotor_speed3,rotor_speed4,reward
0.0,0.0,0.0,0.0,0.0,0.0,0.0,0.0,0.0,0.0,0.0,0.0,0.0,0.0,0.0,0.0,365.8222,604.7413,433.66263,454.3232,0
0.06,-0.006747543433316619,3.377812858898976e-05,0.0037153363606347925,0.015598917089262088,1.7265206735831153,0.0,-0.3878518201957185,0.0017758362170182456,0.01914584456168389,-12.220027931387342,0.04874239480389403,-4.224245191255162,0.2517373875385681,3.1586480142633464,0.0,217.77365,770.69366,168.71669,704.643,1.0064681478172404
