time,x,y,z,phi,theta,psi,x_velocity,y_velocity,z_velocity,x_accel,y_accel,z_accel,phi_velocity,theta_velocity,psi_velocity,rotor_speed1,rotor_speed2,rotor_speed3,rotor_speed4,reward
0.0,0.0,0.0,0.0,0.0,0.0,0.0,0.0,0.0,0.0,0.0,0.0,0.0,0.0,0.0,0.0,316.0398,424.8874,580.1698,593.05554,0
0.06,-0.0010105803391314001,3.863774581381074e-05,0.008501115445761357,0.011324560132622175,0.22535351184550478,0.0,-0.0614228141842801,0.002473177702579529,0.2813470869003838,-2.080260215992507,0.08889396315893783,4.599413456579433,0.20746796888429148,1.104227522352113,0.0,322.49814,484.4164,519.54767,587.90137,1.0192573458175267
0.12000000000000001,-0.013114871629529672,0.0012736915224938689,0.031814419241258364,0.22280866723774828,0.838973292175555,0.0,-0.41161647704645443,0.05908259307054508,0.4623849199157328,-8.421210386535503,1.6873184802448267,1.661873409452361,1.241725336379377,2.8567382016893355,0.0,296.58044,669.7542,353.99658,605.6765,1.0433824761245067
0.18,-0.05569588704645199,0.00012291102406391217,0.0481144831060329,2.1051684904751458,4.734884098168472,0.0,-0.7807470881825255,-0.31951328925047096,-0.07027802409776052,5.53618109694311,-14.37511506338199,-11.087801589400057,4.474470861680933,7.520253630515251,0.0,61.56323,889.64404,50.07483,856.73804,1.0186738200916265
0.23999999999999996,-0.06850243818858953,-0.023988427835578727,0.019337056322554648,4.047380484175918,0.6338194567131765,0.0,-0.028408800790212435,-0.4420697839236255,-1.178922457298376,-5.6820785102571145,3.6062448423630222,-31.819482367446724,13.639952977933577,16.68755866840372,0.0,23.285963,892.9272,44.007996,885.94543,0.9286170297187399
