time,x,y,z,phi,theta,psi,x_velocity,y_velocity,z_velocity,x_accel,y_accel,z_accel,phi_velocity,theta_velocity,psi_velocity,rotor_speed1,rotor_speed2,rotor_speed3,rotor_speed4,reward
0.0,0.0,0.0,0.0,0.0,0.0,0.0,0.0,0.0,0.0,0.0,0.0,0.0,0.0,0.0,0.0,429.4377,504.32364,454.73697,492.1444,0
0.06,-0.0006991256712500751,0.00018328245302355758,0.006332767732653808,0.04904742612744162,0.17208222557736264,0.0,-0.04259712994317803,0.011325784946966483,0.2099495142367434,-1.4469705676131648,0.39122773846359227,3.448358065720821,0.48573969888248564,0.9577793713647484,0.0,396.69754,527.5666,476.7654,516.33203,1.0143474058566246
0.12000000000000001,-0.009847450514706113,0.0023785252541809582,0.025302693307919503,0.13633509167059898,0.7041395223317011,0.0,-0.3229756100247395,0.06960365289403984,0.3997856369837746,-6.939365864239305,1.256425244482666,2.2428983450444733,1.01920749927,2.5856979788042826,0.0,274.02542,650.00073,545.8033,630.0656,1.035899268886252
0.18,-0.050496178162705865,0.005992342963815729,0.037766618683816124,0.5191989197520339,4.3613338124908,0.0,-0.8629841007726371,-0.06354380729177447,-0.3856683944461062,1.0799909820199174,-6.7247382564742875,-26.386893435984486,2.3492639344961197,7.1064233349231465,0.0,11.426424,899.02094,840.20276,895.6472,1.007476160867047
