time,x,y,z,phi,theta,psi,x_velocity,y_velocity,z_velocity,x_accel,y_accel,z_accel,phi_velocity,theta_velocity,psi_velocity,rotor_speed1,rotor_speed2,rotor_speed3,rotor_speed4,reward
0.0,0.0,0.0,0.0,0.0,0.0,0.0,0.0,0.0,0.0,0.0,0.0,0.0,0.0,0.0,0.0,372.9436,581.61273,416.82913,492.29776,0
0.06,-0.005262223677778146,0.0005494268515053558,0.0049064999498920035,0.16603820099739952,1.2843474712114924,0.0,-0.3094192168456026,0.030726410122513842,0.1025651040304619,-10.050882068974824,0.9309136304251485,-0.9539293673836894,0.939809626388207,2.7162519588381855,0.0,286.18735,694.49054,251.97624,650.9248,1.009929523377915
