time,x,y,z,phi,theta,psi,x_velocity,y_velocity,z_velocity,x_accel,y_accel,z_accel,phi_velocity,theta_velocity,psi_velocity,rotor_speed1,rotor_speed2,rotor_speed3,rotor_speed4,reward
0.0,0.0,0.0,0.0,0.0,0.0,0.0,0.0,0.0,0.0,0.0,0.0,0.0,0.0,0.0,0.0,430.13034,506.71085,452.87473,492.98816,0
0.06,-0.0007371871675612982,0.00021007528609383013,0.0063875111083756,0.055529479327082854,0.18061528042334096,0.0,-0.0448960487368916,0.012954405833449383,0.2116383525227271,-1.524235736363624,0.4463922222741284,3.470478624951911,0.5202723634648163,0.9826222772189903,0.0,396.757,527.25635,476.86368,515.8862,1.014467090571838
0.12000000000000001,-0.010216633236693647,0.0026560382004359936,0.025377741701792182,0.14328652495229655,0.7107723428747708,0.0,-0.3312888984619438,0.07617969831452448,0.3983318937216801,-7.023084800825055,1.3323784572728292,2.1746265841025694,1.045575647077113,2.6044952492855544,0.0,276.90015,645.0173,544.275,625.3517,1.0358485829895467
0.18,-0.05179872602235876,0.006913538539449942,0.03806686737393723,0.5011991674558214,4.206857866178574,0.0,-0.9110894834684109,-0.04655506159863347,-0.37236321534300904,-0.7859796400063004,-6.503933414673945,-26.291286125398717,2.3171648805324163,7.017870371116954,0.0,12.973444,896.81616,831.7132,892.562,1.007958805736148
