time,x,y,z,phi,theta,psi,x_velocity,y_velocity,z_velocity,x_accel,y_accel,z_accel,phi_velocity,theta_velocity,psi_velocity,rotor_speed1,rotor_speed2,rotor_speed3,rotor_speed4,reward
0.0,0.0,0.0,0.0,0.0,0.0,0.0,0.0,0.0,0.0,0.0,0.0,0.0,0.0,0.0,0.0,370.21875,592.3147,432.6241,463.0799,0
0.06,-0.0059031845975219335,8.270408757013621e-05,0.004338886904229514,0.03082649041947505,1.473670771986133,0.0,-0.34405835740551394,0.004571270130372748,0.06673815156979493,-11.04641531160871,0.13608504085261558,-2.2814222604093772,0.37419834978412797,2.9137405165121644,0.0,227.39752,763.13763,181.15,704.2002,1.0083558849719294
