time,x,y,z,phi,theta,psi,x_velocity,y_velocity,z_velocity,x_accel,y_accel,z_accel,phi_velocity,theta_velocity,psi_velocity,rotor_speed1,rotor_speed2,rotor_speed3,rotor_speed4,reward
0.0,0.0,0.0,0.0,0.0,0.0,0.0,0.0,0.0,0.0,0.0,0.0,0.0,0.0,0.0,0.0,459.78116,318.62375,621.43665,642.8043,0
0.06,-0.0020665933880288138,0.00013363454417365575,0.012256829936735204,0.03030385092054555,0.3463307141306178,0.0,-0.12234507021949934,0.008294376987652485,0.40196434454344276,-4.009396796390416,0.28799191363979704,6.414593564556263,0.37057419498006594,-1.5029432101477538,0.0,523.4731,406.06042,521.699,646.676,1.027677189488495
0.12000000000000001,-0.021125378457215883,0.0049109629847357145,0.046169096741573844,0.7503674177183539,0.574400451331778,0.0,-0.5469453758610153,0.23917995815409931,0.6884944260136866,-8.308580889400934,7.100759515498009,3.144116500935111,2.3572517385703535,-2.9466674827679626,0.0,507.52594,502.442,401.91547,743.2727,1.0631368728977841
0.18,-0.07099554481878487,0.0343013982253945,0.07194568872605277,5.361531675311898,0.3988115955710754,0.0,-1.090960754892131,0.4484418106172042,-0.13863730307342464,-8.143957062759233,-11.394639810213672,-21.73612744823151,7.472407703908117,-2.9027875180979885,0.0,501.3247,685.8371,187.15529,859.17865,1.0284267013171655
0.23999999999999996,-0.1599653713509536,0.04155990420130948,0.05120406787662855,4.544578420459414,1.8503147243239013,0.0,-2.0495260761452307,0.0726873310510351,-0.7025398554048351,-21.866033903299837,4.4532766183713095,-8.535171026100583,15.618082982754592,0.1599807720726909,0.0,726.2147,312.94382,485.5497,823.50476,0.945500780241465
