time,x,y,z,phi,theta,psi,x_velocity,y_velocity,z_velocity,x_accel,y_accel,z_accel,phi_velocity,theta_velocity,psi_velocity,rotor_speed1,rotor_speed2,rotor_speed3,rotor_speed4,reward
0.0,0.0,0.0,0.0,0.0,0.0,0.0,0.0,0.0,0.0,0.0,0.0,0.0,0.0,0.0,0.0,428.4126,335.4808,602.5494,626.09827,0
0.06,-0.000811944038166507,0.00014639126495793965,0.010751468964645008,0.03419506207457612,0.1380858575612356,0.0,-0.04786102147417208,0.00910726498398785,0.35726769896188076,-1.5597165151466386,0.31706671140423953,5.906564745131337,0.39687715455734696,-0.9723211131386251,0.0,461.62143,372.11728,554.9371,616.60425,1.0243930521678932
0.12000000000000001,-0.008106102176365643,0.0026134028922521883,0.04219108557835813,0.23917642397507333,0.22654756650731134,0.0,-0.20899905280088438,0.09954403281525637,0.6855387398867333,-3.179359265983018,2.5103058079322214,5.265123243091563,1.3809479159265323,-1.9731973176635134,0.0,466.25452,450.52573,478.1292,627.26874,1.060260956722797
0.18,-0.02638018738636808,0.019312202470739104,0.0903795479306781,1.172496486179802,0.10869390072135943,0.0,-0.3842407409193897,0.5647540009670045,0.8582216743986901,-2.3214188023615123,11.686376418786862,0.31002834617007974,3.5796768413319855,-2.1170528336512833,0.0,422.77545,520.7815,394.80798,691.8822,1.087426706639807
0.23999999999999996,-0.05353443996462772,0.07514134189732517,0.12128068020197744,4.254370302844952,0.2935017097677157,0.0,-0.5460931581741985,1.0674312074557704,-0.12140442432550635,-3.6553371129139207,-2.2618474964562107,-25.524979559864413,7.663143167926471,-0.8085557493968234,0.0,394.39404,699.03644,185.3862,825.6036,1.0369533547910061
0.3,-0.10641253408234598,0.12648766256862048,0.0861801362668655,1.5138611002419324,3.7894194338839498,0.0,-1.2735677681039888,1.0984383805746278,-1.0136303637549682,-10.20038988558109,16.548766127957595,-15.834577804917888,15.073465018728502,3.7429636317478057,0.0,715.5609,587.2613,155.20248,857.01373,0.9173717090732482
0.36000000000000004,-0.1506967434396664,0.1795480185772305,0.008718041566370495,1.8866780839631616,4.937242881490423,0.0,-0.07582840651992578,0.9176145028122147,-1.5931849925723307,24.086359118142184,-0.6780983607491934,-12.735989931373801,20.830005212012278,1.328087554940009,0.0,773.2691,674.7592,103.27999,873.1017,0.8346118766757231
