time,x,y,z,phi,theta,psi,x_velocity,y_velocity,z_velocity,x_accel,y_accel,z_accel,phi_velocity,theta_velocity,psi_velocity,rotor_speed1,rotor_speed2,rotor_speed3,rotor_speed4,reward
0.0,0.0,0.0,0.0,0.0,0.0,0.0,0.0,0.0,0.0,0.0,0.0,0.0,0.0,0.0,0.0,323.23004,516.9422,515.3362,557.4817,0
0.06,-0.003873661923962107,0.0002886963441112121,0.007213990883441658,0.07644771383681359,0.8676521064532894,0.0,-0.23128984414433718,0.017135103046282338,0.21045270408490585,-7.662583500920021,0.5633918681931451,2.1896261293180275,0.6198524404467535,2.2221440979204123,0.0,256.9387,710.76886,301.77344,651.119,1.015748982218858
0.12000000000000001,-0.029420598261651824,-0.0066000377620714454,0.009384584013642274,3.563872170198918,0.37193248654254063,0.0,-0.23845094183278265,-0.23973063820372892,-0.2985463484729775,16.185944098439133,1.3332359116698365,-11.320040252565413,5.108802806428668,7.982658133559064,0.0,50.27196,890.1625,33.160744,875.0488,0.9939105304316727
