time,x,y,z,phi,theta,psi,x_velocity,y_velocity,z_velocity,x_accel,y_accel,z_accel,phi_velocity,theta_velocity,psi_velocity,rotor_speed1,rotor_speed2,rotor_speed3,rotor_speed4,reward
0.0,0.0,0.0,0.0,0.0,0.0,0.0,0.0,0.0,0.0,0.0,0.0,0.0,0.0,0.0,0.0,365.4036,605.7727,433.83124,453.8453,0
0.06,-0.006820738499058229,3.134060003557894e-05,0.003660911875116496,0.014782434479914563,1.7491421691659426,0.0,-0.39152378895882123,0.0016379509740533618,0.014770792664196411,-12.31243792426602,0.04449482296505481,-4.4064716373509905,0.2437798320557061,3.1796565365536695,0.0,212.17397,776.4155,163.37741,708.54034,1.006299713114285
