time,x,y,z,phi,theta,psi,x_velocity,y_velocity,z_velocity,x_accel,y_accel,z_accel,phi_velocity,theta_velocity,psi_velocity,rotor_speed1,rotor_speed2,rotor_speed3,rotor_speed4,reward
0.0,0.0,0.0,0.0,0.0,0.0,0.0,0.0,0.0,0.0,0.0,0.0,0.0,0.0,0.0,0.0,360.51935,609.5559,438.9455,449.79797,0
0.06,-0.007186541325530083,8.939532299265948e-06,0.003319182235082486,0.005569088089769636,1.8699981011233309,0.0,-0.4093698417307038,0.00046392907620875835,-0.01041760321091334,-12.736384815977582,0.01244584996749201,-5.413341403012094,0.13238321752285392,3.2896628338198575,0.0,201.96268,794.23334,140.16,717.1174,1.0052834497618282
