time,x,y,z,phi,theta,psi,x_velocity,y_velocity,z_velocity,x_accel,y_accel,z_accel,phi_velocity,theta_velocity,psi_velocity,rotor_speed1,rotor_speed2,rotor_speed3,rotor_speed4,reward
0.0,0.0,0.0,0.0,0.0,0.0,0.0,0.0,0.0,0.0,0.0,0.0,0.0,0.0,0.0,0.0,369.10013,595.66034,432.98447,460.09854,0
0.06,-0.00612553278660724,6.367437917761552e-05,0.004176644406217656,0.025040768502416988,1.5387857551931203,0.0,-0.3558287144606072,0.003483912247656963,0.05474975356796112,-11.37332161802744,0.10210747063023345,-2.7643168774894997,0.3321997836184646,2.978698271703125,0.0,228.96986,760.68036,179.4862,702.4839,1.0078713164123132
