time,x,y,z,phi,theta,psi,x_velocity,y_velocity,z_velocity,x_accel,y_accel,z_accel,phi_velocity,theta_velocity,psi_velocity,rotor_speed1,rotor_speed2,rotor_speed3,rotor_speed4,reward
0.0,0.0,0.0,0.0,0.0,0.0,0.0,0.0,0.0,0.0,0.0,0.0,0.0,0.0,0.0,0.0,467.45358,318.10336,622.2565,640.33997,0
0.06,-0.0023643295234924413,9.640108569888767e-05,0.012328101980779837,0.022623122259005868,0.39682208925957063,0.0,-0.13998117785050607,0.006012576768716849,0.4023392940271574,-4.587764530056853,0.20994054340654456,6.334284188633223,0.31325400574969164,-1.6043765454346817,0.0,538.18475,414.1223,515.44794,644.1793,1.0277961904082775
0.12000000000000001,-0.024296404810170927,0.004535018135343622,0.04579298283603943,0.7707689326862202,0.6743059115995083,0.0,-0.6312513108776483,0.22973468759824173,0.6669116450906624,-9.64172187746154,6.942371937348946,2.537688667712019,2.3456338053695833,-3.163665338466379,0.0,518.94714,515.3972,399.62653,745.30725,1.0618441190571173
0.18,-0.08232329912916828,0.032233407610508476,0.0696875955139427,5.494124177943075,0.4872029474644668,0.0,-1.2780363241932147,0.3956460446914657,-0.14969223573272206,-9.836430171944365,-12.139772447211739,-20.24655654066465,7.525727085014131,-3.083196812961624,0.0,492.0311,668.86993,236.80879,827.77856,1.0246135716350973
0.23999999999999996,-0.18338839130307327,0.04471855486962173,0.049912595125018125,2.2758986003394313,1.7486707535362918,0.0,-2.23262063090981,0.17707571045550613,-0.6226647340542993,-20.736841806890663,-1.7304253351599161,-4.9268600579213455,14.747336934830148,-0.19770244090991662,0.0,650.3286,421.16052,340.56882,850.1773,0.9464761917388553
