time,x,y,z,phi,theta,psi,x_velocity,y_velocity,z_velocity,x_accel,y_accel,z_accel,phi_velocity,theta_velocity,psi_velocity,rotor_speed1,rotor_speed2,rotor_speed3,rotor_speed4,reward
0.0,0.0,0.0,0.0,0.0,0.0,0.0,0.0,0.0,0.0,0.0,0.0,0.0,0.0,0.0,0.0,314.02768,435.1537,573.9636,591.8389,0
0.06,-0.001273578941665807,7.100819899732268e-05,0.008443203871254953,0.019346936514756052,0.28201764258750117,0.0,-0.07725403405890105,0.004465100635507332,0.27825217375876715,-2.610105200253061,0.15736205016974322,4.496401553404749,0.2859261082155765,1.242047557685697,0.0,319.24783,516.81525,495.64944,583.8492,1.0190948579874182
0.12000000000000001,-0.016926469449618987,0.0018665426894976423,0.03012558547027776,0.3437104038367407,1.215637469359116,0.0,-0.5410917141533289,0.07874199731737778,0.3765204209133659,-11.239687555836781,2.0185048838238697,-1.1189791601968564,1.5846544475532418,3.4522862642770447,0.0,257.55823,726.67267,300.96948,644.67456,1.0389627235648842
0.18,-0.059883873136507025,0.0002353282811157569,0.03754298782863575,3.637193359657301,1.0740814444081543,0.0,-0.5245900930305268,-0.07700740853185713,-0.3291182324283577,11.975965205122852,6.1439891867255785,-19.389475544824414,5.90356857464353,9.35284239463786,0.0,72.799126,887.1261,43.3038,847.5143,0.9995940503256411
