time,x,y,z,phi,theta,psi,x_velocity,y_velocity,z_velocity,x_accel,y_accel,z_accel,phi_velocity,theta_velocity,psi_velocity,rotor_speed1,rotor_speed2,rotor_speed3,rotor_speed4,reward
0.0,0.0,0.0,0.0,0.0,0.0,0.0,0.0,0.0,0.0,0.0,0.0,0.0,0.0,0.0,0.0,432.51492,334.321,603.8389,626.9241,0
0.06,-0.0009192017248489607,0.00014192061975056922,0.010888196652675711,0.033116151948436645,0.15655884350557692,0.0,-0.054231732715724984,0.00883247007541336,0.3615373340077704,-1.7693756415569721,0.3076337062795789,5.965316956620446,0.3897383173373632,-1.0311818808421849,0.0,472.82312,370.57895,555.56726,611.02704,1.0246951649619596
0.12000000000000001,-0.009392267698571103,0.0023872655810158266,0.04254397324166937,0.20368823027766858,0.294077583053304,0.0,-0.2488813461680242,0.08764544953911778,0.687240759267516,-3.9939272080299255,2.1349382735414677,5.1777894914285385,1.2711650915670236,-2.1870675176826277,0.0,489.0792,449.73453,476.7083,615.3372,1.0605434041891404
0.18,-0.03201626233013358,0.01680920293511206,0.09126970190021548,1.0036562389229413,0.1855403839824934,0.0,-0.4912539233070369,0.4888499585576693,0.8924031660568326,-3.505440524645461,10.22474830080582,1.5788744275866649,3.2949402793095075,-2.621758101120962,0.0,458.25616,479.01895,429.5204,667.34094,1.0886774339000784
0.23999999999999996,-0.06611153339394843,0.07094573394376771,0.1317526824661701,3.095754996189834,0.05582487439840644,0.0,-0.6266540055235319,1.2787814838825873,0.18348360170987643,-1.5634910850909745,10.512273357834317,-21.860163105157692,6.603546835548631,-2.271296332596086,0.0,425.69272,608.89923,287.08075,778.7543,1.057463511457799
0.3,-0.1117580963987886,0.14521361893659804,0.1145797813042756,3.626884404458174,1.1296384874416123,0.0,-1.0518636088431723,1.363192453485359,-0.52312929367082,-12.822009691064833,13.368748479047236,-10.950430796483218,12.732859931065594,0.3632883670474736,0.0,536.5998,441.90588,417.55832,793.5414,0.9502928873045411
0.36000000000000004,-0.20698702307531133,0.2189182448637629,0.059440953702448035,0.37481267120213246,1.3954471172681338,0.0,-2.138309264320681,1.1151091891725569,-1.1606699131697362,-18.654487418075576,-2.1894568176290443,-5.556087331416732,16.33546694848315,-0.9082608661812526,0.0,664.858,315.64175,458.85522,816.4317,0.86893084254775
