time,x,y,z,phi,theta,psi,x_velocity,y_velocity,z_velocity,x_accel,y_accel,z_accel,phi_velocity,theta_velocity,psi_velocity,rotor_speed1,rotor_speed2,rotor_speed3,rotor_speed4,reward
0.0,0.0,0.0,0.0,0.0,0.0,0.0,0.0,0.0,0.0,0.0,0.0,0.0,0.0,0.0,0.0,429.3622,502.8649,456.06802,491.66132,0
0.06,-0.0006711202613348268,0.00016652032353300082,0.006313553676094638,0.04493045486763325,0.1656314211364851,0.0,-0.04090542978131121,0.010305958465752638,0.20940233332168778,-1.3901065802612738,0.35664607609894583,3.443374606305139,0.4626232852751484,0.9385885269753964,0.0,397.9503,525.76154,477.1137,515.2177,1.0143070199632003
0.12000000000000001,-0.009454637206191453,0.0021841317095269517,0.025296348709290643,0.12697351188472528,0.6751785674520132,0.0,-0.31009241934092324,0.06441577762858147,0.402626504957758,-6.665163232602526,1.177856061047053,2.3750447453882915,0.9762778190443928,2.528141055530321,0.0,279.7832,642.73236,544.10504,624.1455,1.0360084455877951
0.18,-0.049773989776533044,0.005886211318849538,0.03928211275137852,0.47397847909151203,4.089850118852427,0.0,-0.9189383646961531,-0.044911092448431736,-0.33824495625799567,-2.4283604628244455,-6.044897242971992,-26.257481612227213,2.232613456021785,6.889882408068581,0.0,13.316986,896.8231,831.7733,892.7185,1.0109416594046032
