time,x,y,z,phi,theta,psi,x_velocity,y_velocity,z_velocity,x_accel,y_accel,z_accel,phi_velocity,theta_velocity,psi_velocity,rotor_speed1,rotor_speed2,rotor_speed3,rotor_speed4,reward
0.0,0.0,0.0,0.0,0.0,0.0,0.0,0.0,0.0,0.0,0.0,0.0,0.0,0.0,0.0,0.0,428.0993,496.52487,461.4884,489.21246,0
0.06,-0.0005703847335306922,0.0001025926285193256,0.006189948310119903,0.02902405789146023,0.14258511198235801,0.0,-0.034815809561504096,0.0064047293441443325,0.2055827254239752,-1.1852238832860766,0.22387312951251095,3.393052153252315,0.3615637001056955,0.8667864632867275,0.0,401.9375,519.1127,478.2273,511.1939,1.0140374037038733
0.12000000000000001,-0.008065309854547878,0.0014344437540044458,0.025048588889904376,0.09252780291730289,0.5769137438600698,0.0,-0.26492349782116353,0.04419010480301064,0.4080793383490107,-5.710136548739768,0.8626066443744314,2.763941236507983,0.8058438695316397,2.322013128948124,0.0,302.89413,619.1625,533.8555,604.24286,1.0360548466176245
0.18,-0.04563902725892819,0.004919836433655538,0.04452188515980133,0.3573083453753041,3.2200140909842787,0.0,-1.0218831814073681,0.012508660872176211,-0.10299791500428979,-11.79468724037608,-3.1522349893667934,-21.507153147662628,1.8865428354045783,6.1357423016094685,0.0,29.834263,883.32263,787.9153,875.50433,1.0246350595383669
