time,x,y,z,phi,theta,psi,x_velocity,y_velocity,z_velocity,x_accel,y_accel,z_accel,phi_velocity,theta_velocity,psi_velocity,rotor_speed1,rotor_speed2,rotor_speed3,rotor_speed4,reward
0.0,0.0,0.0,0.0,0.0,0.0,0.0,0.0,0.0,0.0,0.0,0.0,0.0,0.0,0.0,0.0,317.7196,468.82318,550.7857,579.8779,0
0.06,-0.0021459124820442143,0.00016766690861525965,0.008095103336913226,0.042950495531675514,0.4728011918215822,0.0,-0.12950185233966158,0.010296626716392051,0.26080996085436575,-4.3478577203640825,0.3530797321912547,3.9485261940862815,0.4511344994018291,1.6251521694753015,0.0,312.7125,594.37915,408.41696,596.3501,1.0181692530257382
0.12000000000000001,-0.027466017982727353,0.0020981707161352157,0.021579349956808023,1.2166465960404986,2.559223400206374,0.0,-0.8116947937314856,0.003988792114774001,-0.024761330655334313,-13.951065079945883,-3.1956487262919677,-12.805233646128492,3.0141762690714877,5.018474167353182,0.0,125.2611,854.9479,96.09523,818.54425,1.0178317239948171
