time,x,y,z,phi,theta,psi,x_velocity,y_velocity,z_velocity,x_accel,y_accel,z_accel,phi_velocity,theta_velocity,psi_velocity,rotor_speed1,rotor_speed2,rotor_speed3,rotor_speed4,reward
0.0,0.0,0.0,0.0,0.0,0.0,0.0,0.0,0.0,0.0,0.0,0.0,0.0,0.0,0.0,0.0,428.61237,500.06763,457.73584,490.3567,0
0.06,-0.0006277531155871189,0.0001401481538985611,0.006230198854223462,0.03848026844369734,0.15593887990073885,0.0,-0.03828411400649685,0.008698802690692332,0.20675844777827102,-1.301925761519467,0.30203981705552213,3.405280830963473,0.42419199037995814,0.9090393568460833,0.0,399.4833,522.66644,477.04184,513.1122,1.014122443102509
0.12000000000000001,-0.008847560831747694,0.0018776381200373503,0.02507194604400525,0.1129908500391803,0.6317035229696852,0.0,-0.2901479348576327,0.056221171175492995,0.403252576464252,-6.238661635827915,1.0527942775685706,2.538566145110569,0.9098570668448792,2.4393611186192485,0.0,290.182,632.0797,539.0089,614.89026,1.0358613080212666
0.18,-0.0482469814699216,0.005610604022878506,0.041345912415569334,0.42272861997563993,3.686084110747821,0.0,-0.9835346879907899,-0.01746433971258189,-0.2453542255066425,-7.248541306610184,-4.850734558086191,-24.773431021302102,2.0881012053635044,6.553861163429228,0.0,19.155544,892.2069,812.3855,886.4232,1.0165701630257493
