time,x,y,z,phi,theta,psi,x_velocity,y_velocity,z_velocity,x_accel,y_accel,z_accel,phi_velocity,theta_velocity,psi_velocity,rotor_speed1,rotor_speed2,rotor_speed3,rotor_speed4,reward
0.0,0.0,0.0,0.0,0.0,0.0,0.0,0.0,0.0,0.0,0.0,0.0,0.0,0.0,0.0,0.0,358.34283,604.825,442.7231,463.85712,0
0.06,-0.007076802446457966,3.547156224937261e-05,0.0037305562385197646,0.01677887211396012,1.807458425730875,0.0,-0.4047534047984565,0.0018086785631174255,0.009245618792550467,-12.664499243739325,0.046971986610375396,-4.833765737618084,0.262891124366618,3.2331964601221506,0.0,160.11539,833.23615,98.45761,782.1686,1.0063194769456507
