time,x,y,z,phi,theta,psi,x_velocity,y_velocity,z_velocity,x_accel,y_accel,z_accel,phi_velocity,theta_velocity,psi_velocity,rotor_speed1,rotor_speed2,rotor_speed3,rotor_speed4,reward
0.0,0.0,0.0,0.0,0.0,0.0,0.0,0.0,0.0,0.0,0.0,0.0,0.0,0.0,0.0,0.0,359.20938,606.4496,440.83975,462.88495,0
0.06,-0.007135576229662255,3.780859636711512e-05,0.0036663223662520396,0.017923536818338803,1.8274806796459089,0.0,-0.40759405250934444,0.0019095800652256223,0.00482408453375166,-12.7306133640452,0.04869701397413387,-5.004426676967285,0.27335475855977703,3.2513791530550202,0.0,150.25859,841.19,92.8922,787.54065,1.0061336931263156
