time,x,y,z,phi,theta,psi,x_velocity,y_velocity,z_velocity,x_accel,y_accel,z_accel,phi_velocity,theta_velocity,psi_velocity,rotor_speed1,rotor_speed2,rotor_speed3,rotor_speed4,reward
0.0,0.0,0.0,0.0,0.0,0.0,0.0,0.0,0.0,0.0,0.0,0.0,0.0,0.0,0.0,0.0,362.28897,607.58514,440.52945,454.4074,0
0.06,-0.0070640314897574075,1.5155448227984486e-05,0.003602122525936333,0.00825238798040484,1.8149248594844227,0.0,-0.4038315799610947,0.0007898185471057876,0.0046860592448347005,-12.627289772688586,0.021347770462972853,-4.9211584938869635,0.17045311238094185,3.239988650873893,0.0,214.77211,791.2873,146.10019,710.517,1.0060242104449504
