time,x,y,z,phi,theta,psi,x_velocity,y_velocity,z_velocity,x_accel,y_accel,z_accel,phi_velocity,theta_velocity,psi_velocity,rotor_speed1,rotor_speed2,rotor_speed3,rotor_speed4,reward
0.0,0.0,0.0,0.0,0.0,0.0,0.0,0.0,0.0,0.0,0.0,0.0,0.0,0.0,0.0,0.0,446.23117,335.1676,600.2501,631.357,0
0.06,-0.001239695476998765,0.0002567423087927433,0.011232175825804906,0.05651583516284031,0.2114162792732639,0.0,-0.07327120492616503,0.015815012864591943,0.37184195288572996,-2.3961016769654644,0.5442701928625377,6.086797488152162,0.5253495912229675,-1.1880142383857777,0.0,501.0968,399.12378,517.675,615.8336,1.025441041078405
0.12000000000000001,-0.012556316461696346,0.004885669775358316,0.04323032693889374,0.4991461906816106,0.36549622170850427,0.0,-0.32705118256539056,0.19443891734011387,0.6768201685967304,-5.0670574962971076,5.074298442092288,4.355658281858877,2.0366621800868905,-2.4129004183912794,0.0,499.9136,488.53036,399.0159,677.7748,1.0605132777164405
0.18,-0.042119258793249424,0.03556214284517432,0.07851012945226125,3.307503066818093,0.22013898418653532,0.0,-0.6382806107799601,0.8736064193390185,0.15989812267831954,-4.430216804355493,10.838604441357798,-21.632989782212643,5.989271511452701,-2.4884147947921837,0.0,494.72845,633.07996,209.60147,822.95996,1.051794354342913
0.23999999999999996,-0.09279161546414602,0.09035283815274525,0.0564825140151127,1.0008359722431965,0.9127591579076197,0.0,-1.1623626050979334,0.7976466749865925,-0.707924793949054,-12.863408496964038,-14.927504954960998,-15.614132034237944,13.617315581935891,-0.30083700752328835,0.0,629.7064,468.44977,325.30994,800.8081,0.9409888339518278
