time,x,y,z,phi,theta,psi,x_velocity,y_velocity,z_velocity,x_accel,y_accel,z_accel,phi_velocity,theta_velocity,psi_velocity,rotor_speed1,rotor_speed2,rotor_speed3,rotor_speed4,reward
0.0,0.0,0.0,0.0,0.0,0.0,0.0,0.0,0.0,0.0,0.0,0.0,0.0,0.0,0.0,0.0,319.24875,488.57007,536.6602,575.30945,0
0.06,-0.0028164260012862076,0.000277103011177838,0.007903793103235714,0.06966141858977082,0.619856562611238,0.0,-0.16933923854751254,0.016766335349740397,0.24784785520161717,-5.6593778878479215,0.5647176232859347,3.4432410427819136,0.58922299347495,1.8692051909285756,0.0,288.26334,665.9591,355.19156,617.8185,1.0175955307118842
0.12000000000000001,-0.029923831741753518,-0.003509621856042409,0.014664999050930883,2.165059692866521,4.611483630925756,0.0,-0.5741724617533998,-0.35710457791412475,-0.2119604444358417,2.9751183737494156,-15.177875361014102,-11.399613818866928,4.044544620618371,6.631354149414333,0.0,23.245277,897.2725,19.22248,891.51587,1.003073168789163
