time,x,y,z,phi,theta,psi,x_velocity,y_velocity,z_velocity,x_accel,y_accel,z_accel,phi_velocity,theta_velocity,psi_velocity,rotor_speed1,rotor_speed2,rotor_speed3,rotor_speed4,reward
0.0,0.0,0.0,0.0,0.0,0.0,0.0,0.0,0.0,0.0,0.0,0.0,0.0,0.0,0.0,0.0,432.72235,476.50214,467.9365,476.66525,0
0.06,-0.0002239175598070775,1.1153954942362688e-05,0.005620190748010035,0.004398658291984603,0.0605748006498672,0.0,-0.013808624759358913,0.0007471657360938203,0.18720959433315748,-0.47585295743422473,0.028152542851129805,3.1143474085581326,0.11317557961278069,0.5457896406935642,0.0,422.33878,486.21222,475.22604,486.60522,1.0127692795426406
0.12000000000000001,-0.0031035189040622985,0.00020849477888907177,0.022826593668354198,0.01793691569568967,0.212516912870095,0.0,-0.09903861843611933,0.007216358419357058,0.3844333899352181,-2.062815038569244,0.16180814120733614,3.209301934675967,0.2631042030543433,1.3333127249502499,0.0,391.48895,515.41455,494.5854,516.1885,1.0333977316487244
0.18,-0.016411822854650655,0.0012038931375354283,0.05211462439241131,0.05450123084066849,0.6957985565094491,0.0,-0.39921420658272055,0.029181678236035756,0.5703610528318487,-7.044872248729512,0.48629352451619073,2.2334929472468827,0.5611447420625063,2.829244141402072,0.0,296.54092,604.8773,555.8251,606.80585,1.0549224323566326
0.23999999999999996,-0.06391232820376304,0.0033644695608106303,0.0799507299237016,0.21210746188741414,3.0810293543966534,0.0,-1.2053423413771973,0.00965869784504128,0.032020647460041296,-12.471623531714053,-1.778660523454495,-21.211847043094913,1.3652810601185843,6.412634013196434,0.0,50.98457,850.1068,779.0414,852.09326,1.0400307191335914
0.3,-0.155336020066549,-0.0006648916903099771,0.035822123932318366,0.7451507776026549,3.5039072865759664,0.0,-1.7587146551157231,0.15963604273283427,-0.7557644376403022,4.41506294998089,16.269030321479253,16.039973378814448,2.9507833554278413,15.02370024161548,0.0,17.32787,889.3219,846.5762,889.7475,0.9065235915564895
