time,x,y,z,phi,theta,psi,x_velocity,y_velocity,z_velocity,x_accel,y_accel,z_accel,phi_velocity,theta_velocity,psi_velocity,rotor_speed1,rotor_speed2,rotor_speed3,rotor_speed4,reward
0.0,0.0,0.0,0.0,0.0,0.0,0.0,0.0,0.0,0.0,0.0,0.0,0.0,0.0,0.0,0.0,361.55212,606.16174,440.70837,458.51086,0
0.06,-0.007024926128153003,2.5086228585683534e-05,0.0036977481499140133,0.012437993707591133,1.7972144887121644,0.0,-0.402046410773026,0.0012959464071878512,0.009663851979877958,-12.591165487594441,0.034480409074880015,-4.762194874965683,0.21967491131457917,3.223854776643517,0.0,193.1544,809.874,128.76425,737.6655,1.006272076144731
