time,x,y,z,phi,theta,psi,x_velocity,y_velocity,z_velocity,x_accel,y_accel,z_accel,phi_velocity,theta_velocity,psi_velocity,rotor_speed1,rotor_speed2,rotor_speed3,rotor_speed4,reward
0.0,0.0,0.0,0.0,0.0,0.0,0.0,0.0,0.0,0.0,0.0,0.0,0.0,0.0,0.0,0.0,452.7237,325.05707,612.63495,636.6438,0
0.06,-0.0016561576825846363,0.0001616008207977174,0.01174903740760165,0.036443834508721906,0.28043705514675654,0.0,-0.09800062591086862,0.010012819862432775,0.3873043757159498,-3.209652736853556,0.3469594376881647,6.268273868087569,0.41140932690158893,-1.3587052924538239,0.0,517.7466,399.29404,519.95575,627.97986,1.0265747245876011
0.12000000000000001,-0.01709450461734076,0.004308639917674893,0.044794967586106564,0.5694907619675593,0.5173304496538247,0.0,-0.45153367580119436,0.19413116059654123,0.6864820616698265,-7.1607762253578375,5.5177130314691025,3.8665071913786666,2.098539533744855,-2.8027648080893743,0.0,518.7728,475.6934,414.66348,715.1369,1.0620591202640342
0.18,-0.05925910963739989,0.0340000035399627,0.07606161994489956,4.112555050022015,0.3765871692527716,0.0,-0.9354508368711567,0.7202100727392753,-0.028863990940848572,-7.358480647338171,2.6341177071600224,-25.710219847158733,6.564062120537946,-3.2739180082518193,0.0,568.9789,531.92914,284.7247,838.48096,1.0406414366814565
0.23999999999999996,-0.12814794747085714,0.06898439052386054,0.046739465591178475,1.1676837688985167,0.1992091576497561,0.0,-1.3306395907306716,0.3907672588286158,-0.8021609971357244,-5.446155647307614,-20.171917498313604,-9.802253524453073,13.924186785111864,-3.678650230451466,0.0,621.1398,398.0365,454.4404,791.0964,0.9281511501684538
