time,x,y,z,phi,theta,psi,x_velocity,y_velocity,z_velocity,x_accel,y_accel,z_accel,phi_velocity,theta_velocity,psi_velocity,rotor_speed1,rotor_speed2,rotor_speed3,rotor_speed4,reward
0.0,0.0,0.0,0.0,0.0,0.0,0.0,0.0,0.0,0.0,0.0,0.0,0.0,0.0,0.0,0.0,360.64883,606.12213,440.89648,460.60977,0
0.06,-0.007062156642168076,3.06134430995324e-05,0.0037019703830580147,0.014790288890275782,1.8061652295844652,0.0,-0.403948891365845,0.001567486966213542,0.008616346169932398,-12.640775247018185,0.041027914717184644,-4.830350561292449,0.24385742042447425,3.232018640959236,0.0,180.1678,819.78375,118.128456,753.829,1.006260544420627
