time,x,y,z,phi,theta,psi,x_velocity,y_velocity,z_velocity,x_accel,y_accel,z_accel,phi_velocity,theta_velocity,psi_velocity,rotor_speed1,rotor_speed2,rotor_speed3,rotor_speed4,reward
0.0,0.0,0.0,0.0,0.0,0.0,0.0,0.0,0.0,0.0,0.0,0.0,0.0,0.0,0.0,0.0,408.19385,540.8888,391.06412,538.6301,0
0.06,-0.0022568212957201892,0.002579208499594203,0.006120228395330141,0.6234610035594272,0.5285956969719221,0.0,-0.13600722222012146,0.15316653686023868,0.17964543644834402,-4.558488427208636,5.039469015532393,1.9246374309913161,1.874800967906069,1.7216895857481798,0.0,353.21237,625.68567,312.90833,629.8447,1.013326959925938
0.12000000000000001,-0.02953356718416294,0.021109933391571502,0.011013270327161474,3.4159487311059067,2.7879748524454104,0.0,-0.8507284950673198,0.30744233592996784,-0.08306632808586982,-13.47412015734289,-4.122756641562136,-4.149886659459561,5.822986644277497,5.257071783110345,0.0,148.27412,860.9978,64.83936,865.29694,1.0017452632295896
0.18,-0.10182363616447437,0.048889182233323794,0.011818559930841183,5.099375424932047,3.849543836158162,0.0,-1.437128555428785,0.8071894716113042,-0.018509770624826154,1.258527982196265,19.944273441197105,1.1397176585020994,14.871381595949133,14.1138730210863,0.0,89.673355,886.9422,37.884064,888.2144,0.9923822124541828
