time,x,y,z,phi,theta,psi,x_velocity,y_velocity,z_velocity,x_accel,y_accel,z_accel,phi_velocity,theta_velocity,psi_velocity,rotor_speed1,rotor_speed2,rotor_speed3,rotor_speed4,reward
0.0,0.0,0.0,0.0,0.0,0.0,0.0,0.0,0.0,0.0,0.0,0.0,0.0,0.0,0.0,0.0,429.31396,483.93005,468.52405,482.45523,0
0.06,-0.00035266674194991835,2.720100742513344e-05,0.005894741259323239,0.00914706441729951,0.09158819816746444,0.0,-0.021630000293636768,0.0017582380129227025,0.1961954459165069,-0.7405831671479617,0.06386533240636907,3.256723029321789,0.18181798241937097,0.6836536983917183,0.0,412.09134,499.66263,480.01593,498.10342,1.0133851542414947
0.12000000000000001,-0.004951176531839061,0.0004477470423320978,0.024032983980612783,0.034662399899463736,0.3489719475464108,0.0,-0.1609578274892421,0.014892816684402243,0.40314501683581366,-3.4321547402380186,0.32039316787812466,3.233744861791094,0.42380126460879297,1.7642303760014637,0.0,352.33344,557.22504,515.3856,554.342,1.0350810240357182
0.18,-0.028611467795837838,0.0023639182905013305,0.05278494495143214,0.12504406448375427,1.5158929126056524,0.0,-0.7408205040454812,0.05030538487182009,0.4519654969775129,-13.65776465978741,0.5923299097932901,-3.342493771596324,0.9907554099162081,4.22676352690873,0.0,144.90602,761.8784,662.6614,756.49225,1.0510606422074167
0.23999999999999996,-0.08742790722400787,0.006018710313929903,0.06414099660987807,0.7555535469152828,3.900377294388372,0.0,-1.2095189064424665,0.11163377185922263,-0.02015289127602543,-23.411640144566817,3.17369487378992,-4.499631142660257,2.782111763851744,11.261070446880765,0.0,21.520184,886.76587,823.0845,884.63007,1.0100733340806345
0.3,-0.15021266215093293,-0.010329825129461682,0.021251495759271505,1.2320566599309943,3.056776037956169,0.0,-1.2140041564172221,-0.03892938199921858,-0.9562854889342998,-1.5796729589613299,29.545130019130188,6.369478982325841,4.0848528052603585,19.289488185192322,0.0,119.20144,794.9963,670.5956,786.29083,0.9035424124520638
