time,x,y,z,phi,theta,psi,x_velocity,y_velocity,z_velocity,x_accel,y_accel,z_accel,phi_velocity,theta_velocity,psi_velocity,rotor_speed1,rotor_speed2,rotor_speed3,rotor_speed4,reward
0.0,0.0,0.0,0.0,0.0,0.0,0.0,0.0,0.0,0.0,0.0,0.0,0.0,0.0,0.0,0.0,427.40866,494.12924,463.53763,488.22168,0
0.06,-0.0005379237825761868,8.195781520746673e-05,0.006136954619189864,0.023763513364824185,0.1351544679490253,0.0,-0.03285199021130755,0.005140182731357998,0.2039007992149478,-1.1190898094075998,0.18061916683318302,3.36877416402679,0.3223072234780747,0.8424186902067345,0.0,402.4239,516.9189,479.91263,510.29037,1.0139203879092022
0.12000000000000001,-0.007645800070403368,0.001180443037509909,0.024937102120609747,0.07935831803349114,0.5504439695018846,0.0,-0.2518887301577941,0.03697979986139909,0.4092192962872358,-5.448595486340173,0.7382728553209359,2.867991732297858,0.7324190054866945,2.262466424520507,0.0,306.89212,613.3648,534.671,600.5776,1.036033067443927
0.18,-0.04409866556445967,0.004320509204620834,0.045768313110563515,0.31406713020036303,3.0359553124336767,0.0,-1.0225452294145267,0.02114972864470374,-0.038991874469136545,-13.226000649290544,-2.3568858192427635,-19.86682840757364,1.7435631372099254,5.955263288161036,0.0,34.87415,878.12616,783.07275,870.2792,1.0281694885051447
