time,x,y,z,phi,theta,psi,x_velocity,y_velocity,z_velocity,x_accel,y_accel,z_accel,phi_velocity,theta_velocity,psi_velocity,rotor_speed1,rotor_speed2,rotor_speed3,rotor_speed4,reward
0.0,0.0,0.0,0.0,0.0,0.0,0.0,0.0,0.0,0.0,0.0,0.0,0.0,0.0,0.0,0.0,342.24316,567.41943,474.39078,501.00974,0
0.06,-0.005654579569087589,8.113848974428242e-05,0.005290319498766292,0.028271669996153825,1.3561160565825254,0.0,-0.33142779571500836,0.004598767259360603,0.1078006724615752,-10.720635755906654,0.14206132009133912,-1.194801667617935,0.3561761151255074,2.7927254648554443,0.0,245.23332,726.90594,202.22232,702.127,1.0106822573813146
0.12000000000000001,-0.0356759895317021,-0.009636170862292483,0.001575360796090451,0.07548127072531585,1.5196961541362821,0.0,-0.3460692837681248,-0.5135475553291385,-0.35788840422649226,7.7635177378328395,-13.776325425513424,-15.6878390818849,6.447173645500548,8.865279697130797,0.0,65.775826,880.2277,29.85177,867.017,0.9834791465991982
