time,x,y,z,phi,theta,psi,x_velocity,y_velocity,z_velocity,x_accel,y_accel,z_accel,phi_velocity,theta_velocity,psi_velocity,rotor_speed1,rotor_speed2,rotor_speed3,rotor_speed4,reward
0.0,0.0,0.0,0.0,0.0,0.0,0.0,0.0,0.0,0.0,0.0,0.0,0.0,0.0,0.0,0.0,407.6251,541.8613,390.3037,539.1327,0
0.06,-0.002311290976373985,0.0026179745188366745,0.006110163435518956,0.633466511068117,0.5409332220539405,0.0,-0.13924694367146573,0.15533406344709402,0.17838635853480517,-4.665293334424969,5.105118461440365,1.8634332358945573,1.8902490272726724,1.74233823137396,0.0,350.0094,633.2199,301.65692,637.6877,1.0132852539056856
0.12000000000000001,-0.030082558454433306,0.020828720550830657,0.011176674697164596,3.731487267934117,2.990522796951078,0.0,-0.8473413904622817,0.3004384578858412,-0.04154241808343102,-12.467390184368568,-3.5576816066684507,-1.6113253325364163,6.059998545234053,5.4319014807702315,0.0,135.64055,870.6276,46.776886,874.5671,1.0027150668497053
0.18,-0.09912463707172514,0.054936769564105266,0.016330212727564006,5.961308049028416,4.718424337560663,0.0,-1.5931320926672132,0.906149213208997,-0.09774510925884944,-13.906385118053269,17.98316266157276,-14.08284175658387,15.279534587376538,14.504515214169311,0.0,212.2766,851.18353,56.512497,856.63824,0.9977313542130211
