time,x,y,z,phi,theta,psi,x_velocity,y_velocity,z_velocity,x_accel,y_accel,z_accel,phi_velocity,theta_velocity,psi_velocity,rotor_speed1,rotor_speed2,rotor_speed3,rotor_speed4,reward
0.0,0.0,0.0,0.0,0.0,0.0,0.0,0.0,0.0,0.0,0.0,0.0,0.0,0.0,0.0,0.0,315.9409,422.83414,581.3855,594.5983,0
0.06,-0.0009709976211758659,4.078126163607665e-05,0.008544006568953665,0.01184403256183586,0.21654660327721942,0.0,-0.05903788843421677,0.0026066922133396865,0.28292976821452975,-2.000347579626593,0.09354876191028486,4.632551405078666,0.21323146115478897,1.0813136931766698,0.0,320.86157,481.7571,522.4091,592.2358,1.0193588754076959
0.12000000000000001,-0.012702115122603157,0.0013545085164609633,0.032162887593156185,0.23439830617180313,0.817103194700989,0.0,-0.4007884254984028,0.06305770949438705,0.4722196934173448,-8.25440695074437,1.8071472428933377,1.8474817547232503,1.2764947180399984,2.8143982153124583,0.0,292.90588,673.94824,353.40475,614.1886,1.0440716169985746
0.18,-0.05415609324191242,0.00020748312862988415,0.04982183161692346,2.2782783065957553,4.8806814175129745,0.0,-0.7361989603347218,-0.32140175555008305,-0.016256557227706775,6.952973738117079,-14.021649680532143,-9.346500743575435,4.651287319881663,7.5846638102020005,0.0,50.290264,892.9105,40.28095,869.6163,1.021872928149714
0.23999999999999996,-0.06134957633251848,-0.022215456440218852,0.02535506064579926,5.034172135727919,1.0011010517376437,0.0,0.2096728627232404,-0.6454782318979295,-1.0194946611070108,1.5489702695340875,-13.480823418067216,-28.869481345324996,14.07213035593077,16.82136867669932,0.0,120.07423,880.81964,71.62941,815.68866,0.9385566586945122
