time,x,y,z,phi,theta,psi,x_velocity,y_velocity,z_velocity,x_accel,y_accel,z_accel,phi_velocity,theta_velocity,psi_velocity,rotor_speed1,rotor_speed2,rotor_speed3,rotor_speed4,reward
0.0,0.0,0.0,0.0,0.0,0.0,0.0,0.0,0.0,0.0,0.0,0.0,0.0,0.0,0.0,0.0,320.16248,408.52734,587.56274,600.1682,0
0.06,-0.0006525406823412023,3.830706481421288e-05,0.008695649702590994,0.011146711248111174,0.14736371814440563,0.0,-0.0398170691898898,0.0024563427243542955,0.28898549133947304,-1.3549284833887292,0.08845804229103997,4.777771595453078,0.20546605031937198,0.8821238929425446,0.0,326.42786,443.88425,551.1123,597.8565,1.0197328688978635
0.12000000000000001,-0.00833085488048905,0.0009570398878716879,0.03383852836899752,0.12804884602798783,0.47236741738162635,0.0,-0.2554143583589994,0.04129671565592418,0.5382290845297598,-5.075144738882412,1.1444838135985325,3.7126447375697973,0.9397013839106569,2.1007175999233683,0.0,326.10873,574.4243,449.03235,590.05676,1.0479640783799307
0.18,-0.040911073053969335,0.006815549431706476,0.06591918130921937,0.8737331554578951,2.093094020074764,0.0,-0.9381160964276571,0.13260740889863099,0.3583131231091521,-14.800095185274051,0.07998290585614849,-9.695847917072214,2.9135676974767777,5.034149008462108,0.0,223.89796,790.3035,235.18472,719.84283,1.0529380987728953
0.23999999999999996,-0.10780542388113203,0.009408967439050937,0.0561710502734711,0.8717757507004613,4.643133026298507,0.0,-1.2970491382467544,0.14998600991473854,-0.6577573021983512,-16.637142675753854,7.533588542007473,-13.906403612671975,8.900960088827777,12.114957239002441,0.0,114.16103,862.45105,122.81574,804.3322,0.9638640330757721
0.3,-0.17111552210582953,0.02615369981607349,0.0029480037097908084,3.2560667229245084,1.4391067715944708,0.0,-0.8630341291549715,0.5477221884853909,-1.0008803247235254,17.46631941474325,9.33825173902829,-2.087856179083345,15.796953066826951,19.202198989512638,0.0,184.70512,819.54407,157.42017,771.1447,0.890908694977645
