time,x,y,z,phi,theta,psi,x_velocity,y_velocity,z_velocity,x_accel,y_accel,z_accel,phi_velocity,theta_velocity,psi_velocity,rotor_speed1,rotor_speed2,rotor_speed3,rotor_speed4,reward
0.0,0.0,0.0,0.0,0.0,0.0,0.0,0.0,0.0,0.0,0.0,0.0,0.0,0.0,0.0,0.0,371.05334,588.22815,425.2361,474.03647,0
0.06,-0.005653774183405679,0.00021663798835186502,0.004521139647019045,0.0723746265017775,1.4015337987951417,0.0,-0.33068134392258774,0.01197740091533045,0.07974137875295745,-10.666665335679884,0.35671009777012114,-1.7659602789008018,0.6016382218527642,2.8400790345273785,0.0,246.86545,741.7382,205.04422,686.67615,1.0088880287981203
