time,x,y,z,phi,theta,psi,x_velocity,y_velocity,z_velocity,x_accel,y_accel,z_accel,phi_velocity,theta_velocity,psi_velocity,rotor_speed1,rotor_speed2,rotor_speed3,rotor_speed4,reward
0.0,0.0,0.0,0.0,0.0,0.0,0.0,0.0,0.0,0.0,0.0,0.0,0.0,0.0,0.0,0.0,434.07965,516.5692,445.1187,495.2804,0
0.06,-0.0008871630380576527,0.000324556769926667,0.006609783867830561,0.08263745555904656,0.21369596028675275,0.0,-0.05394767467759537,0.019893137564548007,0.2184197996721713,-1.828168005675521,0.680593392524433,3.555701910050001,0.6466319091716675,1.0737982471588445,0.0,395.9152,532.9233,473.38773,517.8427,1.014951758834064
0.12000000000000001,-0.011963903196182285,0.003892950593730284,0.025693151885738147,0.19246262641002598,0.7989713726518097,0.0,-0.38074829943137367,0.10739243583944319,0.38832246939867854,-7.8839320487492515,1.7564895355120733,1.643047502989097,1.2419143895545601,2.781916922036097,0.0,266.03558,661.95703,544.7929,636.70013,1.0355809032546095
0.18,-0.05508389566579485,0.009046932893457723,0.03470458158867824,0.6462385848233376,4.845341254163143,0.0,-0.7818218595237014,-0.07157774472409303,-0.44869099814444324,7.572058853093667,-7.7723391873729675,-24.41443763743703,2.6908914232734915,7.542764207487508,0.0,9.003059,900.0,845.211,897.3914,0.9999950968260605
