time,x,y,z,phi,theta,psi,x_velocity,y_velocity,z_velocity,x_accel,y_accel,z_accel,phi_velocity,theta_velocity,psi_velocity,rotor_speed1,rotor_speed2,rotor_speed3,rotor_speed4,reward
0.0,0.0,0.0,0.0,0.0,0.0,0.0,0.0,0.0,0.0,0.0,0.0,0.0,0.0,0.0,0.0,359.70654,597.58405,450.22504,462.32803,0
0.06,-0.006628601034701309,1.3278636202221554e-05,0.004113144418691003,0.006862165653057417,1.6665824489403498,0.0,-0.38235736385531427,0.0007341763648256741,0.03791840252667149,-12.105299702395296,0.02186663685637168,-3.6765256714988723,0.15158601093353885,3.1023085691673344,0.0,233.75772,768.73663,161.17523,714.7748,1.0074684722360774
