time,x,y,z,phi,theta,psi,x_velocity,y_velocity,z_velocity,x_accel,y_accel,z_accel,phi_velocity,theta_velocity,psi_velocity,rotor_speed1,rotor_speed2,rotor_speed3,rotor_speed4,reward
0.0,0.0,0.0,0.0,0.0,0.0,0.0,0.0,0.0,0.0,0.0,0.0,0.0,0.0,0.0,0.0,314.4431,428.19644,579.5415,592.04706,0
0.06,-0.0011071987493538888,3.636153182481928e-05,0.008488184896664159,0.010760782730233842,0.24610353985806643,0.0,-0.06724281108992641,0.002330818997094607,0.28052290959769927,-2.2752139583597595,0.08390759522004734,4.568309468095262,0.2010689726296579,1.1565096921403093,0.0,319.91644,487.46664,520.7701,585.5703,1.0192177570517902
0.12000000000000001,-0.014223267342893657,0.0011498388810446461,0.03147961375367985,0.20245139676895718,0.899683193335381,0.0,-0.44288227598271246,0.05249001918766383,0.44822761511475245,-8.96191395856728,1.4774879941297567,1.2712354481580148,1.1807724982156185,2.968910932384382,0.0,290.08392,666.9655,369.7247,600.89044,1.042546664011303
0.18,-0.05876036126889013,-0.00047545884624234074,0.04503110915217514,1.8416256820933263,4.783809290375046,0.0,-0.7966704072815661,-0.3130503055607115,-0.17258301747849242,6.3054778846977975,-13.55156902746133,-13.626275966142494,4.187761100688934,7.620502587363822,0.0,61.037598,887.49786,67.07055,849.8266,1.0122120333558149
0.23999999999999996,-0.07352066935817128,-0.01962483724210927,0.00857167774675854,3.3960442348758253,0.4676817699236828,0.0,-0.10335393324247624,-0.1558912377959008,-1.2498310327370676,-7.872905693661174,14.270807177478037,-25.776364797399335,13.233820539761336,16.715687849694078,0.0,28.036882,883.2549,100.92292,878.434,0.9152840752546567
