time,x,y,z,phi,theta,psi,x_velocity,y_velocity,z_velocity,x_accel,y_accel,z_accel,phi_velocity,theta_velocity,psi_velocity,rotor_speed1,rotor_speed2,rotor_speed3,rotor_speed4,reward
0.0,0.0,0.0,0.0,0.0,0.0,0.0,0.0,0.0,0.0,0.0,0.0,0.0,0.0,0.0,0.0,325.9402,404.20416,583.8969,605.5805,0
0.06,-0.0005171291560567653,0.00010906624852274061,0.008769180010967256,0.027946508472656006,0.11787836441003208,0.0,-0.031626397791519455,0.006816230023615092,0.2917217199181247,-1.0791569442220459,0.23855163046428043,4.836003189432243,0.3538268164619188,0.7830456411158169,0.0,333.11172,429.14948,555.73596,602.84796,1.0199073290548564
0.12000000000000001,-0.00652259945726193,0.0017920029072711076,0.034378387081862104,0.15640840600675165,0.3473349462600588,0.0,-0.1965662425120213,0.06423207946996441,0.5553455464725581,-3.810360689400774,1.524657791062515,4.1271393103444085,1.0979845645077948,1.7707071568324664,0.0,336.39905,524.60565,478.0581,596.8114,1.0490659103951256
0.18,-0.030953718665599705,0.01102910332625426,0.07163340952522625,0.7456911994808486,1.2585949233313283,0.0,-0.7100872088038495,0.2734231992173526,0.6021801129147601,-11.893988582080675,4.371141820566181,-2.5642839866150346,2.8104219363934977,3.9080531303541948,0.0,298.49026,702.2056,310.1724,651.20856,1.0660204765758956
0.23999999999999996,-0.08821723772503087,0.02149188816087627,0.09747046715222728,4.001039823646527,5.925602314436771,0.0,-0.7740201489157483,0.021030536334093467,0.2572332458660039,16.115482598482803,-0.6301898878052518,-6.217605846868226,7.050736779775086,8.998889690246415,0.0,71.72829,891.4123,40.824287,870.57227,1.0374912093438944
0.3,-0.11228805458278796,0.00181693228763769,0.07513019281746397,5.336250789721932,0.7631211547483865,0.0,-0.05628356183310759,-0.7559828924685803,-0.8339967517274843,6.0953965559839105,-22.56048002487946,-11.547505955112365,15.953286308881754,17.77830322601185,0.0,88.0867,880.0883,62.232857,858.8706,0.9414223213585815
0.36000000000000004,-0.1250722404279711,-0.07174148901855426,0.01917541475817447,5.608774554191353,0.41251418038502763,0.0,0.10310066976168547,-1.6335561183503062,-1.2639747973492201,19.641151384578368,-8.769934127484584,-17.624521154936236,21.62588408872016,23.05048111886799,0.0,78.466965,881.4539,46.9689,867.9523,0.8870792747927827
