time,x,y,z,phi,theta,psi,x_velocity,y_velocity,z_velocity,x_accel,y_accel,z_accel,phi_velocity,theta_velocity,psi_velocity,rotor_speed1,rotor_speed2,rotor_speed3,rotor_speed4,reward
0.0,0.0,0.0,0.0,0.0,0.0,0.0,0.0,0.0,0.0,0.0,0.0,0.0,0.0,0.0,0.0,346.4879,570.0009,471.86212,494.1538,0
0.06,-0.005634443907447816,5.618389102444604e-05,0.005205962269777097,0.020460451265929436,1.3562813389663226,0.0,-0.33024523511469067,0.003209386429965087,0.10523233768197261,-10.68228286498226,0.10024425468626641,-1.2269757040934117,0.29544930936239666,2.7928992432934314,0.0,262.9989,704.03906,220.63033,686.78357,1.0104962199104597
