time,x,y,z,phi,theta,psi,x_velocity,y_velocity,z_velocity,x_accel,y_accel,z_accel,phi_velocity,theta_velocity,psi_velocity,rotor_speed1,rotor_speed2,rotor_speed3,rotor_speed4,reward
0.0,0.0,0.0,0.0,0.0,0.0,0.0,0.0,0.0,0.0,0.0,0.0,0.0,0.0,0.0,0.0,408.68048,538.15173,392.45917,538.3154,0
0.06,-0.0021372155214015895,0.002530728281063361,0.0061130105037038,0.6109588423150871,0.5018427977086173,0.0,-0.12888493817896918,0.15052561047697977,0.1809682707333575,-4.323331559918715,4.96260008311508,2.014812230104772,1.8553230647461232,1.6760711674935114,0.0,368.98077,604.94006,327.13858,609.6454,1.0133428119755694
0.12000000000000001,-0.02767442004028294,0.02288913888170177,0.010881766169524956,2.8332164506490862,2.2131809288968256,0.0,-0.8236109839682405,0.4160870681492893,-0.15525451955784467,-14.68397881428544,-0.9878341882451449,-9.219673769346247,5.352758094494046,4.7238964500629805,0.0,227.87729,805.1996,123.44201,812.7111,1.00036697469586
0.18,-0.08918166767203242,0.0541212382223498,0.005710521278566286,1.2213582116274004,5.562975995564228,0.0,-1.11702532668768,0.9093665964828863,-0.0819133649393429,-8.322999416625068,17.569970554404613,-2.86024479222108,13.262722287334464,12.140142243391459,0.0,83.241135,884.7458,53.22061,885.3075,0.9823200370388572
