time,x,y,z,phi,theta,psi,x_velocity,y_velocity,z_velocity,x_accel,y_accel,z_accel,phi_velocity,theta_velocity,psi_velocity,rotor_speed1,rotor_speed2,rotor_speed3,rotor_speed4,reward
0.0,0.0,0.0,0.0,0.0,0.0,0.0,0.0,0.0,0.0,0.0,0.0,0.0,0.0,0.0,0.0,313.63718,436.6692,573.17523,591.9093,0
0.06,-0.0013175621671497385,7.759714765841666e-05,0.008444480383580177,0.020939282379127455,0.2913715113059885,0.0,-0.0798986342542069,0.004868230755168962,0.27807468431899024,-2.698492151191172,0.1711244374916305,4.483732386131251,0.2994679134697215,1.2634187653824598,0.0,316.75665,525.02655,490.3912,585.6731,1.0190921512217859
0.12000000000000001,-0.017763519557777455,0.0020237765775225273,0.029735133330967382,0.39274052187370856,1.3315158728745367,0.0,-0.5727445072238356,0.08373049488449505,0.3507591875239828,-11.97506990453784,2.0686069705802934,-2.067081951878855,1.6974740978769214,3.6086039742241796,0.0,235.04124,754.7626,270.61102,672.49426,1.0378163813857204
0.18,-0.06179873860795033,0.0017076324157515683,0.0358361763410558,4.804492395359009,2.5793603041134716,0.0,-0.7379004701451656,-0.16995155222298286,-0.4116176635929277,-4.9895468152844344,-4.110059896093351,-25.846203652446665,6.720228848610746,10.165186763497289,0.0,57.106033,883.91986,99.20969,839.9257,0.9960576043962877
