time,x,y,z,phi,theta,psi,x_velocity,y_velocity,z_velocity,x_accel,y_accel,z_accel,phi_velocity,theta_velocity,psi_velocity,rotor_speed1,rotor_speed2,rotor_speed3,rotor_speed4,reward
0.0,0.0,0.0,0.0,0.0,0.0,0.0,0.0,0.0,0.0,0.0,0.0,0.0,0.0,0.0,0.0,317.7996,419.82996,582.6226,593.4641,0
0.06,-0.000881999676971305,2.805732396031979e-05,0.008517951599694913,0.008604645376001585,0.19769648774620485,0.0,-0.05367049644707098,0.0018158103570787062,0.28237883474569414,-1.8202880411020612,0.0660424668801035,4.637413128650706,0.1749942056618804,1.0306526570580017,0.0,327.8255,468.62488,529.55023,586.6391,1.0193088642808272
0.12000000000000001,-0.011215234473578254,0.0009628041816743862,0.03236454386703099,0.16310920728695066,0.667942888383176,0.0,-0.34547403823801803,0.045408848148845896,0.49142263806423,-6.911433684644049,1.3256304329799793,2.62957021813158,1.046304319254049,2.5365708122988226,0.0,324.92212,626.7484,389.1413,579.6766,1.0448831433042032
0.18,-0.05198268888324565,0.003945877952958848,0.054517192568110606,1.3021555959194142,3.224032372559668,0.0,-1.0240933530853082,-0.08720854088168015,0.005418586865185426,-9.96565306124009,-8.705844604572304,-16.46331538678248,3.527302489204494,6.272028196423574,0.0,147.34235,850.7142,129.04535,785.51025,1.0299069997832655
0.23999999999999996,-0.12233881974536281,-0.016759470673321026,0.029247558609659552,5.21566378169301,3.085772146284153,0.0,-1.2310326323352234,-0.12700804367233975,-0.9130367075637522,8.486547002973206,15.78113757021678,-20.190033896818377,11.197254442397512,14.691865024836815,0.0,114.586266,869.2371,67.19066,827.9186,0.9360497789439788
