time,x,y,z,phi,theta,psi,x_velocity,y_velocity,z_velocity,x_accel,y_accel,z_accel,phi_velocity,theta_velocity,psi_velocity,rotor_speed1,rotor_speed2,rotor_speed3,rotor_speed4,reward
0.0,0.0,0.0,0.0,0.0,0.0,0.0,0.0,0.0,0.0,0.0,0.0,0.0,0.0,0.0,0.0,320.55664,496.03488,530.285,571.4916,0
0.06,-0.00307027527700662,0.00030475864594061406,0.0077439915165810865,0.077026341816409,0.6781375966329186,0.0,-0.18431993421373497,0.01834935934771062,0.23949898262075145,-6.148306873513572,0.6143053362267613,3.1715805241294515,0.6224005580425697,1.9577764506680688,0.0,298.1664,660.91864,334.91693,612.7204,1.0171715336444063
0.12000000000000001,-0.03193446632864527,-0.003226922349939513,0.013867893360492631,2.2957553552239425,4.402266736642815,0.0,-0.6366373889312091,-0.3508233811419419,-0.19566413356928922,1.0364499188621683,-15.193912713352326,-10.009806081056098,4.179710420153996,6.547232977707433,0.0,33.98337,894.7767,17.940178,887.024,1.002225638255509
