time,x,y,z,phi,theta,psi,x_velocity,y_velocity,z_velocity,x_accel,y_accel,z_accel,phi_velocity,theta_velocity,psi_velocity,rotor_speed1,rotor_speed2,rotor_speed3,rotor_speed4,reward
0.0,0.0,0.0,0.0,0.0,0.0,0.0,0.0,0.0,0.0,0.0,0.0,0.0,0.0,0.0,0.0,332.45993,547.8468,491.81842,524.4663,0
0.06,-0.005011068013723252,0.00014200917866268774,0.006070842741526989,0.04361993127336472,1.166992596788889,0.0,-0.296084060038156,0.008222253809668092,0.1501951173029123,-9.678634468553573,0.26164608906838754,0.22081532690222141,0.45504739111134607,2.5864452710641723,0.0,252.79387,717.09973,252.00215,670.90454,1.0127480071795814
0.12000000000000001,-0.03376630472770447,-0.008905557917336621,0.0024725044957571527,4.709769584307693,0.8987769774899359,0.0,-0.2800383893293931,-0.3190867968034252,-0.4782542863093172,13.593638993814585,-0.4148518982128325,-18.97903900699,5.669589737066582,8.45115112298501,0.0,37.32463,891.02075,28.426075,878.9464,0.9813311797622488
