time,x,y,z,phi,theta,psi,x_velocity,y_velocity,z_velocity,x_accel,y_accel,z_accel,phi_velocity,theta_velocity,psi_velocity,rotor_speed1,rotor_speed2,rotor_speed3,rotor_speed4,reward
0.0,0.0,0.0,0.0,0.0,0.0,0.0,0.0,0.0,0.0,0.0,0.0,0.0,0.0,0.0,0.0,318.52057,492.65253,533.14124,575.9379,0
0.06,-0.002997761696119133,0.00033482158911807205,0.007861894700128177,0.08358826413010423,0.6595783410616001,0.0,-0.18005536077668272,0.020162109160121382,0.24432282067801053,-6.0097478179533725,0.6751042142139237,3.2911298165127607,0.6506571603102801,1.9299993312080552,0.0,280.9006,679.874,329.28888,634.3747,1.0174559415906812
0.12000000000000001,-0.0293910455436888,-0.004652094821249017,0.015167716650943843,2.8272315492283013,5.146088611712175,0.0,-0.4558310462173533,-0.366419501657105,-0.10617943603162194,8.604894618392725,-12.45902631638646,-5.265201222424018,4.61832147306485,6.988155467270639,0.0,11.038721,899.18756,7.1569743,897.3906,1.0057486016343846
