time,x,y,z,phi,theta,psi,x_velocity,y_velocity,z_velocity,x_accel,y_accel,z_accel,phi_velocity,theta_velocity,psi_velocity,rotor_speed1,rotor_speed2,rotor_speed3,rotor_speed4,reward
0.0,0.0,0.0,0.0,0.0,0.0,0.0,0.0,0.0,0.0,0.0,0.0,0.0,0.0,0.0,0.0,362.8912,607.20306,436.93494,447.78995,0
0.06,-0.00695356677038312,9.24501844589734e-06,0.0034286535203011752,0.005532732091564796,1.8015575300790019,0.0,-0.39785379592465364,0.0004936933739321422,0.0015700561612101566,-12.455117768391222,0.013914456930167315,-4.858748783622936,0.13181552185510811,3.227818548495181,0.0,208.11128,782.483,154.04721,707.6583,1.0056779468726857
