time,x,y,z,phi,theta,psi,x_velocity,y_velocity,z_velocity,x_accel,y_accel,z_accel,phi_velocity,theta_velocity,psi_velocity,rotor_speed1,rotor_speed2,rotor_speed3,rotor_speed4,reward
0.0,0.0,0.0,0.0,0.0,0.0,0.0,0.0,0.0,0.0,0.0,0.0,0.0,0.0,0.0,0.0,317.7674,469.44708,550.7855,579.47845,0
0.06,-0.0021658479152548305,0.0001630417842399103,0.008095037549308582,0.04187642042503281,0.47705753725247924,0.0,-0.13069108779296695,0.010015246075827426,0.26064583500489125,-4.387211796335445,0.34353899508728125,3.9386723372978927,0.4447923653208461,1.6327106045856867,0.0,313.35565,601.83496,404.41168,592.33746,1.0181658483556997
0.12000000000000001,-0.027700491200784574,0.0016949694077166202,0.021007558725524417,1.1975612336179067,2.6958898686064927,0.0,-0.8106927675909736,-0.02085804330280875,-0.056166836829129485,-13.493074501092792,-4.098268222991192,-13.754214978958652,2.987603966928245,5.138705850532171,0.0,114.36501,863.1695,85.10437,826.38544,1.0163361061917735
