time,x,y,z,phi,theta,psi,x_velocity,y_velocity,z_velocity,x_accel,y_accel,z_accel,phi_velocity,theta_velocity,psi_velocity,rotor_speed1,rotor_speed2,rotor_speed3,rotor_speed4,reward
0.0,0.0,0.0,0.0,0.0,0.0,0.0,0.0,0.0,0.0,0.0,0.0,0.0,0.0,0.0,0.0,369.5944,594.8305,433.32513,460.75156,0
0.06,-0.006066193898943415,6.584024286095284e-05,0.004235072343977526,0.025592534198463746,1.5202970270250633,0.0,-0.3527213608824743,0.0036162777462653657,0.05854304910360079,-11.288617318827034,0.10662022381752036,-2.621776204894832,0.3363970562413424,2.9603962443380736,0.0,229.69221,760.22205,181.0412,701.90894,1.008036624746349
