time,x,y,z,phi,theta,psi,x_velocity,y_velocity,z_velocity,x_accel,y_accel,z_accel,phi_velocity,theta_velocity,psi_velocity,rotor_speed1,rotor_speed2,rotor_speed3,rotor_speed4,reward
0.0,0.0,0.0,0.0,0.0,0.0,0.0,0.0,0.0,0.0,0.0,0.0,0.0,0.0,0.0,0.0,371.74612,585.93274,419.9764,484.44016,0
0.06,-0.0055282500267929795,0.00038705322810358945,0.004705662810582712,0.12237389281061706,1.3598304821127511,0.0,-0.323969072268025,0.021432367671844883,0.08934671461045397,-10.477055353119427,0.6397945051293925,-1.4565801684323565,0.7988910424286839,2.7966278593602345,0.0,265.20175,720.9274,223.02304,674.753,1.009362164669981
