time,x,y,z,phi,theta,psi,x_velocity,y_velocity,z_velocity,x_accel,y_accel,z_accel,phi_velocity,theta_velocity,psi_velocity,rotor_speed1,rotor_speed2,rotor_speed3,rotor_speed4,reward
0.0,0.0,0.0,0.0,0.0,0.0,0.0,0.0,0.0,0.0,0.0,0.0,0.0,0.0,0.0,0.0,449.95105,334.67685,600.16766,633.4476,0
0.06,-0.0013540832221047264,0.00029512181048258997,0.011368965317200951,0.06408181963253767,0.23062097460149555,0.0,-0.0800654724682766,0.018138374940310172,0.37590695807247676,-2.619702379858929,0.622573594316788,6.133125156461517,0.5629129560377789,-1.2379944328371366,0.0,507.1748,409.58344,504.212,623.27637,1.0257379292135833
0.12000000000000001,-0.013595974584839281,0.006160798354928373,0.04345809335740647,0.6876154821350617,0.3688525185568814,0.0,-0.348997644233016,0.2558210564800315,0.6658479509186163,-5.2416585794120225,6.882792698488477,3.68291029593598,2.384505193266696,-2.4293028465040765,0.0,506.0805,485.61954,387.132,701.4889,1.0603138651674362
0.18,-0.044838800766632214,0.04075254703782681,0.07140545554853517,4.260649343142408,0.22550651413511336,0.0,-0.6723943357989668,0.7673307651079578,-0.11640756074422531,-4.632041731076855,0.3289308148650753,-26.205724074881697,6.858128808414287,-2.6250447495392835,0.0,542.2085,647.209,170.79169,855.1512,1.0341643131351503
0.23999999999999996,-0.09683122330709776,0.07505907019154184,0.030124295834657144,3.782541908135663,0.6274785553582207,0.0,-1.1331859998194291,0.7368108537244398,-0.8941158342471838,-10.400707640795957,7.639247895551138,8.183420470851221,15.142198748055026,-0.8527882057566305,0.0,710.5215,336.52127,484.66098,741.6047,0.9090200201334977
