time,x,y,z,phi,theta,psi,x_velocity,y_velocity,z_velocity,x_accel,y_accel,z_accel,phi_velocity,theta_velocity,psi_velocity,rotor_speed1,rotor_speed2,rotor_speed3,rotor_speed4,reward
0.0,0.0,0.0,0.0,0.0,0.0,0.0,0.0,0.0,0.0,0.0,0.0,0.0,0.0,0.0,0.0,407.44617,542.8276,390.06006,538.9819,0
0.06,-0.0023549194745797484,0.0026172354197860088,0.006114370539483951,0.6337100779301945,0.5507421629616278,0.0,-0.1418405775251091,0.15521266348198093,0.17812689310838953,-4.750744627933812,5.097861211683548,1.8417153568990547,1.8906235582480093,1.7585876197227786,0.0,355.20932,628.1388,300.60587,632.5149,1.0132865726208184
0.12000000000000001,-0.030292485508029297,0.02111871810077633,0.010727993354793571,3.6219531721768288,2.8355063949265826,0.0,-0.8592224090781775,0.31246514490065846,-0.07454354703142223,-13.187632880272773,-3.510762368943084,-3.1411900714863847,5.98186508470402,5.313197343981224,0.0,162.0359,858.7863,55.399555,863.8259,1.0013701745148613
0.18,-0.10120040843284671,0.05406220185100011,0.009317166550894101,5.1554389173631225,3.5669635984752617,0.0,-1.3400492835314235,0.9238122350157998,-0.11608492052611387,5.486714160450927,20.384395962076155,-1.350687589244863,14.977107037493948,14.05750180665687,0.0,132.7771,873.4365,45.913483,875.7815,0.986468346023482
