time,x,y,z,phi,theta,psi,x_velocity,y_velocity,z_velocity,x_accel,y_accel,z_accel,phi_velocity,theta_velocity,psi_velocity,rotor_speed1,rotor_speed2,rotor_speed3,rotor_speed4,reward
0.0,0.0,0.0,0.0,0.0,0.0,0.0,0.0,0.0,0.0,0.0,0.0,0.0,0.0,0.0,0.0,367.0468,601.35736,432.55957,457.4332,0
0.06,-0.006517367749108518,5.0579207700073006e-05,0.003900613151115926,0.021451622817322047,1.6550501351185805,0.0,-0.3761896795487617,0.002694397482066224,0.03318571523153553,-11.920806593385832,0.07563179190478429,-3.654044642676223,0.3037168032595011,3.091353155381236,0.0,221.3624,768.1284,170.67557,707.14844,1.0070264810036373
