time,x,y,z,phi,theta,psi,x_velocity,y_velocity,z_velocity,x_accel,y_accel,z_accel,phi_velocity,theta_velocity,psi_velocity,rotor_speed1,rotor_speed2,rotor_speed3,rotor_speed4,reward
0.0,0.0,0.0,0.0,0.0,0.0,0.0,0.0,0.0,0.0,0.0,0.0,0.0,0.0,0.0,0.0,432.03384,478.08957,468.29556,477.9883,0
0.06,-0.0002484822778016111,1.3597119687379908e-05,0.005687702714179127,0.00515991657820436,0.06655083445554055,0.0,-0.01530294243426715,0.0009027197645207128,0.189433725849657,-0.5265149880660085,0.03371118312060369,3.1502441744907235,0.12589434513105333,0.5746885617569725,0.0,420.31708,488.47733,476.14163,488.57712,1.0129213027299682
0.12000000000000001,-0.003439010322169382,0.00024556590865801954,0.02309344702355881,0.02050124028995981,0.23555298645162726,0.0,-0.10989529809740209,0.008404981583669294,0.3884111016348078,-2.2937598143470166,0.18630040452838828,3.220449522799654,0.290184433464127,1.4147928456682803,0.0,384.81516,521.79675,498.22482,522.1265,1.0337573103091058
0.18,-0.018416115455442823,0.0013911795168077693,0.052534675393683054,0.06302698563246789,0.8080331839469457,0.0,-0.45352651926980436,0.03322019140928166,0.5637460812763819,-8.113606066497637,0.5396929556003385,1.7442041667361181,0.6228605576743573,3.06542210129587,0.0,272.01093,629.128,572.4124,630.186,1.054904791099122
0.23999999999999996,-0.06951587977067883,0.0030595923023349417,0.07421963897606546,0.26705596535273646,3.926202290472885,0.0,-1.124780081961259,-0.03314721814162751,-0.23595246432537226,-3.5856632797875148,-3.3853041168793516,-27.074587529215215,1.5642937271950088,7.197868274403625,0.0,25.02767,880.6,827.6992,881.2171,1.02469378394826
