time,x,y,z,phi,theta,psi,x_velocity,y_velocity,z_velocity,x_accel,y_accel,z_accel,phi_velocity,theta_velocity,psi_velocity,rotor_speed1,rotor_speed2,rotor_speed3,rotor_speed4,reward
0.0,0.0,0.0,0.0,0.0,0.0,0.0,0.0,0.0,0.0,0.0,0.0,0.0,0.0,0.0,0.0,321.7897,508.5777,521.5152,562.69415,0
0.06,-0.0035484103108459385,0.0002870899387154919,0.0074187913757383425,0.07469609622747964,0.7904025035209337,0.0,-0.21235989369092909,0.017154832744724055,0.22224505375419565,-7.055966249704835,0.5688876090655743,2.6032156915097566,0.612080319347329,2.1182606659554817,0.0,281.83322,682.62366,319.81653,622.35425,1.0163088702252132
0.12000000000000001,-0.03178519258776682,-0.0054325273997643045,0.010592835386231517,2.6598532413082605,5.329800175619377,0.0,-0.4405421787761019,-0.36665169342759285,-0.22685544743923208,10.572127963395827,-11.096648749440085,-7.179299159697986,4.4617983493972035,7.200433660717479,0.0,20.746748,897.0875,14.22903,890.92413,0.9967108956643431
