time,x,y,z,phi,theta,psi,x_velocity,y_velocity,z_velocity,x_accel,y_accel,z_accel,phi_velocity,theta_velocity,psi_velocity,rotor_speed1,rotor_speed2,rotor_speed3,rotor_speed4,reward
0.0,0.0,0.0,0.0,0.0,0.0,0.0,0.0,0.0,0.0,0.0,0.0,0.0,0.0,0.0,0.0,314.58798,449.37283,563.84314,588.3106,0
0.06,-0.0016282576794616806,0.00012621370918366036,0.008317277507622184,0.032661023379295884,0.35903671326093356,0.0,-0.09854856377833719,0.007823635253881411,0.27204333221348226,-3.320498084721088,0.27123837108195487,4.304223151104259,0.3866923863997423,1.4087841916678832,0.0,314.7937,561.97797,452.8505,582.7425,1.018759302060069
0.12000000000000001,-0.02205398791394687,0.0025291951593790084,0.026385203504857967,0.6510184078260988,1.895686399935153,0.0,-0.7036153134640888,0.08137619286619194,0.18245111677058157,-14.164449995833582,1.1233690938289511,-7.400230889475748,2.2169448532474223,4.299847926815577,0.0,169.35443,818.7992,167.26733,747.11975,1.02930762318625
0.18,-0.07830180033597019,-0.0015752692740097216,0.0011072634431977474,2.6961319560785384,0.6317415280347252,0.0,-0.816726417403524,-0.19456117004153478,-1.190735599988124,8.303817473690788,-1.963439323658509,-27.140143030390877,9.163712417765078,12.366428040452801,0.0,69.54704,892.23254,29.4353,844.714,0.930396720479157
