time,x,y,z,phi,theta,psi,x_velocity,y_velocity,z_velocity,x_accel,y_accel,z_accel,phi_velocity,theta_velocity,psi_velocity,rotor_speed1,rotor_speed2,rotor_speed3,rotor_speed4,reward
0.0,0.0,0.0,0.0,0.0,0.0,0.0,0.0,0.0,0.0,0.0,0.0,0.0,0.0,0.0,0.0,324.29462,529.2613,506.0752,548.4109,0
0.06,-0.004401328741370277,0.0002710907234616997,0.0068100653658481804,0.07468277714065863,0.9982091962628861,0.0,-0.2616803416062591,0.015891026872000627,0.1877759047168823,-8.622703767043738,0.5141002067457977,1.4097999160733747,0.6120207555539623,2.387710902528926,0.0,270.54294,695.3489,290.6351,641.5358,1.014659579167065
0.12000000000000001,-0.03385242741334771,-0.006932786511269288,0.006353017920137004,3.4459898682656416,6.054219169051283,0.0,-0.33856129008253893,-0.30206716789847504,-0.2807593807243599,15.314126323572726,-2.8140363178723606,-7.094433934056057,5.024114812054062,7.75312101782843,0.0,11.580464,898.2357,9.543137,895.51587,0.9896942187799709
