time,x,y,z,phi,theta,psi,x_velocity,y_velocity,z_velocity,x_accel,y_accel,z_accel,phi_velocity,theta_velocity,psi_velocity,rotor_speed1,rotor_speed2,rotor_speed3,rotor_speed4,reward
0.0,0.0,0.0,0.0,0.0,0.0,0.0,0.0,0.0,0.0,0.0,0.0,0.0,0.0,0.0,0.0,314.44955,431.67773,576.73737,591.56354,0
0.06,-0.001184708485271844,4.9895935007699455e-05,0.00845725526299878,0.014171764829786326,0.26293083402217476,0.0,-0.07190806608287797,0.0031674402826479906,0.2791460346572078,-2.4313337430362387,0.11281818367935063,4.530085206093768,0.2376901333097293,1.1973126278004411,0.0,321.16776,497.79572,512.0912,582.50336,1.019138143746896
0.12000000000000001,-0.015294983138012143,0.0013679241900139236,0.03094203198713183,0.23420085185862405,0.9991333785370635,0.0,-0.47856306923321135,0.05967286443224931,0.4242302078419541,-9.72969642912749,1.6138113094328654,0.5507263520765003,1.2902328800587068,3.1339399630805365,0.0,287.22772,679.228,356.82404,603.81006,1.0412261166786279
0.18,-0.06056783667212214,-0.0008490793183458373,0.04170465280355259,2.0541910720426824,5.242640726482874,0.0,-0.7111993119463165,-0.30678350253254927,-0.19219667327954776,10.873634689313095,-11.038698251480797,-11.131718332921153,4.462966056748466,8.002321682788695,0.0,61.931282,888.2925,67.80748,845.4659,1.0071649132228628
0.23999999999999996,-0.07028657983936122,-0.007077716794594066,0.0029344968986843517,3.1874070038736324,0.6919941083731302,0.0,0.11458384956132371,0.18072278835988548,-1.2399591653495445,-0.8605032369236769,16.287230995590196,-25.632482541092433,13.363195848510639,17.011098890667427,0.0,42.903435,878.15826,121.61052,858.28577,0.9121536655632727
