time,x,y,z,phi,theta,psi,x_velocity,y_velocity,z_velocity,x_accel,y_accel,z_accel,phi_velocity,theta_velocity,psi_velocity,rotor_speed1,rotor_speed2,rotor_speed3,rotor_speed4,reward
0.0,0.0,0.0,0.0,0.0,0.0,0.0,0.0,0.0,0.0,0.0,0.0,0.0,0.0,0.0,0.0,427.44974,489.78864,466.37335,486.03885,0
0.06,-0.00046430518292284276,5.281196867976053e-05,0.006040327479145673,0.016150056013939817,0.11801698032362395,0.0,-0.028395858470117295,0.0033469397131651313,0.20084622616153736,-0.9689264279516904,0.11899055678798351,3.3252519607462423,0.2569962234231491,0.7835389501823615,0.0,404.13666,510.28067,481.13834,506.0369,1.0137074608956023
0.12000000000000001,-0.006605227019229642,0.0007998181478801182,0.02459447479344603,0.05707003418957779,0.47792209850305145,0.0,-0.21762911395275777,0.025689382033480472,0.4075544005286786,-4.7121061461506,0.5298416709715087,3.0330149994115057,0.592615563911641,2.0945515086127355,0.0,318.78253,596.27893,531.92804,587.7956,1.0357003439827341
0.18,-0.03930571894184479,0.0034267958394565592,0.048698631342956586,0.22956356154267787,2.527282500952582,0.0,-0.9807486378158699,0.04055788914815645,0.14204347314881427,-15.627289891928934,-0.7729795770094058,-14.394232568609556,1.4407269879893911,5.430370647049039,0.0,52.41045,859.58856,759.9464,851.771,1.0371952779751912
0.23999999999999996,-0.13476918402475915,0.004081403305985608,0.019261755118096812,1.0023773716146032,4.123970577927606,0.0,-2.001608468004728,0.3326122492283178,-0.49583196052749673,-2.712608494681698,20.635877142137684,12.790295829770628,3.409984630985837,14.460082950850424,0.0,56.0311,858.52435,743.78546,849.4703,0.9334553900732596
