time,x,y,z,phi,theta,psi,x_velocity,y_velocity,z_velocity,x_accel,y_accel,z_accel,phi_velocity,theta_velocity,psi_velocity,rotor_speed1,rotor_speed2,rotor_speed3,rotor_speed4,reward
0.0,0.0,0.0,0.0,0.0,0.0,0.0,0.0,0.0,0.0,0.0,0.0,0.0,0.0,0.0,0.0,432.8036,514.48193,447.2145,495.23413,0
0.06,-0.0008626137133145061,0.00029879336173594046,0.006574046598911036,0.07657417777296072,0.20833031580554184,0.0,-0.052466773891884276,0.018333603286264835,0.21734960671381176,-1.7784737586050556,0.6280368421300114,3.543226184188286,0.6204094236142563,1.0595142842868104,0.0,394.6853,532.6935,475.2211,518.63,1.014874473177058
0.12000000000000001,-0.011755488338772671,0.0036198759878154152,0.02567374829967864,0.18222694954826668,0.7989101985501694,0.0,-0.37688812361896895,0.10049353385820106,0.3899919976852516,-7.873617551351253,1.660279375669321,1.6891402358253649,1.2036993820489288,2.7780569895287597,0.0,262.42786,664.78796,547.61945,640.2324,1.0356804013927556
0.18,-0.05423759485375067,0.008226622229456379,0.03458289992818535,0.6442872128234294,4.965760518944151,0.0,-0.7440894630391198,-0.07699545863505963,-0.4491920420974054,8.995688015042099,-7.437455293789271,-23.948625681814093,2.673563475938337,7.613308812605776,0.0,8.185997,900.0,849.65295,898.38086,0.9998979443670799
