time,x,y,z,phi,theta,psi,x_velocity,y_velocity,z_velocity,x_accel,y_accel,z_accel,phi_velocity,theta_velocity,psi_velocity,rotor_speed1,rotor_speed2,rotor_speed3,rotor_speed4,reward
0.0,0.0,0.0,0.0,0.0,0.0,0.0,0.0,0.0,0.0,0.0,0.0,0.0,0.0,0.0,0.0,351.33002,586.5082,460.23904,479.70526,0
0.06,-0.006348662784745284,3.722930444444376e-05,0.004567588439918756,0.01552907838031814,1.566072725136955,0.0,-0.3682567701357069,0.002049629372463838,0.06312033734114356,-11.747600798314805,0.06064894182367843,-2.826042817221877,0.25106487960639057,3.0055099100999714,0.0,257.91788,721.12494,212.62018,691.27405,1.008676387556541
