time,x,y,z,phi,theta,psi,x_velocity,y_velocity,z_velocity,x_accel,y_accel,z_accel,phi_velocity,theta_velocity,psi_velocity,rotor_speed1,rotor_speed2,rotor_speed3,rotor_speed4,reward
0.0,0.0,0.0,0.0,0.0,0.0,0.0,0.0,0.0,0.0,0.0,0.0,0.0,0.0,0.0,0.0,316.38306,421.1887,581.54456,596.9545,0
0.06,-0.0009327850789505854,5.5028479625455016e-05,0.008598523349791044,0.015336085532465127,0.20796318435135852,0.0,-0.056734988080758955,0.0034885380483774945,0.2848867237074141,-1.923161408680458,0.12406915456467456,4.671339750950058,0.24919918260864332,1.0585297266233589,0.0,322.61438,481.86536,520.78485,594.7734,1.019486091186038
0.12000000000000001,-0.012298656975794554,0.001626879873533513,0.032471673278975446,0.2645404100992197,0.7995134400047892,0.0,-0.39039177210068376,0.07372064191007399,0.47934887816275984,-8.102083032813079,2.077795987939535,1.956106778280904,1.3760410708803563,2.7788068075759917,0.0,294.89102,679.6017,342.43924,623.4806,1.0446119933500735
0.18,-0.052729321381340476,0.0010011576522848675,0.051928701790729975,2.609500802047924,5.005401816154313,0.0,-0.6971225758985907,-0.30768502767465244,0.07536421273021121,8.158433346185074,-13.096930792222716,-6.194691646775619,4.999285233628831,7.637849888328843,0.0,40.111267,895.8009,26.432886,881.4074,1.0264240245346243
0.23999999999999996,-0.05598977891063929,-0.01885135769479417,0.03280330960785792,6.030018702070208,1.3186948956271323,0.0,0.390654288616782,-0.6975803748052649,-0.6665881748899022,7.901808660216463,-22.28263102630894,-12.24873008120012,14.618794971589,16.934627256863543,0.0,50.66864,895.0017,26.803007,874.96936,0.9528844619929282
