time,x,y,z,phi,theta,psi,x_velocity,y_velocity,z_velocity,x_accel,y_accel,z_accel,phi_velocity,theta_velocity,psi_velocity,rotor_speed1,rotor_speed2,rotor_speed3,rotor_speed4,reward
0.0,0.0,0.0,0.0,0.0,0.0,0.0,0.0,0.0,0.0,0.0,0.0,0.0,0.0,0.0,0.0,372.19714,583.6191,418.39038,488.4352,0
0.06,-0.005390304425241138,0.00046525942705196875,0.004804220076985407,0.14364550654452213,1.320886319030535,0.0,-0.3164420227612027,0.0258976941945988,0.0960774914149706,-10.257390643987359,0.7791784969649884,-1.1953601477086657,0.8702119526289213,2.7554458996247737,0.0,276.77402,705.84796,240.67537,659.9903,1.0096449265432317
