time,x,y,z,phi,theta,psi,x_velocity,y_velocity,z_velocity,x_accel,y_accel,z_accel,phi_velocity,theta_velocity,psi_velocity,rotor_speed1,rotor_speed2,rotor_speed3,rotor_speed4,reward
0.0,0.0,0.0,0.0,0.0,0.0,0.0,0.0,0.0,0.0,0.0,0.0,0.0,0.0,0.0,0.0,359.013,600.64905,447.14716,462.6985,0
0.06,-0.006820788415999874,2.0643600124705486e-05,0.0039468976939646926,0.0101689007870025,1.7265593759951336,0.0,-0.39206073236849626,0.0011011800240089515,0.025726821778660924,-12.352583887637532,0.030979501488907647,-4.163931796090066,0.19417680805999069,3.158684031490403,0.0,207.69264,794.463,135.65742,739.9914,1.0069737729959856
