time,x,y,z,phi,theta,psi,x_velocity,y_velocity,z_velocity,x_accel,y_accel,z_accel,phi_velocity,theta_velocity,psi_velocity,rotor_speed1,rotor_speed2,rotor_speed3,rotor_speed4,reward
0.0,0.0,0.0,0.0,0.0,0.0,0.0,0.0,0.0,0.0,0.0,0.0,0.0,0.0,0.0,0.0,361.88525,609.8273,440.3514,451.13208,0
0.06,-0.007188665966200826,8.978660993099057e-06,0.0034394183494190107,0.005538959898907514,1.860118558779206,0.0,-0.409757397590349,0.00046811171445589083,-0.0057862202716825045,-12.760139903774112,0.012661726101444167,-5.3101235962068305,0.13191290315774407,3.2808062157377575,0.0,209.67625,790.72076,145.69502,711.92615,1.0055669827361804
