time,x,y,z,phi,theta,psi,x_velocity,y_velocity,z_velocity,x_accel,y_accel,z_accel,phi_velocity,theta_velocity,psi_velocity,rotor_speed1,rotor_speed2,rotor_speed3,rotor_speed4,reward
0.0,0.0,0.0,0.0,0.0,0.0,0.0,0.0,0.0,0.0,0.0,0.0,0.0,0.0,0.0,0.0,364.53595,607.9627,437.80576,449.31012,0
0.06,-0.006974828101854271,1.0459586176337361e-05,0.0035418882455069134,0.006072313561656273,1.797512363400223,0.0,-0.39917194086906505,0.0005566899934115607,0.005260932920750028,-12.5008253105442,0.015602784065023653,-4.801211721075972,0.14007551008895733,3.2241268084010617,0.0,211.95738,780.64734,158.9085,706.2075,1.0059331897877033
