time,x,y,z,phi,theta,psi,x_velocity,y_velocity,z_velocity,x_accel,y_accel,z_accel,phi_velocity,theta_velocity,psi_velocity,rotor_speed1,rotor_speed2,rotor_speed3,rotor_speed4,reward
0.0,0.0,0.0,0.0,0.0,0.0,0.0,0.0,0.0,0.0,0.0,0.0,0.0,0.0,0.0,0.0,313.80692,446.05182,566.62976,590.0651,0
0.06,-0.0015548588281522888,0.00011735125023182953,0.00837657084331099,0.030487942581665983,0.34264930053566633,0.0,-0.09414818076247336,0.007288225618963138,0.27448172057932824,-3.17396648680478,0.2532387958426615,4.365220981361314,0.37185434574125553,1.374931119998655,0.0,312.71686,562.412,456.44623,589.5641,1.018904964155003
0.12000000000000001,-0.021601684242133466,0.0025692191634021366,0.026921746584772102,0.6892872313360892,1.902988257758027,0.0,-0.6996814697741285,0.08484744822566781,0.19292203841454866,-14.317524428753407,1.1990054323525758,-7.395182488031358,2.266586131763937,4.292029753722374,0.0,153.95691,834.8179,162.76581,770.3196,1.030303833891268
0.18,-0.08123411962813089,-0.00681591618897962,0.007673263000940239,3.873947613675849,1.7516266838047088,0.0,-0.779810459143921,-0.410714373072522,-0.8156129400612331,19.089334614315987,-5.155064928353037,-13.459888061345762,9.683015665150421,12.75784213460004,0.0,116.69141,857.25146,145.80838,783.22516,0.9465670051931963
