time,x,y,z,phi,theta,psi,x_velocity,y_velocity,z_velocity,x_accel,y_accel,z_accel,phi_velocity,theta_velocity,psi_velocity,rotor_speed1,rotor_speed2,rotor_speed3,rotor_speed4,reward
0.0,0.0,0.0,0.0,0.0,0.0,0.0,0.0,0.0,0.0,0.0,0.0,0.0,0.0,0.0,0.0,362.18073,606.8077,440.397,455.32617,0
0.06,-0.0070240768447939065,1.761594211668923e-05,0.003636174879724606,0.009284744074508744,1.802078361623014,0.0,-0.4018746618892838,0.0009181378249462099,0.007309574866557977,-12.580407529711522,0.024820481579242673,-4.814086453623064,0.18351954116667962,3.228293578688174,0.0,209.84259,795.6316,142.18011,716.29364,1.0061274641245082
