time,x,y,z,phi,theta,psi,x_velocity,y_velocity,z_velocity,x_accel,y_accel,z_accel,phi_velocity,theta_velocity,psi_velocity,rotor_speed1,rotor_speed2,rotor_speed3,rotor_speed4,reward
0.0,0.0,0.0,0.0,0.0,0.0,0.0,0.0,0.0,0.0,0.0,0.0,0.0,0.0,0.0,0.0,349.70807,577.6543,464.40723,489.1803,0
0.06,-0.0059344086671880404,6.486071988195513e-05,0.004957081282688654,0.02399119216981127,1.4418229441586243,0.0,-0.34642223441562237,0.0036296476395821257,0.0886658185329002,-11.145645913201575,0.11007177326377161,-1.8599653068679902,0.3240893128416207,2.881446993157787,0.0,239.59248,731.2257,200.22813,715.64526,1.0097827914055293
0.12000000000000001,-0.03662806219841927,-0.008718727275661068,0.0005272634479294384,0.6287677295421226,1.8299445539263637,0.0,-0.3966662182894177,-0.5202457722975888,-0.2715134552030682,3.9511413930926924,-16.734190282354707,-10.238260553122347,6.681968668083539,9.059887129582702,0.0,58.0761,885.55914,26.687666,872.9867,0.9838911343001417
