time,x,y,z,phi,theta,psi,x_velocity,y_velocity,z_velocity,x_accel,y_accel,z_accel,phi_velocity,theta_velocity,psi_velocity,rotor_speed1,rotor_speed2,rotor_speed3,rotor_speed4,reward
0.0,0.0,0.0,0.0,0.0,0.0,0.0,0.0,0.0,0.0,0.0,0.0,0.0,0.0,0.0,0.0,322.29306,405.6377,587.0353,601.4464,0
0.06,-0.0005803031711449615,4.949348767826956e-05,0.00869811156968536,0.01390884773818346,0.13181453337902038,0.0,-0.035448676534925,0.0031505390260492634,0.2892374868696945,-1.2078928122569714,0.11255670775802083,4.789501927654981,0.23502919821810014,0.8312484648575689,0.0,330.77277,435.29538,554.5815,596.76404,1.019743679688784
0.12000000000000001,-0.007318243345471348,0.0010165736576028405,0.03395281713431993,0.1147333856750663,0.39758790541284306,0.0,-0.221355833070833,0.04055956581430308,0.5448383643576614,-4.316567449827098,1.0599865444074885,3.946292530706573,0.8987153280669582,1.9105394061531955,0.0,336.72913,546.70557,466.361,582.49713,1.0483131219246282
0.18,-0.03506308409677822,0.007240851001783434,0.06926028527260052,0.6511140134609992,1.5552301332356553,0.0,-0.8068602694231922,0.18036832857358495,0.5219757019692426,-13.387228893466817,2.544512839015127,-4.74210381407554,2.5405809384297915,4.351422358356735,0.0,275.9508,736.2972,281.3606,667.2053,1.0614523626396746
0.23999999999999996,-0.09312268766556768,0.009900147667432923,0.08422457458346859,4.69556304051172,1.3125885425805208,0.0,-0.7876327961045804,-0.14774527541291516,-0.2177154888091497,8.422622637716296,-4.043914072526779,-24.1932645333027,7.309584867131663,10.171546949683687,0.0,75.66066,892.4478,22.971382,870.88745,1.0122616847696853
0.3,-0.16154212554322794,-0.013997492550077713,0.042915423226131226,5.916666646998156,1.5332892040366044,0.0,-0.8875812073183651,-0.6300979656941996,-1.1198170614198788,22.749805210355788,-4.577194276238363,-6.953785848932156,16.167464892242343,18.610913496132568,0.0,176.87012,809.1701,208.4915,760.7443,0.9077323114255504
