time,x,y,z,phi,theta,psi,x_velocity,y_velocity,z_velocity,x_accel,y_accel,z_accel,phi_velocity,theta_velocity,psi_velocity,rotor_speed1,rotor_speed2,rotor_speed3,rotor_speed4,reward
0.0,0.0,0.0,0.0,0.0,0.0,0.0,0.0,0.0,0.0,0.0,0.0,0.0,0.0,0.0,0.0,376.15714,572.7518,408.22717,513.92474,0
0.06,-0.004724739643644812,0.0011639252613086543,0.005373497494208909,0.3232464302411051,1.130735795809012,0.0,-0.2795609178729013,0.06616478216539079,0.1286762353609844,-9.155219731355567,2.0525455091326736,-0.060230052307043196,1.3337864595434001,2.545034038297477,0.0,302.2221,675.17004,261.33972,653.1694,1.0111604869003554
0.12000000000000001,-0.03900114442397542,-0.0006481271011695823,0.0049199444745967515,4.3098349885161955,5.143545274304458,0.0,-0.5346095689327208,-0.17332576231598107,-0.07407222418811747,10.461036030862461,-1.3880338933677425,1.7443887512835423,6.1133811976750305,7.294206008760123,0.0,42.32203,894.6313,17.535091,891.6611,0.9936800398813865
