time,x,y,z,phi,theta,psi,x_velocity,y_velocity,z_velocity,x_accel,y_accel,z_accel,phi_velocity,theta_velocity,psi_velocity,rotor_speed1,rotor_speed2,rotor_speed3,rotor_speed4,reward
0.0,0.0,0.0,0.0,0.0,0.0,0.0,0.0,0.0,0.0,0.0,0.0,0.0,0.0,0.0,0.0,318.4334,494.38202,531.65497,575.6981,0
0.06,-0.003069280392485132,0.00035215854655495146,0.007833326210046775,0.08787764161443512,0.6755758350299415,0.0,-0.18427273583384216,0.021171501821449886,0.24249046808634112,-6.147254206325331,0.7074662702213629,3.222010269398554,0.668535701949071,1.953965119573954,0.0,280.18558,682.1952,321.047,637.36487,1.0173730520191693
0.12000000000000001,-0.029492326944186943,-0.004771911101028831,0.015246882580099035,2.9984239296593174,5.240033592789912,0.0,-0.43749763642323924,-0.3568140247499413,-0.08342809630428318,9.528117394214151,-11.279144687041315,-4.1121200253788635,4.7577848445346165,7.056672838183236,0.0,9.786941,899.3269,5.5692763,897.8789,1.006310134077894
