time,x,y,z,phi,theta,psi,x_velocity,y_velocity,z_velocity,x_accel,y_accel,z_accel,phi_velocity,theta_velocity,psi_velocity,rotor_speed1,rotor_speed2,rotor_speed3,rotor_speed4,reward
0.0,0.0,0.0,0.0,0.0,0.0,0.0,0.0,0.0,0.0,0.0,0.0,0.0,0.0,0.0,0.0,349.67334,576.1216,465.4706,489.73645,0
0.06,-0.005851436668028752,6.31057429183729e-05,0.005013140082161445,0.023217300858051182,1.4187641496715724,0.0,-0.34196032642610064,0.0035507881178144475,0.0928379729371972,-11.01843281188567,0.10854475154015132,-1.6911006486364304,0.31799754804290414,2.8578424803606115,0.0,244.87875,727.10077,203.84926,708.83923,1.0099512937808706
0.12000000000000001,-0.03641756052551741,-0.00941514257183173,0.00021744449840846274,0.3152631620511386,1.5818701089454326,0.0,-0.3613797830050597,-0.5221044173663631,-0.33677012288669184,6.8425046164420085,-15.136066960808863,-13.538984384058907,6.528306590315478,8.928124654677305,0.0,77.2957,879.23596,35.09596,860.7972,0.9821147092996152
