time,x,y,z,phi,theta,psi,x_velocity,y_velocity,z_velocity,x_accel,y_accel,z_accel,phi_velocity,theta_velocity,psi_velocity,rotor_speed1,rotor_speed2,rotor_speed3,rotor_speed4,reward
0.0,0.0,0.0,0.0,0.0,0.0,0.0,0.0,0.0,0.0,0.0,0.0,0.0,0.0,0.0,0.0,345.68448,569.31964,472.6298,495.28177,0
0.06,-0.005627299945868623,5.827784467350018e-05,0.005226053616180144,0.021100478133563527,1.353448138809613,0.0,-0.3298692328523875,0.0033280093778684434,0.1061333201374112,-10.671942599257505,0.1039060916563828,-1.201982521866264,0.3008097222510284,2.789919392987625,0.0,262.2427,705.4011,219.22401,686.86774,1.010545887840998
