time,x,y,z,phi,theta,psi,x_velocity,y_velocity,z_velocity,x_accel,y_accel,z_accel,phi_velocity,theta_velocity,psi_velocity,rotor_speed1,rotor_speed2,rotor_speed3,rotor_speed4,reward
0.0,0.0,0.0,0.0,0.0,0.0,0.0,0.0,0.0,0.0,0.0,0.0,0.0,0.0,0.0,0.0,373.4636,579.50116,415.31815,496.2377,0
0.06,-0.00513591949680251,0.000642148565658903,0.004999229384430449,0.19032978977603765,1.2489837305673657,0.0,-0.302449058548008,0.036067603910535706,0.10852015399231545,-9.84388064909433,1.0996988791429205,-0.7304998949675281,1.0102030708050038,2.6777841332062913,0.0,291.67114,688.3607,252.0924,651.7679,1.0101884898516547
