time,x,y,z,phi,theta,psi,x_velocity,y_velocity,z_velocity,x_accel,y_accel,z_accel,phi_velocity,theta_velocity,psi_velocity,rotor_speed1,rotor_speed2,rotor_speed3,rotor_speed4,reward
0.0,0.0,0.0,0.0,0.0,0.0,0.0,0.0,0.0,0.0,0.0,0.0,0.0,0.0,0.0,0.0,350.15533,580.8873,463.19724,485.85135,0
0.06,-0.0060920653105006085,5.290277439008991e-05,0.0048226096353286415,0.020404750104751734,1.4877392801829874,0.0,-0.3548151622923617,0.002943672969438149,0.07959435316377633,-11.380973895675606,0.08851853673263639,-2.208799738517995,0.29497890131351767,2.9278945608935567,0.0,243.99011,727.957,203.10915,710.96375,1.0093962067409823
