time,x,y,z,phi,theta,psi,x_velocity,y_velocity,z_velocity,x_accel,y_accel,z_accel,phi_velocity,theta_velocity,psi_velocity,rotor_speed1,rotor_speed2,rotor_speed3,rotor_speed4,reward
0.0,0.0,0.0,0.0,0.0,0.0,0.0,0.0,0.0,0.0,0.0,0.0,0.0,0.0,0.0,0.0,372.4118,583.15027,417.89316,489.79828,0
0.06,-0.005361177695042182,0.0004928131383684858,0.004838197524269498,0.15115650333795116,1.3119157050539219,0.0,-0.3148574887745062,0.027459519003590255,0.0979353637422824,-10.211367420482512,0.8274310793480547,-1.1329903865603377,0.8941225571054796,2.7458741545305543,0.0,279.60944,702.5953,245.61975,656.3843,1.0097340905599488
