time,x,y,z,phi,theta,psi,x_velocity,y_velocity,z_velocity,x_accel,y_accel,z_accel,phi_velocity,theta_velocity,psi_velocity,rotor_speed1,rotor_speed2,rotor_speed3,rotor_speed4,reward
0.0,0.0,0.0,0.0,0.0,0.0,0.0,0.0,0.0,0.0,0.0,0.0,0.0,0.0,0.0,0.0,323.52545,528.60077,506.1402,551.43414,0
0.06,-0.004402309770676173,0.00031228238438521896,0.006870249045865752,0.08500963895789138,0.9959907475560321,0.0,-0.26175856344717413,0.01827943673633972,0.18981185049088167,-8.626117831847628,0.5902517942624316,1.4450136350966158,0.6566307978081356,2.3849912128142496,0.0,254.70424,715.08215,277.96713,658.4342,1.0147952297536191
0.12000000000000001,-0.03137596683497022,-0.007078068765493575,0.006923516916680389,4.060532684085617,0.66165337590229,0.0,-0.25164060110075825,-0.2454429086839659,-0.3790790508194002,15.220327693017266,2.192609695374007,-15.290093499491544,5.455207748365562,8.222700310036107,0.0,24.888712,896.0739,14.331804,889.4794,0.9890123636225534
