time,x,y,z,phi,theta,psi,x_velocity,y_velocity,z_velocity,x_accel,y_accel,z_accel,phi_velocity,theta_velocity,psi_velocity,rotor_speed1,rotor_speed2,rotor_speed3,rotor_speed4,reward
0.0,0.0,0.0,0.0,0.0,0.0,0.0,0.0,0.0,0.0,0.0,0.0,0.0,0.0,0.0,0.0,366.6458,359.2071,591.9318,619.9283,0
0.06,-3.09697008211196e-06,0.0001900859247481294,0.009345724158995245,0.04539912323273576,6.282618381140755,0.0,-0.00012650047819099557,0.011775498601930418,0.3114173827569053,-0.0017451106590447702,0.4079475832744577,5.185549440815841,0.4653071173644918,-0.07411877736937704,0.0,578.13806,725.0746,184.07837,684.5668,1.0212434518919564
0.12000000000000001,-0.007457476233909686,0.009820478372024394,0.023868209434397297,5.905384009814179,1.1860568260893736,0.0,-0.4404495008349526,0.14899470879403967,-0.225947102427836,-14.395644241849668,-11.088996946597913,-19.252237522394125,6.3191917040407874,2.539507491540345,0.0,222.10982,770.38153,161.84993,819.346,1.0166502215931428
0.18,-0.044854479898112774,0.020088069224155163,0.006007015344290883,3.81596737037321,3.585914557263214,0.0,-0.7696254615117131,0.35203860149129856,-0.3526438589919247,-15.933905643273953,9.121198120881868,-1.5281781095757838,14.021961428754254,9.627384686468028,0.0,712.4769,631.35925,174.9126,762.4085,0.9645479572713991
