time,x,y,z,phi,theta,psi,x_velocity,y_velocity,z_velocity,x_accel,y_accel,z_accel,phi_velocity,theta_velocity,psi_velocity,rotor_speed1,rotor_speed2,rotor_speed3,rotor_speed4,reward
0.0,0.0,0.0,0.0,0.0,0.0,0.0,0.0,0.0,0.0,0.0,0.0,0.0,0.0,0.0,0.0,378.4972,569.0568,403.2039,522.42615,0
0.06,-0.004466543207034906,0.001519537153064072,0.005525175416018176,0.41002990153540964,1.0613487988865833,0.0,-0.2649677077563589,0.08692337202730745,0.13715618537074747,-8.706220064139654,2.720410019387879,0.2308638515894299,1.5094615506356233,2.463888077802644,0.0,298.58847,679.77466,252.69728,667.0965,1.0115574005312586
0.12000000000000001,-0.03755920649297135,0.003265045951274782,0.008189571621006708,4.885878797935277,5.262528831030753,0.0,-0.5016445035263897,-0.02482932425661309,-0.0012343466006665867,11.328794768739373,3.3902318292992613,0.8480668980812697,6.576696014802949,7.33204108274028,0.0,26.874092,899.091,10.939441,898.2661,1.0000460033533995
