time,x,y,z,phi,theta,psi,x_velocity,y_velocity,z_velocity,x_accel,y_accel,z_accel,phi_velocity,theta_velocity,psi_velocity,rotor_speed1,rotor_speed2,rotor_speed3,rotor_speed4,reward
0.0,0.0,0.0,0.0,0.0,0.0,0.0,0.0,0.0,0.0,0.0,0.0,0.0,0.0,0.0,0.0,315.8982,469.07294,550.8243,583.15906,0
0.06,-0.002201786432275672,0.0002076463771647339,0.00816241958833021,0.052204600146327884,0.4834833329733028,0.0,-0.13283842228970533,0.0127046373889848,0.2625806429767624,-4.45841559103872,0.4337318612620254,3.9572097532698622,0.5028247661930609,1.6440580334539767,0.0,304.65503,618.16833,397.58792,599.2876,1.018310782578569
0.12000000000000001,-0.028176651588205443,0.0009382473089371217,0.019825157265472394,1.3762777763997995,3.1205412838670004,0.0,-0.7936802791863968,-0.09900991148267316,-0.12554177392264057,-11.482374064775957,-7.6106079581540556,-15.506870125242747,3.2291186123091373,5.485195181229703,0.0,73.30212,883.4337,52.81402,858.631,1.0130089657699446
