time,x,y,z,phi,theta,psi,x_velocity,y_velocity,z_velocity,x_accel,y_accel,z_accel,phi_velocity,theta_velocity,psi_velocity,rotor_speed1,rotor_speed2,rotor_speed3,rotor_speed4,reward
0.0,0.0,0.0,0.0,0.0,0.0,0.0,0.0,0.0,0.0,0.0,0.0,0.0,0.0,0.0,0.0,345.0957,375.92694,587.3961,615.74756,0
0.06,-8.258296123152042e-05,0.00018947510365075745,0.008978497199818497,0.045839312653173536,0.021605256153067742,0.0,-0.005195195187694926,0.011735570676194948,0.2991632894947557,-0.18318223599831843,0.40648004158772744,4.9807068991072,0.46781449072035275,0.30498086936711566,0.0,343.32544,385.19443,576.42664,621.68506,1.020405029403239
0.12000000000000001,-0.0012112571796162265,0.0027154251031458296,0.03582098112147526,0.17932662714782133,0.07709520304330209,0.0,-0.03918370342865003,0.08900986794008747,0.5937531564306736,-0.8264880552395849,1.9191081060925455,4.834601689442811,1.2051391501933468,0.7210219567031435,0.0,338.98154,421.72894,537.8962,635.1088,1.051982009185576
0.18,-0.00643878158614806,0.01498050629591248,0.07915033826910842,0.6697134348096299,0.2579174744644872,0.0,-0.15761866567009897,0.3775026725075954,0.8267808419038736,-2.8307939357963625,6.9566752133452505,2.920300212595379,2.7293850179893426,1.5711424819143212,0.0,336.45132,515.6279,427.53458,662.1136,1.0810876441075168
0.23999999999999996,-0.026394579997361316,0.05611425517361048,0.12305093254733648,2.717527133827783,1.0763402347118198,0.0,-0.600170934695787,0.9972173001047017,0.4201230627187649,-10.769516473329249,9.269061696616282,-14.676011604626808,6.029412165552617,3.595396517626492,0.0,302.57812,734.4773,206.5821,737.2544,1.0716899445194983
0.3,-0.07515989689857192,0.13071188579015433,0.11921630127731687,2.8602778347923277,0.5555494782662151,0.0,-0.5826088964754119,1.5124588133056247,-0.39448988557844833,17.112476841298555,5.324753645910324,-6.1958239972201925,11.987686610568998,9.297700512265779,0.0,296.02637,842.6081,73.43107,835.4115,0.9762693085722172
0.36000000000000004,-0.11492942243708656,0.22812784084363927,0.04453250055121958,4.966793732445188,2.449217609211555,0.0,-0.6490276312185528,1.7638402427372506,-2.1232705388203703,-4.8219602393376215,7.531377054064974,-30.295586965069255,18.66532958751646,15.968427693327321,0.0,314.5322,794.6048,198.17569,737.8879,0.8247012492103893
