time,x,y,z,phi,theta,psi,x_velocity,y_velocity,z_velocity,x_accel,y_accel,z_accel,phi_velocity,theta_velocity,psi_velocity,rotor_speed1,rotor_speed2,rotor_speed3,rotor_speed4,reward
0.0,0.0,0.0,0.0,0.0,0.0,0.0,0.0,0.0,0.0,0.0,0.0,0.0,0.0,0.0,0.0,429.31863,503.43066,455.27866,491.7536,0
0.06,-0.0006828076628552337,0.00017437377611953536,0.00630994161341884,0.04688465133817665,0.16840340190386183,0.0,-0.0416112963598462,0.010783853364011301,0.2092424060612702,-1.4138280698503811,0.3728545620020092,3.4389562940746012,0.47372076739733393,0.946879859744094,0.0,397.33722,526.7145,477.2779,515.9031,1.0142973813210254
0.12000000000000001,-0.00963386392457995,0.0022752936437735044,0.02527712135929835,0.13100268424445183,0.689412707928037,0.0,-0.316246779025528,0.066814605311931,0.4013523795565053,-6.802421713266123,1.2128446294259776,2.319285075997674,0.994690263564735,2.5562389169303756,0.0,276.4125,646.9914,545.06476,627.63684,1.035947530751617
0.18,-0.05006779085781676,0.005890190443057034,0.03843677868054634,0.49887730262070384,4.245653664559963,0.0,-0.8863960886538951,-0.05619522957221704,-0.36591342426517576,-0.44440605853039833,-6.445256097084037,-26.42360934467068,2.2952897075561713,7.01169388834237,0.0,12.421308,898.63434,836.7116,894.9893,1.0090339096889
