time,x,y,z,phi,theta,psi,x_velocity,y_velocity,z_velocity,x_accel,y_accel,z_accel,phi_velocity,theta_velocity,psi_velocity,rotor_speed1,rotor_speed2,rotor_speed3,rotor_speed4,reward
0.0,0.0,0.0,0.0,0.0,0.0,0.0,0.0,0.0,0.0,0.0,0.0,0.0,0.0,0.0,0.0,361.10226,611.4595,439.33246,450.1475,0
0.06,-0.0072944529220391905,8.744448943578916e-06,0.0033036889438523924,0.0055468315171980365,1.8988229336244817,0.0,-0.4147182138183422,0.00044798191785577713,-0.01470592595012521,-12.867733731277688,0.011737521480235996,-5.645135913373586,0.13203588878024922,3.3153703530221743,0.0,188.76779,804.88885,131.49557,730.8509,1.0051822798180767
