time,x,y,z,phi,theta,psi,x_velocity,y_velocity,z_velocity,x_accel,y_accel,z_accel,phi_velocity,theta_velocity,psi_velocity,rotor_speed1,rotor_speed2,rotor_speed3,rotor_speed4,reward
0.0,0.0,0.0,0.0,0.0,0.0,0.0,0.0,0.0,0.0,0.0,0.0,0.0,0.0,0.0,0.0,348.58667,572.69775,468.80118,491.46594,0
0.06,-0.005704079427909406,5.6811339439312984e-05,0.005126442582494929,0.020835938258301212,1.3772631260735757,0.0,-0.33400315478213816,0.003231175753370454,0.10064661152608109,-10.790038038886845,0.10030983290450161,-1.3869578870550532,0.2986038130625846,2.814870897530054,0.0,256.98495,710.09235,216.22751,695.9439,1.0102809654095815
