time,x,y,z,phi,theta,psi,x_velocity,y_velocity,z_velocity,x_accel,y_accel,z_accel,phi_velocity,theta_velocity,psi_velocity,rotor_speed1,rotor_speed2,rotor_speed3,rotor_speed4,reward
0.0,0.0,0.0,0.0,0.0,0.0,0.0,0.0,0.0,0.0,0.0,0.0,0.0,0.0,0.0,0.0,431.97165,513.45154,447.81995,494.96243,0
0.06,-0.0008537291112885883,0.0002879220155078181,0.006534386971399477,0.07407673063750053,0.20660189270057394,0.0,-0.05193026546059719,0.017674770500551815,0.2160704465170158,-1.760447131323319,0.6058027487718409,3.5238046063980217,0.6093097706575331,1.054874044101853,0.0,394.50586,532.5135,475.95566,518.8446,1.0147857714653683
0.12000000000000001,-0.011675628195693784,0.003505197446141392,0.025593298390437447,0.17772923047055933,0.7966192514263506,0.0,-0.3750893308209555,0.09759666024059996,0.39009528284754136,-7.8539795031615585,1.6199193550701312,1.7191529405570178,1.1863544024771504,2.772940067053343,0.0,261.9022,664.3874,549.20825,640.51416,1.0356402214128055
0.18,-0.054088909117349454,0.007975750567719622,0.03454231743205564,0.6296816442220265,4.958619330351233,0.0,-0.744902999865219,-0.0762767975586618,-0.45060029889798703,8.912859850592689,-7.3091835625838195,-24.09282611986504,2.6383547794338744,7.6054202858835085,0.0,8.430885,900.0,851.6245,898.661,0.9999705067622776
