time,x,y,z,phi,theta,psi,x_velocity,y_velocity,z_velocity,x_accel,y_accel,z_accel,phi_velocity,theta_velocity,psi_velocity,rotor_speed1,rotor_speed2,rotor_speed3,rotor_speed4,reward
0.0,0.0,0.0,0.0,0.0,0.0,0.0,0.0,0.0,0.0,0.0,0.0,0.0,0.0,0.0,0.0,332.64554,549.5423,490.28494,523.4578,0
0.06,-0.005089509487294476,0.0001447243862246077,0.006007344151078599,0.04468294960481245,1.1878596942126833,0.0,-0.30046922100526774,0.008351586438763128,0.14629881732121605,-9.811417857158892,0.2645580173457154,0.07863946383073599,0.4612011206604134,2.6099878387823754,0.0,252.08556,718.3295,247.22652,673.4202,1.0125712908999487
0.12000000000000001,-0.03398316728083738,-0.009021527476035322,0.002197372348540413,4.846633303354917,0.9703933821857404,0.0,-0.28496155915218196,-0.33600298257212163,-0.48667566903336534,13.076882810677713,-1.3838290669310351,-19.67646510460519,5.752152974321177,8.499526095937227,0.0,30.40138,893.1419,22.3499,884.29486,0.980854627277365
