time,x,y,z,phi,theta,psi,x_velocity,y_velocity,z_velocity,x_accel,y_accel,z_accel,phi_velocity,theta_velocity,psi_velocity,rotor_speed1,rotor_speed2,rotor_speed3,rotor_speed4,reward
0.0,0.0,0.0,0.0,0.0,0.0,0.0,0.0,0.0,0.0,0.0,0.0,0.0,0.0,0.0,0.0,318.09616,421.0274,581.70166,592.58624,0
0.06,-0.0009001487875322999,2.815375432199343e-05,0.008491495829246435,0.008638097534570122,0.20178163095135027,0.0,-0.05476479881188254,0.0018216383257330373,0.28143329727212263,-1.8569879420604403,0.06623848862499422,4.618838183761765,0.17542080525867096,1.0418295044602917,0.0,328.6127,472.80392,525.8841,584.84125,1.0192469342637795
0.12000000000000001,-0.011495185725265806,0.000988824026448426,0.03216264892212805,0.17073599141126206,0.6969062874218146,0.0,-0.3556771133984742,0.04684354694850382,0.4846947418209942,-7.156899356266672,1.369036565971786,2.45863727707169,1.0707902797057824,2.593423992048353,0.0,325.02454,634.43756,379.45154,579.4957,1.044466259782642
0.18,-0.05291300436665169,0.0033953666502546387,0.05297715598987773,1.3941173794886765,3.4123298055183167,0.0,-1.0094809481556832,-0.12847195122680832,-0.03103256633678597,-8.362017347527097,-10.206093006128233,-16.61359865193919,3.6477306909179146,6.449933058533381,0.0,143.32635,855.91125,117.50575,788.99396,1.0270265832416854
0.23999999999999996,-0.11919983006866339,-0.016914246031474463,0.024523840532044754,5.542692545069082,3.525835910238328,0.0,-1.264522053901952,-0.10047688503776186,-1.0790105243240744,0.7740749227839788,13.799108313043465,-25.465716346419132,11.404916627804896,14.95312677213017,0.0,113.52139,874.6826,55.366096,830.4351,0.9283812602990871
