time,x,y,z,phi,theta,psi,x_velocity,y_velocity,z_velocity,x_accel,y_accel,z_accel,phi_velocity,theta_velocity,psi_velocity,rotor_speed1,rotor_speed2,rotor_speed3,rotor_speed4,reward
0.0,0.0,0.0,0.0,0.0,0.0,0.0,0.0,0.0,0.0,0.0,0.0,0.0,0.0,0.0,0.0,326.16263,402.46786,583.9408,607.9342,0
0.06,-0.0004907943983252411,0.0001334862309480266,0.00881488690614437,0.0334967785091278,0.11201097200697419,0.0,-0.030032338010019144,0.008311372430211383,0.2932850811787442,-1.0254393549383332,0.28963735489578724,4.863818734081912,0.39226956866308393,0.7619060718406383,0.0,331.18994,427.96588,555.0106,608.65576,1.0200119983474207
0.12000000000000001,-0.006265708597290803,0.0022044144810941984,0.034624536500516424,0.19464274839551265,0.34165718680894575,0.0,-0.1906378183846688,0.07968458540506754,0.5600131202971043,-3.7444499042886292,1.9081338145871505,4.15943995893112,1.2426749523416982,1.7537402945020883,0.0,329.0908,528.6474,467.57745,615.0944,1.0494622036747834
0.18,-0.03068456546972895,0.01399410869706958,0.0715032496213133,1.0737441962786942,1.3445872886863386,0.0,-0.723949865920707,0.35089702477388274,0.5620369511786796,-12.50019149948518,5.513493966444007,-4.186860678899473,3.379693331939162,4.014080174096136,0.0,275.88016,741.15283,250.93217,699.06366,1.0645200933278547
0.23999999999999996,-0.08462747913536811,0.03363291196916566,0.09869298939593828,0.05500993246664976,1.370072264268666,0.0,-0.7226041857282954,0.055992543280773965,0.31871664285015994,9.15693631083211,-15.103365929520356,-9.838929917064801,8.82487380061954,9.979867621053947,0.0,130.90253,867.97363,80.16623,829.46246,1.040720697342335
0.3,-0.14340148693424068,0.023555918675515233,0.09579677230531285,3.967187066945435,6.215741006988418,0.0,-0.9101746288957262,-0.6659194006355751,-0.579987612422058,2.9278771730854363,-20.31103766337356,-17.787689357640517,16.347350194772744,17.82616690306404,0.0,94.72665,893.73114,22.58174,875.07935,0.9748960440967275
0.36000000000000004,-0.19770259075657443,-0.04170125223348111,0.017129620155534053,4.6614886912015585,0.03155677674092772,0.0,-0.6066361892892309,-1.2739097499880758,-1.8485454430723298,23.563123780935946,0.3304560624298265,-11.267709425834711,22.216931358014904,23.3369104165094,0.0,140.65837,880.34174,44.165634,855.81177,0.8325298904367369
