time,x,y,z,phi,theta,psi,x_velocity,y_velocity,z_velocity,x_accel,y_accel,z_accel,phi_velocity,theta_velocity,psi_velocity,rotor_speed1,rotor_speed2,rotor_speed3,rotor_speed4,reward
0.0,0.0,0.0,0.0,0.0,0.0,0.0,0.0,0.0,0.0,0.0,0.0,0.0,0.0,0.0,0.0,330.55338,543.4333,495.17468,530.4681,0
0.06,-0.004863495402137193,0.00017129685956648508,0.006257681820722394,0.05100592523206604,1.1248894691127127,0.0,-0.28783436402779233,0.00994755611143919,0.15979139772804785,-9.428838796741442,0.3178245594417266,0.5270047174422696,0.49639975087148785,2.538294447684398,0.0,248.65877,720.0962,258.92905,671.8513,1.0132326272875527
0.12000000000000001,-0.03287490476480133,-0.008680305268135133,0.0035862937486514992,4.662494839630542,1.030477298824076,0.0,-0.2749637276020031,-0.3120775450446217,-0.480627405575596,12.92246068761599,-0.16770728223703432,-20.08286524062496,5.678325134395502,8.49170875948171,0.0,28.91583,893.81134,24.650326,884.0996,0.9828347539011579
