time,x,y,z,phi,theta,psi,x_velocity,y_velocity,z_velocity,x_accel,y_accel,z_accel,phi_velocity,theta_velocity,psi_velocity,rotor_speed1,rotor_speed2,rotor_speed3,rotor_speed4,reward
0.0,0.0,0.0,0.0,0.0,0.0,0.0,0.0,0.0,0.0,0.0,0.0,0.0,0.0,0.0,0.0,343.54025,568.18134,473.72955,498.70587,0
0.06,-0.005646180196740489,7.116548909484019e-05,0.005261755667560532,0.025171641598396022,1.355803418177679,0.0,-0.33094027062788434,0.004044488210081831,0.10696993206758126,-10.705069805240104,0.12542289301903686,-1.20336528256285,0.3331996835668053,2.7923967852198066,0.0,251.88333,718.7244,208.14838,695.96075,1.010620025003692
0.12000000000000001,-0.03606164359263665,-0.009832611431884387,0.0006559823330263173,6.05948402681083,1.1233723845279826,0.0,-0.3138101502028895,-0.4676831812145834,-0.40039131690963137,11.42179726279738,-9.924090690514632,-16.752535225761793,6.278896815441714,8.668533040529535,0.0,12.619693,898.3546,5.170448,896.3402,0.9812200980471555
