time,x,y,z,phi,theta,psi,x_velocity,y_velocity,z_velocity,x_accel,y_accel,z_accel,phi_velocity,theta_velocity,psi_velocity,rotor_speed1,rotor_speed2,rotor_speed3,rotor_speed4,reward
0.0,0.0,0.0,0.0,0.0,0.0,0.0,0.0,0.0,0.0,0.0,0.0,0.0,0.0,0.0,0.0,364.66162,607.4302,436.39548,450.48193,0
0.06,-0.0069370908532280845,1.5511068335724887e-05,0.0035591031125527836,0.008329552251035821,1.786597428731831,0.0,-0.3972840019065217,0.0008167821271458002,0.007145828604419438,-12.453573009918918,0.02248098869662281,-4.713915812642238,0.17145525890875207,3.21414469216105,0.0,212.33025,778.14435,163.2462,703.8234,1.0059950586140947
