time,x,y,z,phi,theta,psi,x_velocity,y_velocity,z_velocity,x_accel,y_accel,z_accel,phi_velocity,theta_velocity,psi_velocity,rotor_speed1,rotor_speed2,rotor_speed3,rotor_speed4,reward
0.0,0.0,0.0,0.0,0.0,0.0,0.0,0.0,0.0,0.0,0.0,0.0,0.0,0.0,0.0,0.0,333.14532,553.273,486.90546,520.9349,0
0.06,-0.005259265719020297,0.00014786140907144973,0.005859333492042317,0.04628562300294714,1.2339143630466252,0.0,-0.3099071489510977,0.008470125276372843,0.13736885788081565,-10.094871873781589,0.2656058730493389,-0.24348217526938024,0.47034389593547216,2.661226531797568,0.0,253.86658,714.3084,241.90114,675.53107,1.0121625110018564
0.12000000000000001,-0.03495724773681416,-0.009098311060690683,0.0014766472991442191,4.978212540922911,0.8367582101834827,0.0,-0.2906276102693615,-0.3470111691664936,-0.47076022628789893,13.753896497157928,-2.0247662495091077,-18.45202469230973,5.833307363776227,8.4579847696366,0.0,22.291744,894.9441,15.613127,890.4478,0.9801759206844348
