time,x,y,z,phi,theta,psi,x_velocity,y_velocity,z_velocity,x_accel,y_accel,z_accel,phi_velocity,theta_velocity,psi_velocity,rotor_speed1,rotor_speed2,rotor_speed3,rotor_speed4,reward
0.0,0.0,0.0,0.0,0.0,0.0,0.0,0.0,0.0,0.0,0.0,0.0,0.0,0.0,0.0,0.0,338.45386,560.79913,480.45093,508.67633,0
0.06,-0.00544605063691233,9.608062910275574e-05,0.005536916047742911,0.03210777540413279,1.2938619592974456,0.0,-0.3200948434217679,0.005489598666884492,0.12162770762603942,-10.391986664351768,0.17151832725944757,-0.7219741137328068,0.3829612901260273,2.72651070189469,0.0,260.30594,709.98083,225.26514,681.52405,1.0113423637406178
0.12000000000000001,-0.03611521917216504,-0.009493375631950627,0.0008526557718011129,5.358668500926289,0.6472770785750015,0.0,-0.2976885838472667,-0.37205900703739697,-0.42297115686041253,14.627913128217706,-3.3757054614930633,-16.23669372663846,5.962718910755065,8.392188535185493,0.0,26.483713,895.0475,13.182615,888.7652,0.9805502854816663
