time,x,y,z,phi,theta,psi,x_velocity,y_velocity,z_velocity,x_accel,y_accel,z_accel,phi_velocity,theta_velocity,psi_velocity,rotor_speed1,rotor_speed2,rotor_speed3,rotor_speed4,reward
0.0,0.0,0.0,0.0,0.0,0.0,0.0,0.0,0.0,0.0,0.0,0.0,0.0,0.0,0.0,0.0,434.65265,475.42325,468.23816,475.88617,0
0.06,-0.00019520609698605684,8.769343167761396e-06,0.005625940839609924,0.0036199167447161784,0.05333185780297445,0.0,-0.012061186503846395,0.0005944586914464171,0.18742873917586578,-0.4165737453233376,0.022661043939077797,3.1192274173871977,0.09911609826905197,0.5087993868428042,0.0,425.7736,483.75558,474.58768,484.4899,1.0127840421276333
0.12000000000000001,-0.0027042284789145802,0.00017035574388686884,0.022812899839359458,0.01499415516032876,0.1837365700145277,0.0,-0.08597545524580821,0.005953559612303049,0.3840465660665321,-1.7814072676503474,0.13468532364749514,3.218841204635602,0.22925132945786467,1.2249863718165985,0.0,400.08313,507.1999,490.25177,508.4858,1.0333794828598957
0.18,-0.013999992456490723,0.0009936554583764837,0.05210122266983068,0.044045086993692806,0.5633895568889651,0.0,-0.33364770091008616,0.024235735547890398,0.5783619501662914,-5.74704352034572,0.4088433347692924,2.680455883205403,0.4779928935320239,2.52098582665094,0.0,326.54327,575.8475,537.1475,578.70135,1.0552221865218872
0.23999999999999996,-0.054285857474078034,0.003327860513576505,0.08651148715934376,0.15153913276567632,2.191668733619583,0.0,-1.107286413511507,0.043528866200583535,0.3701885256172512,-15.865651627737726,-0.1599684142316121,-11.23508818731537,1.1080454717837092,5.436311704628022,0.0,109.63476,787.84564,708.17786,792.5371,1.057495758096979
0.3,-0.1369094916995495,0.005791438713688147,0.08493044385667779,0.7328102552604472,5.634926537199259,0.0,-1.4745175741919088,-0.10003952951689596,-0.5075034167668244,-8.591517462966252,-12.724016608388451,-31.39253205745143,2.8058427382005817,12.87012746827168,0.0,10.881823,897.05817,869.35455,897.84216,0.9801062245361428
0.36000000000000004,-0.195450949360632,0.00961581680893121,0.048936018421579804,0.9671386802906179,4.004830268312702,0.0,-1.2154518584567164,0.08370243232529137,-0.8840335070081895,-33.97435514214122,8.150224112171701,-3.146132340578157,3.3768157593624677,20.556844467687718,0.0,46.00625,856.2147,784.9385,858.43317,0.9213898317151222
