time,x,y,z,phi,theta,psi,x_velocity,y_velocity,z_velocity,x_accel,y_accel,z_accel,phi_velocity,theta_velocity,psi_velocity,rotor_speed1,rotor_speed2,rotor_speed3,rotor_speed4,reward
0.0,0.0,0.0,0.0,0.0,0.0,0.0,0.0,0.0,0.0,0.0,0.0,0.0,0.0,0.0,0.0,319.5217,413.04953,585.3733,598.54266,0
0.06,-0.0007365563338566488,4.129085659582597e-05,0.008657155668588351,0.011910799873995792,0.1656034963379689,0.0,-0.04489328636982794,0.002640876376843532,0.28747582278693606,-1.5256056430954732,0.09483858677369998,4.742575253319951,0.21396346837571045,0.9385042066645868,0.0,325.22473,455.7791,542.68524,596.2472,1.019638162010873
0.12000000000000001,-0.009503866119132853,0.0011008812652499554,0.03345649182509616,0.15732213870580392,0.5633410263727381,0.0,-0.2949607905215036,0.04860221068545735,0.5236642681966361,-5.957513482056959,1.3643417016171533,3.3064898956744617,1.047689741268911,2.310493688357298,0.0,318.7825,611.2399,418.29684,593.1518,1.0470806687903818
0.18,-0.046599389711079915,0.005726415516895563,0.06041794994751355,1.2101208471192564,2.8833891866774017,0.0,-1.0041786846152434,-0.0017514407527164932,0.13725359031106793,-12.73004709178697,-6.057347862173239,-15.08306938573324,3.4247013349571076,5.866352480241419,0.0,147.70241,850.6889,150.52104,793.1725,1.04030010259868
0.23999999999999996,-0.12210027089715839,-0.012803246350273124,0.04236006513354997,5.360949765935823,2.9692755988700537,0.0,-1.2773315385194959,-0.18288037350367214,-0.7810607715535789,12.297734465953416,13.473927089488217,-20.117807895426065,11.188564696551158,14.375053688355663,0.0,104.72681,868.84247,88.15677,836.5564,0.949631450062512
