time,x,y,z,phi,theta,psi,x_velocity,y_velocity,z_velocity,x_accel,y_accel,z_accel,phi_velocity,theta_velocity,psi_velocity,rotor_speed1,rotor_speed2,rotor_speed3,rotor_speed4,reward
0.0,0.0,0.0,0.0,0.0,0.0,0.0,0.0,0.0,0.0,0.0,0.0,0.0,0.0,0.0,0.0,322.37518,509.3288,521.1417,561.2975,0
0.06,-0.0035621230371181796,0.0002719342643675919,0.007391380293286029,0.07111872942527597,0.7942295472586167,0.0,-0.21315686898059716,0.01625505357466356,0.22113043504441945,-7.081457580749339,0.5392933571807871,2.57585807825785,0.5959209869943385,2.123523565011869,0.0,279.66116,680.97095,324.97855,624.1879,1.0162433144861673
0.12000000000000001,-0.03197941413122943,-0.005528327727020134,0.01040892569755146,2.6381651901680705,5.309785855377825,0.0,-0.4465298577346526,-0.37047569248792556,-0.23267014892152313,10.449795480861159,-11.2897686631633,-7.324668672266789,4.4324847012593285,7.191598502911379,0.0,20.009848,896.8744,16.505768,891.1751,0.9963456649677589
