time,x,y,z,phi,theta,psi,x_velocity,y_velocity,z_velocity,x_accel,y_accel,z_accel,phi_velocity,theta_velocity,psi_velocity,rotor_speed1,rotor_speed2,rotor_speed3,rotor_speed4,reward
0.0,0.0,0.0,0.0,0.0,0.0,0.0,0.0,0.0,0.0,0.0,0.0,0.0,0.0,0.0,0.0,367.32394,600.28516,432.43042,458.04462,0
0.06,-0.006446156511668095,5.417218635765688e-05,0.003947861244880173,0.022581965204343746,1.6339230769178386,0.0,-0.37252434965132264,0.002899398444888946,0.037071562452249476,-11.823934944678962,0.08202441747252873,-3.490299224142008,0.31292181171340716,3.071183430571651,0.0,219.66791,769.604,169.16528,709.3006,1.007174383263343
