time,x,y,z,phi,theta,psi,x_velocity,y_velocity,z_velocity,x_accel,y_accel,z_accel,phi_velocity,theta_velocity,psi_velocity,rotor_speed1,rotor_speed2,rotor_speed3,rotor_speed4,reward
0.0,0.0,0.0,0.0,0.0,0.0,0.0,0.0,0.0,0.0,0.0,0.0,0.0,0.0,0.0,0.0,351.77066,591.00653,457.4049,476.83243,0
0.06,-0.006578908163308421,3.5380851690832806e-05,0.004367460566890258,0.01532034104413782,1.6357639415003895,0.0,-0.3801561009664882,0.0019130139452192725,0.04900323140205033,-12.064437164215564,0.055023916664363424,-3.3806281451028437,0.2490455421698602,3.072945946282196,0.0,236.72295,743.6678,188.9538,718.08673,1.0080904947719236
