time,x,y,z,phi,theta,psi,x_velocity,y_velocity,z_velocity,x_accel,y_accel,z_accel,phi_velocity,theta_velocity,psi_velocity,rotor_speed1,rotor_speed2,rotor_speed3,rotor_speed4,reward
0.0,0.0,0.0,0.0,0.0,0.0,0.0,0.0,0.0,0.0,0.0,0.0,0.0,0.0,0.0,0.0,371.5523,588.14,427.86322,470.61548,0
0.06,-0.0056275923093681325,0.00016697604884710173,0.0045204082859495575,0.05678140743050797,1.3953335552777864,0.0,-0.32924649016657975,0.009274878321161131,0.0804052053786152,-10.62450598907315,0.2781757519693305,-1.7252216795758628,0.5267075535078093,2.833660229979472,0.0,248.15369,741.22327,204.89023,685.4404,1.008900684038223
