time,x,y,z,phi,theta,psi,x_velocity,y_velocity,z_velocity,x_accel,y_accel,z_accel,phi_velocity,theta_velocity,psi_velocity,rotor_speed1,rotor_speed2,rotor_speed3,rotor_speed4,reward
0.0,0.0,0.0,0.0,0.0,0.0,0.0,0.0,0.0,0.0,0.0,0.0,0.0,0.0,0.0,0.0,430.1827,507.3179,452.10452,493.08026,0
0.06,-0.0007488322077005058,0.00021867974594243914,0.006387863303003949,0.057636144668184563,0.18333498195071485,0.0,-0.04559899044176685,0.013476851207648907,0.21160566699729297,-1.5478437638812497,0.46406447571757004,3.467964824805436,0.5310612043552205,0.9904168649685757,0.0,396.17746,527.3301,476.40884,515.73914,1.0144663585256384
0.12000000000000001,-0.010347158706272707,0.0027478708542283984,0.02532027938089613,0.14675464672941185,0.7178615502876315,0.0,-0.33489439049004066,0.0784620120945002,0.3959929052048641,-7.0837073986260055,1.362331329554005,2.1185181691124084,1.0600077158981351,2.6192273354382554,0.0,275.4312,646.42676,544.9517,626.49725,1.035697569551182
0.18,-0.05205318297100743,0.0070691112699513186,0.03756500331683981,0.5094814333301265,4.264226827314355,0.0,-0.8999562043579726,-0.049026113293820395,-0.3843539056690044,-0.037908495968468056,-6.638122428220715,-26.307577011474404,2.3404500736539355,7.065529599152805,0.0,12.291549,897.333,833.75653,893.2617,1.0069849122042407
