time,x,y,z,phi,theta,psi,x_velocity,y_velocity,z_velocity,x_accel,y_accel,z_accel,phi_velocity,theta_velocity,psi_velocity,rotor_speed1,rotor_speed2,rotor_speed3,rotor_speed4,reward
0.0,0.0,0.0,0.0,0.0,0.0,0.0,0.0,0.0,0.0,0.0,0.0,0.0,0.0,0.0,0.0,317.02008,460.7898,554.2471,583.48804,0
0.06,-0.0019052839003959733,0.00017241398069416564,0.008146803724468861,0.04383030756946216,0.4205688028650032,0.0,-0.11513091565991058,0.01060643831171054,0.2644174685066552,-3.8716089235033615,0.3644479216428764,4.09153446169285,0.4562715409060243,1.5294732358697232,0.0,322.86844,571.2986,426.5087,583.92194,1.0183270024041036
0.12000000000000001,-0.02454699384772348,0.003045600614494543,0.024297111981715774,0.892780869957317,2.02877789686109,0.0,-0.7519971141376991,0.08556400548583236,0.11142621890205498,-14.280083473369611,0.6029003523626774,-8.930813154169776,2.616828553811191,4.485068082091366,0.0,198.90585,804.727,149.83427,748.0063,1.0247466079362149
