time,x,y,z,phi,theta,psi,x_velocity,y_velocity,z_velocity,x_accel,y_accel,z_accel,phi_velocity,theta_velocity,psi_velocity,rotor_speed1,rotor_speed2,rotor_speed3,rotor_speed4,reward
0.0,0.0,0.0,0.0,0.0,0.0,0.0,0.0,0.0,0.0,0.0,0.0,0.0,0.0,0.0,0.0,375.49512,573.7541,410.65036,508.4305,0
0.06,-0.004783565039766024,0.0009826829598998865,0.005276903356674369,0.2768494862993345,1.150208066949924,0.0,-0.2828288545988331,0.0557970169691373,0.12482565630482714,-9.253251495497427,1.7280688729355813,-0.1523495808553016,1.2300883111918202,2.567355868606189,0.0,305.08612,671.5878,269.76285,643.2992,1.0109354724644382
0.12000000000000001,-0.039594884832565826,-0.002332689342213066,0.0029818979594397376,3.908091626297775,5.023816918415147,0.0,-0.5632234294736012,-0.2548547447060165,-0.13251953772131406,9.436510776922107,-4.912510872106256,1.433241780325735,5.788551955798005,7.228169528287486,0.0,57.53007,888.9514,27.241655,882.5187,0.9895547110124843
