time,x,y,z,phi,theta,psi,x_velocity,y_velocity,z_velocity,x_accel,y_accel,z_accel,phi_velocity,theta_velocity,psi_velocity,rotor_speed1,rotor_speed2,rotor_speed3,rotor_speed4,reward
0.0,0.0,0.0,0.0,0.0,0.0,0.0,0.0,0.0,0.0,0.0,0.0,0.0,0.0,0.0,0.0,347.17914,570.76855,470.9894,493.2895,0
0.06,-0.00565096499109218,5.589525989563327e-05,0.005184641770510615,0.020410711869923936,1.3613893755543103,0.0,-0.3311359791455713,0.0031901409827764706,0.10405845636551564,-10.707785958187397,0.09952242396915213,-1.2665424840919803,0.2950293319459441,2.7982638226041954,0.0,261.95825,704.2829,220.51279,688.9545,1.0104395199464098
