time,x,y,z,phi,theta,psi,x_velocity,y_velocity,z_velocity,x_accel,y_accel,z_accel,phi_velocity,theta_velocity,psi_velocity,rotor_speed1,rotor_speed2,rotor_speed3,rotor_speed4,reward
0.0,0.0,0.0,0.0,0.0,0.0,0.0,0.0,0.0,0.0,0.0,0.0,0.0,0.0,0.0,0.0,363.11716,609.54065,438.6644,448.6804,0
0.06,-0.007110493604346125,7.808654046088297e-06,0.0034262724160024427,0.004920519316514493,1.8414690029287115,0.0,-0.40579508723665053,0.00041304838725064947,-0.0036839261184202776,-12.658397531883478,0.011456993928577967,-5.166865233245826,0.1219902293589983,3.264023272715642,0.0,201.55737,792.4024,145.67477,717.6324,1.0055817705797432
