time,x,y,z,phi,theta,psi,x_velocity,y_velocity,z_velocity,x_accel,y_accel,z_accel,phi_velocity,theta_velocity,psi_velocity,rotor_speed1,rotor_speed2,rotor_speed3,rotor_speed4,reward
0.0,0.0,0.0,0.0,0.0,0.0,0.0,0.0,0.0,0.0,0.0,0.0,0.0,0.0,0.0,0.0,368.30457,598.0748,432.7121,459.23288,0
0.06,-0.006290772558619508,5.952826947421558e-05,0.004071189477766229,0.024046773831895685,1.5866905066952555,0.0,-0.3644942315167893,0.003221689491350154,0.04619134949090621,-11.610135967210427,0.09280603816572257,-3.1235604231713268,0.32452288462077555,3.0256141710089794,0.0,222.11314,767.4229,172.41368,708.2088,1.007542670976321
