time,x,y,z,phi,theta,psi,x_velocity,y_velocity,z_velocity,x_accel,y_accel,z_accel,phi_velocity,theta_velocity,psi_velocity,rotor_speed1,rotor_speed2,rotor_speed3,rotor_speed4,reward
0.0,0.0,0.0,0.0,0.0,0.0,0.0,0.0,0.0,0.0,0.0,0.0,0.0,0.0,0.0,0.0,315.01746,446.62375,565.99347,587.4982,0
0.06,-0.0015432924963464907,9.857634580150921e-05,0.00831137776523599,0.026111098728209825,0.34101597912807957,0.0,-0.09345207748573711,0.006143237498192319,0.27237467385510483,-3.150674570564056,0.21430194786065088,4.333023862812287,0.3403026189740484,1.3715131371102949,0.0,318.61456,548.12134,466.50995,577.20654,1.0187589979624776
0.12000000000000001,-0.020631366873244145,0.00219325271082175,0.027471376958372342,0.4910268288609334,1.6525738733956752,0.0,-0.6577753565933779,0.08040945686296587,0.24945952987283493,-13.409971712578677,1.6070159970229299,-5.084880947569126,1.914169139514145,4.026821148132648,0.0,200.2474,791.29535,212.20975,707.393,1.03238075232733
0.18,-0.07148426364657949,0.010138416277596055,0.01935114015451188,0.46042045736496817,4.930467430616117,0.0,-1.0076362771379226,0.31122741326630377,-0.5098011909725142,-15.905544798519115,8.808041952855035,-10.34744770529261,7.918910624059033,11.433386775548218,0.0,39.30898,890.8162,48.965187,859.054,0.9702845853098299
