time,x,y,z,phi,theta,psi,x_velocity,y_velocity,z_velocity,x_accel,y_accel,z_accel,phi_velocity,theta_velocity,psi_velocity,rotor_speed1,rotor_speed2,rotor_speed3,rotor_speed4,reward
0.0,0.0,0.0,0.0,0.0,0.0,0.0,0.0,0.0,0.0,0.0,0.0,0.0,0.0,0.0,0.0,370.6542,587.8624,420.00558,482.42822,0
0.06,-0.005665945967614638,0.00035588587241440646,0.004592444197582796,0.11478069363754795,1.399779396210194,0.0,-0.3314206617478174,0.019573637570755642,0.08188548314794158,-10.69168471204971,0.5783081367706572,-1.7401358585677011,0.7719525020226536,2.8382642312699797,0.0,246.34706,741.8605,203.296,692.9497,1.0090402079810004
