time,x,y,z,phi,theta,psi,x_velocity,y_velocity,z_velocity,x_accel,y_accel,z_accel,phi_velocity,theta_velocity,psi_velocity,rotor_speed1,rotor_speed2,rotor_speed3,rotor_speed4,reward
0.0,0.0,0.0,0.0,0.0,0.0,0.0,0.0,0.0,0.0,0.0,0.0,0.0,0.0,0.0,0.0,350.44305,581.7088,462.9917,484.5039,0
0.06,-0.006124750893093293,4.745710699239924e-05,0.004785683004623509,0.018631170153636134,1.4979130007630168,0.0,-0.35653483355821103,0.0026411871907338885,0.07735887674145259,-11.428235284132596,0.07944627182404355,-2.289273281042149,0.2796623653702515,2.938088583946079,0.0,250.01872,723.90216,207.30124,703.3059,1.009294736473957
