time,x,y,z,phi,theta,psi,x_velocity,y_velocity,z_velocity,x_accel,y_accel,z_accel,phi_velocity,theta_velocity,psi_velocity,rotor_speed1,rotor_speed2,rotor_speed3,rotor_speed4,reward
0.0,0.0,0.0,0.0,0.0,0.0,0.0,0.0,0.0,0.0,0.0,0.0,0.0,0.0,0.0,0.0,360.82452,606.10815,440.72247,460.01038,0
0.06,-0.007051243751928404,2.931132217820497e-05,0.003694755300835115,0.014241783381313766,1.804034910415048,0.0,-0.40337905040219746,0.0015037613460411145,0.00869255965671839,-12.6253194003438,0.039503795507571174,-4.815546720406846,0.2383938448040333,3.230077439089484,0.0,185.2242,815.83594,122.3417,747.63794,1.0062498018764545
