time,x,y,z,phi,theta,psi,x_velocity,y_velocity,z_velocity,x_accel,y_accel,z_accel,phi_velocity,theta_velocity,psi_velocity,rotor_speed1,rotor_speed2,rotor_speed3,rotor_speed4,reward
0.0,0.0,0.0,0.0,0.0,0.0,0.0,0.0,0.0,0.0,0.0,0.0,0.0,0.0,0.0,0.0,313.74765,430.70654,576.7797,594.6957,0
0.06,-0.0011771656366956634,7.228293863135279e-05,0.008525412878496477,0.0195832972935035,0.26066663795411316,0.0,-0.0714556938208835,0.004546027428906601,0.2814525399354762,-2.4162629448271042,0.1602447105896131,4.570045678575141,0.2879695246635167,1.1918998298713024,0.0,314.53006,511.03503,499.56317,596.4052,1.019293115373525
0.12000000000000001,-0.015984234166383164,0.002189793673554715,0.030911249294762008,0.4150519792837226,1.1634143732376412,0.0,-0.5184437394657705,0.09675908807802022,0.3996201315214215,-10.963304095904808,2.578565313621429,-0.6810039518135512,1.7352481960966248,3.365071215708676,0.0,238.53822,747.38446,276.47806,681.2443,1.0405580050501522
0.18,-0.05672037980759541,0.0016393835295109803,0.04389725429965668,5.018454851261609,2.114104953874632,0.0,-0.604894940038252,-0.2432454133109417,-0.2624385229533591,1.6541632477324986,-6.837907489662685,-25.694172991346893,6.868381257417906,9.793289481532984,0.0,14.013884,899.1864,6.521663,895.30365,1.0100789196166087
0.23999999999999996,-0.12640906969991247,-0.00682281966326188,0.003673882780824144,1.928052602952377,3.263772752667043,0.0,-1.339099439684018,-0.40156634477712555,-1.2563023102436532,7.712504345491077,-15.275109483127263,-26.929511206116796,16.37199141426544,18.560659557320726,0.0,47.41294,890.15985,27.913446,874.9503,0.9082652261787929
