time,x,y,z,phi,theta,psi,x_velocity,y_velocity,z_velocity,x_accel,y_accel,z_accel,phi_velocity,theta_velocity,psi_velocity,rotor_speed1,rotor_speed2,rotor_speed3,rotor_speed4,reward
0.0,0.0,0.0,0.0,0.0,0.0,0.0,0.0,0.0,0.0,0.0,0.0,0.0,0.0,0.0,0.0,319.13593,482.02304,539.66034,576.57837,0
0.06,-0.0025671288333544966,0.0002567560584831939,0.007924917039851027,0.06452132021867829,0.5660949102797446,0.0,-0.15456167523722883,0.01559789001226726,0.2511711720024675,-5.174303559405921,0.5279516047120598,3.613588949044831,0.5650251804425027,1.7837328437079778,0.0,305.1548,640.6015,368.086,597.83307,1.0176971048547145
0.12000000000000001,-0.030147173512391583,-0.0007460682960263409,0.016307779989609136,1.663888152901695,3.700333717147142,0.0,-0.7451554039164842,-0.2219191926757425,-0.2170691116109525,-6.558856013060959,-12.152275297504339,-15.599243311688477,3.5696236639215613,5.983676139031903,0.0,49.231197,890.7235,30.553644,876.8182,1.0058553828939645
