time,x,y,z,phi,theta,psi,x_velocity,y_velocity,z_velocity,x_accel,y_accel,z_accel,phi_velocity,theta_velocity,psi_velocity,rotor_speed1,rotor_speed2,rotor_speed3,rotor_speed4,reward
0.0,0.0,0.0,0.0,0.0,0.0,0.0,0.0,0.0,0.0,0.0,0.0,0.0,0.0,0.0,0.0,470.21783,318.52432,621.314,642.0636,0
0.06,-0.0024667265253012914,0.00012612656472550616,0.012413321957274221,0.028751149582220137,0.41327886026596694,0.0,-0.14604038497683583,0.007818167337130049,0.40443114489971166,-4.786212560009459,0.27104613847098824,6.336720417243434,0.35961854984596464,-1.6360268343292463,0.0,549.6242,417.921,507.50687,647.92566,1.0279724862142896
0.12000000000000001,-0.02568859857619899,0.005335112694665032,0.045619993942690465,0.9063873776451761,0.7527293809279243,0.0,-0.676281225969663,0.26368001351322157,0.6412243517787518,-10.58267171581471,7.796355705423829,1.469265494389542,2.5663157552338918,-3.318121774888003,0.0,518.02795,532.61816,382.92322,764.4777,1.060835863102845
0.18,-0.08912520083117874,0.031208039457625916,0.0668023789576263,0.32358456464682916,0.5807662800788886,0.0,-1.4159704989750335,0.24613135439280315,-0.027474446336500175,-11.484050410244622,-15.390375838257068,-8.072308916919361,8.270535515786833,-2.971317857696981,0.0,566.7473,480.74802,414.3615,782.5993,1.02180719774509
0.23999999999999996,-0.1940570563850815,0.059713090515927485,0.05641843327436286,4.6354358688514985,0.577411722758641,0.0,-2.0838339376319066,0.5781127427535562,-0.7450213415115,-11.18361430063933,-4.119838893320109,-25.906842008400382,12.978767549295092,-4.058474993616431,0.0,443.34158,642.10144,280.15363,814.04144,0.9566497435272903
