time,x,y,z,phi,theta,psi,x_velocity,y_velocity,z_velocity,x_accel,y_accel,z_accel,phi_velocity,theta_velocity,psi_velocity,rotor_speed1,rotor_speed2,rotor_speed3,rotor_speed4,reward
0.0,0.0,0.0,0.0,0.0,0.0,0.0,0.0,0.0,0.0,0.0,0.0,0.0,0.0,0.0,0.0,363.73163,609.108,438.6001,448.8948,0
0.06,-0.007069134541013615,8.314135627744064e-06,0.003474539292300892,0.005129645642255376,1.8269169847440931,0.0,-0.4038136743549695,0.0004413884888005014,-0.00043527370016303857,-12.613189224088675,0.01231879759067745,-5.043050886208666,0.12540502969353254,3.250868642651879,0.0,204.97083,788.78503,149.89792,713.83734,1.0057199597506665
