time,x,y,z,phi,theta,psi,x_velocity,y_velocity,z_velocity,x_accel,y_accel,z_accel,phi_velocity,theta_velocity,psi_velocity,rotor_speed1,rotor_speed2,rotor_speed3,rotor_speed4,reward
0.0,0.0,0.0,0.0,0.0,0.0,0.0,0.0,0.0,0.0,0.0,0.0,0.0,0.0,0.0,0.0,375.3327,574.6162,413.94537,503.49365,0
0.06,-0.004826372005563124,0.0008185517856094536,0.005228848729814863,0.23341552991874437,1.1634495439562382,0.0,-0.28521201251836115,0.046465108633080246,0.12282377009042184,-9.324970924969273,1.4385036834573843,-0.20355740619183163,1.1248153533784768,2.582427368823741,0.0,307.3907,668.32477,281.76105,631.1299,1.0108245729454615
0.12000000000000001,-0.04004194912150304,-0.00367300461835682,0.000869515261125512,3.4303066666804973,4.917018567868745,0.0,-0.5883749739112996,-0.3313426417458183,-0.2229493140791233,8.463142422678718,-8.734033415022436,-0.5203344773558345,5.3967209102122435,7.165863300660076,0.0,85.6117,877.6285,45.806717,865.7009,0.984508999733857
