time,x,y,z,phi,theta,psi,x_velocity,y_velocity,z_velocity,x_accel,y_accel,z_accel,phi_velocity,theta_velocity,psi_velocity,rotor_speed1,rotor_speed2,rotor_speed3,rotor_speed4,reward
0.0,0.0,0.0,0.0,0.0,0.0,0.0,0.0,0.0,0.0,0.0,0.0,0.0,0.0,0.0,0.0,359.6738,606.43317,440.79105,462.08057,0
0.06,-0.007116492241500556,3.5352507445842734e-05,0.0036723001309122345,0.016870552056141186,1.8222079638504685,0.0,-0.4066413952743996,0.0017921758490883639,0.005685549906837853,-12.706874041828579,0.04603192006702045,-4.9618712851365645,0.2637416378278755,3.2466005783794123,0.0,156.95633,836.71686,98.95772,779.5136,1.0061589729932572
