time,x,y,z,phi,theta,psi,x_velocity,y_velocity,z_velocity,x_accel,y_accel,z_accel,phi_velocity,theta_velocity,psi_velocity,rotor_speed1,rotor_speed2,rotor_speed3,rotor_speed4,reward
0.0,0.0,0.0,0.0,0.0,0.0,0.0,0.0,0.0,0.0,0.0,0.0,0.0,0.0,0.0,0.0,358.83975,606.2143,441.13873,463.51562,0
0.06,-0.007137053654352745,3.902643483687808e-05,0.0036742806524514724,0.01841525323940374,1.8271834841411927,0.0,-0.4076862133837026,0.0019698958733347744,0.005084508227866616,-12.733831867895834,0.05017610340791286,-5.000323107478342,0.27775012816131645,3.2511099903497636,0.0,149.02933,841.8046,91.159805,790.1535,1.0061516020583057
