time,x,y,z,phi,theta,psi,x_velocity,y_velocity,z_velocity,x_accel,y_accel,z_accel,phi_velocity,theta_velocity,psi_velocity,rotor_speed1,rotor_speed2,rotor_speed3,rotor_speed4,reward
0.0,0.0,0.0,0.0,0.0,0.0,0.0,0.0,0.0,0.0,0.0,0.0,0.0,0.0,0.0,0.0,317.6785,471.06677,548.07404,580.1919,0
0.06,-0.0022204820687830684,0.00020204711871281636,0.008063580496368437,0.05110618172381809,0.4892763255289463,0.0,-0.13394715921028152,0.012363100984639021,0.2590967500720133,-4.494831768813444,0.4221147770658858,3.8908320845452127,0.49694034477680726,1.6542236075163395,0.0,312.32227,597.19434,399.41736,600.10223,1.0180824018398793
0.12000000000000001,-0.028091172428166243,0.002216080933462954,0.02097123958528997,1.3690221473845456,2.630508203818156,0.0,-0.8193485940376473,-0.00857908587804157,-0.04212084060126012,-13.698013013759294,-4.091452833906693,-12.906222859395374,3.2169845723883235,5.0932698219240535,0.0,119.42186,856.82916,86.322395,826.78705,1.0165221543921115
