time,x,y,z,phi,theta,psi,x_velocity,y_velocity,z_velocity,x_accel,y_accel,z_accel,phi_velocity,theta_velocity,psi_velocity,rotor_speed1,rotor_speed2,rotor_speed3,rotor_speed4,reward
0.0,0.0,0.0,0.0,0.0,0.0,0.0,0.0,0.0,0.0,0.0,0.0,0.0,0.0,0.0,0.0,349.77518,579.13,463.7,488.11786,0
0.06,-0.006012107386336934,6.223751614292742e-05,0.004897838001911352,0.023325283258336604,1.463941416821834,0.0,-0.35057586123344886,0.003469150634339802,0.0844736819080045,-11.262921126666333,0.10459250721816661,-2.0253755967336944,0.3188534100359208,2.9039122519949387,0.0,237.04381,732.61365,198.3701,719.3743,1.0096088438218165
0.12000000000000001,-0.03689815680758937,-0.00823366874230621,0.00034718523348340326,0.8024688200499384,1.935403198899074,0.0,-0.41542397410740434,-0.5073941908561759,-0.23945763815425758,2.588013272661274,-17.01164115397659,-8.215237596880229,6.757805091949793,9.121514661719548,0.0,48.61489,888.1436,22.77805,878.725,0.9842681532350805
