time,x,y,z,phi,theta,psi,x_velocity,y_velocity,z_velocity,x_accel,y_accel,z_accel,phi_velocity,theta_velocity,psi_velocity,rotor_speed1,rotor_speed2,rotor_speed3,rotor_speed4,reward
0.0,0.0,0.0,0.0,0.0,0.0,0.0,0.0,0.0,0.0,0.0,0.0,0.0,0.0,0.0,0.0,313.9946,450.66064,562.99884,589.4838,0
0.06,-0.0016782660258395773,0.0001473655775300097,0.008341897162418288,0.03759289357534623,0.36933769557867,0.0,-0.10154728765161058,0.00910683160704963,0.27254058675879445,-3.4203815092718504,0.31459842670369803,4.298253700010855,0.4186642164996658,1.429670174822557,0.0,310.50766,568.5032,447.0228,590.4008,1.0188071699513679
0.12000000000000001,-0.022899786491932167,0.0027580054157736044,0.025837871606322588,0.7849755984366507,2.0411252301242904,0.0,-0.7290036109254077,0.07923537590663493,0.1438717759186209,-14.488554770532218,0.6088941628414865,-8.763573670626776,2.4408103387590083,4.453710179240052,0.0,146.39696,836.87756,139.63876,777.4221,1.0276230174826355
0.18,-0.08540251781947517,-0.009671828462512608,0.006289924262367342,4.514286763086201,2.0224899071712628,0.0,-0.8462553600341749,-0.4271644470067524,-0.7115289168848931,20.098636949839467,-1.4969203597432306,-9.996651649192653,10.06766228802842,12.961847931446972,0.0,83.72805,871.47754,86.664474,821.41016,0.9480026776552046
