time,x,y,z,phi,theta,psi,x_velocity,y_velocity,z_velocity,x_accel,y_accel,z_accel,phi_velocity,theta_velocity,psi_velocity,rotor_speed1,rotor_speed2,rotor_speed3,rotor_speed4,reward
0.0,0.0,0.0,0.0,0.0,0.0,0.0,0.0,0.0,0.0,0.0,0.0,0.0,0.0,0.0,0.0,358.4881,595.71246,452.14212,465.10663,0
0.06,-0.006576113404560084,1.5478144547301832e-05,0.004200393010065935,0.007704421258896588,1.647276082132339,0.0,-0.3797479237777226,0.000855986355680258,0.04278121704222035,-12.040810771928983,0.025503615307764776,-3.511921843984122,0.1632070669553763,3.0839463666164333,0.0,238.96889,758.40717,172.31361,710.80005,1.0077008254147504
