time,x,y,z,phi,theta,psi,x_velocity,y_velocity,z_velocity,x_accel,y_accel,z_accel,phi_velocity,theta_velocity,psi_velocity,rotor_speed1,rotor_speed2,rotor_speed3,rotor_speed4,reward
0.0,0.0,0.0,0.0,0.0,0.0,0.0,0.0,0.0,0.0,0.0,0.0,0.0,0.0,0.0,0.0,406.47067,543.6739,390.1285,538.4161,0
0.06,-0.002414949834685257,0.002586982040450402,0.006095227354660299,0.627858897059764,0.5649721044223819,0.0,-0.14540433425381585,0.15332941714133919,0.1772093912565393,-4.867950482323047,5.032251184474434,1.8142876969271045,1.8816062593216825,1.7819059481312993,0.0,351.66913,629.0415,302.35287,632.22974,1.0132372763025665
0.12000000000000001,-0.030723401865614012,0.020437948061997977,0.01075779917939411,3.590763442083489,2.907548529243158,0.0,-0.8598535155645699,0.28785156621315083,-0.06426809865212048,-12.753038891537788,-4.005187404527868,-2.616603335205734,5.954920682652517,5.382964315827955,0.0,152.31116,861.55927,53.506874,865.65234,1.001639775824568
0.18,-0.1011532921695548,0.05081748232888984,0.012663325275011584,5.267851165771496,3.8906401856805672,0.0,-1.4224973673155732,0.8847249314839621,-0.042710895560400135,-0.37657698479524593,21.631742622271535,-2.6083937099720216,14.99795310623586,14.210346648930356,0.0,287.9494,808.1309,93.33402,807.9996,0.9934641872822558
