time,x,y,z,phi,theta,psi,x_velocity,y_velocity,z_velocity,x_accel,y_accel,z_accel,phi_velocity,theta_velocity,psi_velocity,rotor_speed1,rotor_speed2,rotor_speed3,rotor_speed4,reward
0.0,0.0,0.0,0.0,0.0,0.0,0.0,0.0,0.0,0.0,0.0,0.0,0.0,0.0,0.0,0.0,313.90884,443.44476,568.454,590.3132,0
0.06,-0.001483388182122211,0.0001030363608437838,0.008390372692558018,0.027078571969360254,0.3272784518185885,0.0,-0.08985920019299577,0.006418470058632487,0.27536572095487105,-3.0309695591691557,0.223794352287977,4.398646462579486,0.34748733291740236,1.3424355086588653,0.0,314.67926,549.68146,467.249,589.0534,1.018946694557505
0.12000000000000001,-0.020404290000194142,0.0025046527859957876,0.027950983269754877,0.5946967803673404,1.6901596474940899,0.0,-0.6613343146885544,0.09329918918370361,0.25212924170110806,-13.705880289124064,1.8471222010988855,-5.402452025848027,2.099367339550178,4.055729244190636,0.0,186.92422,806.696,205.97815,735.0422,1.033084009071325
0.18,-0.07252254811494702,0.0084779668891604,0.012182047814818991,1.7069929045457712,5.927472137348886,0.0,-0.9080864630440559,0.258431199597785,-0.9500940618449814,-6.321246676040422,10.17431186608694,-24.615728479752576,8.638994613405355,11.83609304905213,0.0,15.261883,898.1478,20.80563,889.99976,0.9498680267328717
