time,x,y,z,phi,theta,psi,x_velocity,y_velocity,z_velocity,x_accel,y_accel,z_accel,phi_velocity,theta_velocity,psi_velocity,rotor_speed1,rotor_speed2,rotor_speed3,rotor_speed4,reward
0.0,0.0,0.0,0.0,0.0,0.0,0.0,0.0,0.0,0.0,0.0,0.0,0.0,0.0,0.0,0.0,349.22745,574.5906,466.71164,490.65707,0
0.06,-0.005783719461502345,6.225788759790473e-05,0.005063741862575483,0.022780023182441766,1.3997316788018042,0.0,-0.33830964879167746,0.003517829405213039,0.09638915671909684,-10.913925005619946,0.10819248639621609,-1.5514759104423665,0.3145116649846455,2.838214722475272,0.0,250.52081,719.01636,209.58429,703.1693,1.0100995662220915
0.12000000000000001,-0.03653677523916232,-0.009743676356751822,6.060656424688223e-05,0.030136988919494456,1.187406725866456,0.0,-0.3222993406831001,-0.48692136864953983,-0.3741184348535336,10.781924342805901,-11.67528688077632,-15.272697995126613,6.387328480694622,8.7230063620542,0.0,109.48293,865.2512,51.251923,840.21454,0.9810726037750097
