time,x,y,z,phi,theta,psi,x_velocity,y_velocity,z_velocity,x_accel,y_accel,z_accel,phi_velocity,theta_velocity,psi_velocity,rotor_speed1,rotor_speed2,rotor_speed3,rotor_speed4,reward
0.0,0.0,0.0,0.0,0.0,0.0,0.0,0.0,0.0,0.0,0.0,0.0,0.0,0.0,0.0,0.0,369.81076,594.00397,433.25735,461.40402,0
0.06,-0.0060125191920028,6.981809298684708e-05,0.004271209638181765,0.026802509200796187,1.5047691868702602,0.0,-0.34987988976549533,0.0038443451647536394,0.06133273976030106,-11.209693752405151,0.11378065488940524,-2.5070968056080836,0.3454492147651752,2.944939060560493,0.0,227.25877,762.79645,179.51007,704.1062,1.0081466835506003
