time,x,y,z,phi,theta,psi,x_velocity,y_velocity,z_velocity,x_accel,y_accel,z_accel,phi_velocity,theta_velocity,psi_velocity,rotor_speed1,rotor_speed2,rotor_speed3,rotor_speed4,reward
0.0,0.0,0.0,0.0,0.0,0.0,0.0,0.0,0.0,0.0,0.0,0.0,0.0,0.0,0.0,0.0,368.2037,591.39465,431.19672,460.42252,0
0.06,-0.00587960420851472,7.491740659441507e-05,0.004169616495753777,0.02845057431158704,1.4790262944858252,0.0,-0.34259219864752977,0.004143227070638168,0.06112187649249064,-10.995404377277934,0.12344851381182499,-2.373625012618552,0.3574631883203684,2.919136554001965,0.0,226.20218,760.8331,179.39735,701.81323,1.0079726327765655
