time,x,y,z,phi,theta,psi,x_velocity,y_velocity,z_velocity,x_accel,y_accel,z_accel,phi_velocity,theta_velocity,psi_velocity,rotor_speed1,rotor_speed2,rotor_speed3,rotor_speed4,reward
0.0,0.0,0.0,0.0,0.0,0.0,0.0,0.0,0.0,0.0,0.0,0.0,0.0,0.0,0.0,0.0,318.80627,490.61594,534.9186,575.8207,0
0.06,-0.0029091076222117393,0.0003081864116321893,0.007887978576471544,0.07712334333234505,0.6400137446822125,0.0,-0.1748202863903423,0.018599589290919125,0.24625248156665933,-5.838752423746325,0.6245031677384614,3.3697855018325766,0.6228268111686,1.9002913980830365,0.0,283.57452,674.49786,341.04626,627.81714,1.0175371783907208
0.12000000000000001,-0.029540563230137932,-0.004281330596354941,0.014929689788635793,2.53807115829021,4.934003096168681,0.0,-0.5018839300231075,-0.37352476980781324,-0.1503257554447858,6.440571652880841,-14.174419142666746,-7.652234987719246,4.375593147078966,6.845605423374236,0.0,14.965346,898.676,10.979255,895.7372,1.0045649501156295
