time,x,y,z,phi,theta,psi,x_velocity,y_velocity,z_velocity,x_accel,y_accel,z_accel,phi_velocity,theta_velocity,psi_velocity,rotor_speed1,rotor_speed2,rotor_speed3,rotor_speed4,reward
0.0,0.0,0.0,0.0,0.0,0.0,0.0,0.0,0.0,0.0,0.0,0.0,0.0,0.0,0.0,0.0,358.26904,364.6995,590.71857,617.90405,0
0.06,-4.643514660536811e-06,0.00017748461823336402,0.009182628044140325,0.042865839286154284,0.001955312740871129,0.0,-0.00032935856057969613,0.01100573356623125,0.30599065202271936,-0.013093105392135181,0.3817184718839336,5.095541220101266,0.4506377789042908,0.06381946561550218,0.0,352.45007,374.4521,582.4797,625.4129,1.0208731775085753
0.12000000000000001,-0.00014045004273825095,0.002554992291738353,0.03672358813963624,0.1670033485682625,0.018188741058654756,0.0,-0.006063077504618957,0.08379833771236925,0.6106349061668874,-0.1691462400015922,1.8071378980991573,5.0197059316761985,1.156042135602528,0.2831137539415103,0.0,337.0222,411.18533,550.9332,643.36743,1.0534468106883021
0.18,-0.0015768034011897044,0.014212181975091016,0.0817160965826972,0.6300385396677877,0.14600018842337636,0.0,-0.057874593478685926,0.36154558112414636,0.8692383568803067,-1.4775016028105732,6.753042066243636,3.501261095326817,2.633435079154199,1.0405811664525353,0.0,321.8181,506.13715,445.20016,670.563,1.0848575838824641
0.23999999999999996,-0.012736199656848024,0.05492207316455936,0.12951403240587966,2.6214580376958168,0.9511481209661392,0.0,-0.4111663654056563,1.022715695138272,0.5011693532359534,-9.476976300180745,10.847834641512543,-14.449888452723302,5.888114216251136,3.091659981597145,0.0,278.13687,736.26056,211.79393,729.82684,1.0804816466603577
0.3,-0.048588680093206285,0.13331617039700333,0.13246660629234364,2.482391484121578,0.9628835655075747,0.0,-0.38971873834733256,1.604164099542169,-0.17722609682756132,14.924116383267812,6.246355052386866,-1.9435775636746102,11.709735409951294,9.080166295830399,0.0,412.22342,833.7668,71.72583,835.9594,0.9929927387091484
0.36000000000000004,-0.08596074354719938,0.24280555456691688,0.07831320577534556,4.814478032611646,0.5025500741133389,0.0,-0.31523125295837084,2.00938731604275,-1.6016273835249442,21.231656049091168,5.545463270445607,-18.441948057902447,18.49457039615947,14.624329406655228,0.0,193.80551,874.2953,35.31183,873.3938,0.8684912746469555
