time,x,y,z,phi,theta,psi,x_velocity,y_velocity,z_velocity,x_accel,y_accel,z_accel,phi_velocity,theta_velocity,psi_velocity,rotor_speed1,rotor_speed2,rotor_speed3,rotor_speed4,reward
0.0,0.0,0.0,0.0,0.0,0.0,0.0,0.0,0.0,0.0,0.0,0.0,0.0,0.0,0.0,0.0,405.1087,536.6524,387.95178,535.61176,0
0.06,-0.0021548877198303298,0.002518756455281805,0.005808534906561264,0.6163034702425376,0.5121006515733457,0.0,-0.12991765549342119,0.14972198734340358,0.17050552783970196,-4.356604862430765,4.932257912550756,1.8268631306175909,1.8636738838429792,1.6937028584760894,0.0,356.08945,614.3947,314.2383,619.03284,1.0126450543414562
0.12000000000000001,-0.02829982854201492,0.021645404077212126,0.009813584449336088,3.1614036088430524,2.5239871538454004,0.0,-0.8338216649891512,0.3470243306350715,-0.13802665597899594,-14.180243304215052,-3.093057669454377,-6.844356224084685,5.622979620124901,5.018022030979042,0.0,180.79158,836.43195,82.921425,842.3857,0.9994888988552659
