time,x,y,z,phi,theta,psi,x_velocity,y_velocity,z_velocity,x_accel,y_accel,z_accel,phi_velocity,theta_velocity,psi_velocity,rotor_speed1,rotor_speed2,rotor_speed3,rotor_speed4,reward
0.0,0.0,0.0,0.0,0.0,0.0,0.0,0.0,0.0,0.0,0.0,0.0,0.0,0.0,0.0,0.0,313.7687,436.48105,573.3106,591.3373,0
0.06,-0.0013098209450254786,7.19664736833597e-05,0.008429146312201978,0.019593816612412773,0.2898876426703243,0.0,-0.0794328475530372,0.004522963670192427,0.2776024527598994,-2.682911203914094,0.15930609105603274,4.4775804839542195,0.2880601641236894,1.2600515940982584,0.0,316.558,523.74335,492.1212,584.71063,1.0190584484015197
0.12000000000000001,-0.01763821882567377,0.0019137672087491467,0.029743661217201775,0.37237466159413213,1.3168851443491247,0.0,-0.5683525855292514,0.0797862324027134,0.3539852454573637,-11.880288847484627,1.9891287923748502,-1.9266145884845292,1.6478551436977498,3.5890501383771105,0.0,232.27472,755.63995,273.19366,672.2788,1.037928840145179
0.18,-0.061403766421878135,0.0015615443178471325,0.03607116923338394,4.7506000129269665,2.644512868213763,0.0,-0.7429826943824999,-0.15722890105505283,-0.4103968339445079,-5.670549710566379,-3.348043592503876,-25.815397431658916,6.6526351147867615,10.182173321001992,0.0,51.04897,886.8253,90.15109,845.45807,0.9964728062535322
