time,x,y,z,phi,theta,psi,x_velocity,y_velocity,z_velocity,x_accel,y_accel,z_accel,phi_velocity,theta_velocity,psi_velocity,rotor_speed1,rotor_speed2,rotor_speed3,rotor_speed4,reward
0.0,0.0,0.0,0.0,0.0,0.0,0.0,0.0,0.0,0.0,0.0,0.0,0.0,0.0,0.0,0.0,318.90863,415.7452,584.612,596.53687,0
0.06,-0.0007920415733409006,3.3992761160592525e-05,0.00861391432293029,0.010094729075297515,0.17776159394661661,0.0,-0.04824323347648167,0.002186785689170412,0.28587089992999143,-1.638138577383874,0.07902702378629956,4.708588776444686,0.1933009227996514,0.9743800710145478,0.0,327.52344,460.2561,540.0433,588.95966,1.019535233484198
0.12000000000000001,-0.010110373872952605,0.0009089505141288562,0.033064805915280944,0.13186856974255878,0.5939986980589875,0.0,-0.311645532305186,0.039998435598590926,0.5124499277048224,-6.240332976889882,1.1194670220813876,3.0991708274278857,0.9484177152673937,2.380180128064557,0.0,327.69632,610.9115,418.73788,571.59247,1.046289549382061
0.18,-0.048259286701253325,0.004745421331036999,0.0588789551292148,0.9227369497256666,2.8136633800430104,0.0,-1.0201519172465585,0.0065157502241901255,0.10803826406682765,-12.769004907991793,-4.495176301483244,-15.689677190320777,2.9870828719874982,5.8482680347441205,0.0,172.29298,831.9387,183.03313,750.3673,1.0379193547994505
0.23999999999999996,-0.12035108083046259,-0.015199866366764563,0.029458174939224615,2.7702409147152007,1.5376249417306447,0.0,-1.0369365482548671,-0.4807006867816924,-0.9681601173212552,19.587342517735735,-0.660456918177535,-12.093766493051481,9.82713260619615,13.869814311985596,0.0,238.89354,757.697,269.18478,670.3294,0.9271584343066197
