time,x,y,z,phi,theta,psi,x_velocity,y_velocity,z_velocity,x_accel,y_accel,z_accel,phi_velocity,theta_velocity,psi_velocity,rotor_speed1,rotor_speed2,rotor_speed3,rotor_speed4,reward
0.0,0.0,0.0,0.0,0.0,0.0,0.0,0.0,0.0,0.0,0.0,0.0,0.0,0.0,0.0,0.0,315.0323,435.70187,573.5184,589.11755,0
0.06,-0.001265882152108298,5.4256528108808424e-05,0.008373305596369158,0.015301475892882443,0.28110281365233547,0.0,-0.07678941003698099,0.0034346594364840877,0.2759565092922782,-2.594500372502829,0.12195813746428551,4.459659620756059,0.24886320632724296,1.23993854432037,0.0,323.77426,513.39417,496.66595,575.7268,1.0189374365601878
0.12000000000000001,-0.016532796185287333,0.0014950600071222757,0.029943009280263295,0.2767466360845763,1.1504745913390444,0.0,-0.5226037945063642,0.06439197841860063,0.38305857114069963,-10.732959643035857,1.6940758014481339,-0.644717087561025,1.4062929181696748,3.3638656441696435,0.0,268.70352,713.3047,308.838,627.62335,1.038941281484845
0.18,-0.05970869979746535,-0.0012459688972211358,0.03784952900943299,3.0845935534648206,0.39716534254498015,0.0,-0.5142310542938302,-0.13395243419658956,-0.23471476164883182,15.508057456635672,3.426776976377083,-12.143966259221195,5.387313101148869,8.952006393606787,0.0,106.12136,877.0264,65.58916,811.95795,1.0019617320708927
