time,x,y,z,phi,theta,psi,x_velocity,y_velocity,z_velocity,x_accel,y_accel,z_accel,phi_velocity,theta_velocity,psi_velocity,rotor_speed1,rotor_speed2,rotor_speed3,rotor_speed4,reward
0.0,0.0,0.0,0.0,0.0,0.0,0.0,0.0,0.0,0.0,0.0,0.0,0.0,0.0,0.0,0.0,317.70566,469.30197,549.87354,580.09576,0
0.06,-0.002161374850005928,0.00018025883932870694,0.008083053526220272,0.045933590906127364,0.47631234389540733,0.0,-0.1304235974363088,0.011055482098276222,0.2602673107977457,-4.378332682708341,0.37851405904894936,3.9332771778511297,0.4683496908395669,1.6313897253701832,0.0,312.83875,592.1936,407.1337,598.3355,1.0181384288460775
0.12000000000000001,-0.027545213445371065,0.0023134877977382816,0.021608600240115586,1.260850396033586,2.5218569047903916,0.0,-0.8135283429323039,0.01174322436181515,-0.017920384635960268,-14.035873342042196,-3.026959204927009,-12.47714677914441,3.076929062195006,4.988718040406232,0.0,129.29044,850.94855,98.835075,816.629,1.018004672683208
