time,x,y,z,phi,theta,psi,x_velocity,y_velocity,z_velocity,x_accel,y_accel,z_accel,phi_velocity,theta_velocity,psi_velocity,rotor_speed1,rotor_speed2,rotor_speed3,rotor_speed4,reward
0.0,0.0,0.0,0.0,0.0,0.0,0.0,0.0,0.0,0.0,0.0,0.0,0.0,0.0,0.0,0.0,322.48615,525.49396,508.35007,555.37024,0
0.06,-0.004294502170198389,0.00034344884328787074,0.0069956413400528925,0.0920632072807086,0.9674010701476572,0.0,-0.2555960318100678,0.02014453390193791,0.19601062251180665,-8.433446960259113,0.6522179344256663,1.636305377986751,0.6855681888896444,2.3496672396976046,0.0,242.79718,726.6593,274.332,672.1294,1.015116413609343
0.12000000000000001,-0.029736597065302687,-0.007387401919828328,0.008412521658652326,4.514889491679103,1.234185128334076,0.0,-0.24695615072037405,-0.27920928863107525,-0.42831592510736716,12.13039084779195,0.7705077376055742,-21.31671572850067,5.751648663829526,8.48611806716882,0.0,12.370694,898.4667,8.060459,896.1711,0.9905475228438713
