time,x,y,z,phi,theta,psi,x_velocity,y_velocity,z_velocity,x_accel,y_accel,z_accel,phi_velocity,theta_velocity,psi_velocity,rotor_speed1,rotor_speed2,rotor_speed3,rotor_speed4,reward
0.0,0.0,0.0,0.0,0.0,0.0,0.0,0.0,0.0,0.0,0.0,0.0,0.0,0.0,0.0,0.0,359.17154,596.0252,451.6791,463.81708,0
0.06,-0.006565316862172265,1.3601074081909577e-05,0.00418720472164991,0.006927770993173432,1.6456075986096925,0.0,-0.3791603298078423,0.0007562988702527066,0.0426022775427258,-12.023732580157512,0.02271973006417905,-3.5036929899162477,0.15251403686839424,3.0823544457393117,0.0,241.48708,757.86066,172.40594,707.58606,1.0076756011995676
