time,x,y,z,phi,theta,psi,x_velocity,y_velocity,z_velocity,x_accel,y_accel,z_accel,phi_velocity,theta_velocity,psi_velocity,rotor_speed1,rotor_speed2,rotor_speed3,rotor_speed4,reward
0.0,0.0,0.0,0.0,0.0,0.0,0.0,0.0,0.0,0.0,0.0,0.0,0.0,0.0,0.0,0.0,317.01944,472.68033,549.14185,579.8897,0
0.06,-0.002294991712685889,0.00018582701776831523,0.008099634384919011,0.04730718633157327,0.504498679352114,0.0,-0.13838948502584072,0.011377178034991704,0.25967895036695887,-4.641732095223332,0.38872080820358973,3.8733058596065018,0.47609073316654593,1.6806528946735533,0.0,308.10156,629.93994,388.1416,589.6717,1.0181519481564119
0.12000000000000001,-0.02860819019636116,0.00010655813965206777,0.018368003134529694,1.320877123561841,3.3617184804459335,0.0,-0.771658090567511,-0.13937723344372024,-0.1859015290294626,-9.662155860154456,-8.785909437047266,-16.93768910087143,3.1492680607360226,5.685739642933476,0.0,64.45539,887.0767,45.356606,863.2825,1.0096543704449383
