time,x,y,z,phi,theta,psi,x_velocity,y_velocity,z_velocity,x_accel,y_accel,z_accel,phi_velocity,theta_velocity,psi_velocity,rotor_speed1,rotor_speed2,rotor_speed3,rotor_speed4,reward
0.0,0.0,0.0,0.0,0.0,0.0,0.0,0.0,0.0,0.0,0.0,0.0,0.0,0.0,0.0,0.0,358.4228,605.6775,441.6817,463.83264,0
0.06,-0.0071203966036513956,3.84495201150785e-05,0.00368713401111009,0.0181301493691457,1.8219450300581457,0.0,-0.40687130669608906,0.0019455457050676199,0.006132809357130939,-12.714356493078187,0.04979212759237524,-4.956483803263675,0.2752086595077071,3.2463620955721844,0.0,151.85323,839.5035,92.62522,788.7303,1.0061916504496464
