time,x,y,z,phi,theta,psi,x_velocity,y_velocity,z_velocity,x_accel,y_accel,z_accel,phi_velocity,theta_velocity,psi_velocity,rotor_speed1,rotor_speed2,rotor_speed3,rotor_speed4,reward
0.0,0.0,0.0,0.0,0.0,0.0,0.0,0.0,0.0,0.0,0.0,0.0,0.0,0.0,0.0,0.0,364.99594,601.4535,431.72516,454.0795,0
0.06,-0.006551162630030774,3.996977661180813e-05,0.003707291907552267,0.017739241427698005,1.6780974122973937,0.0,-0.3776399407050161,0.0021255679836142145,0.024850893484049424,-11.945088977799275,0.05949315724154576,-3.873471992433214,0.2716923125610722,3.113209821569409,0.0,223.16301,762.4495,173.619,699.1541,1.0065550410251027
