time,x,y,z,phi,theta,psi,x_velocity,y_velocity,z_velocity,x_accel,y_accel,z_accel,phi_velocity,theta_velocity,psi_velocity,rotor_speed1,rotor_speed2,rotor_speed3,rotor_speed4,reward
0.0,0.0,0.0,0.0,0.0,0.0,0.0,0.0,0.0,0.0,0.0,0.0,0.0,0.0,0.0,0.0,351.3948,585.3045,461.02664,480.29007,0
0.06,-0.006281042752592901,3.694252953357763e-05,0.004623800188131357,0.015296449171882998,1.5460075876405268,0.0,-0.3647229253691753,0.0020448704306976454,0.06709988838533876,-11.651612521205893,0.061008958468379344,-2.669277582617149,0.2488135990954828,2.985817193299767,0.0,261.8005,716.94696,216.50932,686.8398,1.0088413369332947
