time,x,y,z,phi,theta,psi,x_velocity,y_velocity,z_velocity,x_accel,y_accel,z_accel,phi_velocity,theta_velocity,psi_velocity,rotor_speed1,rotor_speed2,rotor_speed3,rotor_speed4,reward
0.0,0.0,0.0,0.0,0.0,0.0,0.0,0.0,0.0,0.0,0.0,0.0,0.0,0.0,0.0,0.0,368.57196,596.727,432.632,459.6072,0
0.06,-0.006201391711986011,6.225125746770476e-05,0.004115104363943511,0.024778371551038347,1.5616399997043002,0.0,-0.3598001335101756,0.0033880202789526395,0.050352619211592536,-11.481530733298143,0.09847337725218606,-2.9383691274601067,0.33018789060564485,3.0011704708358877,0.0,225.81741,763.5602,176.0726,705.02563,1.00769006919014
