time,x,y,z,phi,theta,psi,x_velocity,y_velocity,z_velocity,x_accel,y_accel,z_accel,phi_velocity,theta_velocity,psi_velocity,rotor_speed1,rotor_speed2,rotor_speed3,rotor_speed4,reward
0.0,0.0,0.0,0.0,0.0,0.0,0.0,0.0,0.0,0.0,0.0,0.0,0.0,0.0,0.0,0.0,364.97467,606.4162,434.0697,453.12128,0
0.06,-0.006868647789115407,2.8179882998830266e-05,0.00361137786922434,0.013606308953871604,1.7651373174926785,0.0,-0.3938880558585872,0.0014684499602084363,0.011350906792686882,-12.369984716605527,0.039684039518557084,-4.538871756094186,0.23193610945854765,3.1944293170589706,0.0,209.24326,779.4332,161.47554,709.2643,1.0061563834037122
