time,x,y,z,phi,theta,psi,x_velocity,y_velocity,z_velocity,x_accel,y_accel,z_accel,phi_velocity,theta_velocity,psi_velocity,rotor_speed1,rotor_speed2,rotor_speed3,rotor_speed4,reward
0.0,0.0,0.0,0.0,0.0,0.0,0.0,0.0,0.0,0.0,0.0,0.0,0.0,0.0,0.0,0.0,316.41962,420.72668,581.87573,597.7021,0
0.06,-0.0009238748596429946,5.807057827619497e-05,0.008624038218714719,0.016061977794185722,0.2058695296094024,0.0,-0.05619812829151803,0.0036764457577252996,0.28576959875016433,-1.9051724727563661,0.13055698613891004,4.687484871999922,0.2561624864771642,1.0529015318974113,0.0,322.19067,480.39435,523.53046,595.0918,1.0195448772854505
0.12000000000000001,-0.012179158225489676,0.0016125675075058406,0.03263187087531214,0.2524172193238492,0.7881163239419582,0.0,-0.38641703561222607,0.07179871481003822,0.48391323615993226,-8.01536951693403,2.00185594140206,2.0568846260665525,1.3489906399195914,2.7580179678008365,0.0,295.72784,674.8059,353.7896,618.2141,1.0449143595856907
0.18,-0.052862689617835856,0.0012370116003676793,0.051853554105789984,2.367589135364094,4.847894729427022,0.0,-0.7334623108741711,-0.3118546590408092,0.032452869034989534,6.539260689914841,-14.288734101874088,-8.371198367857204,4.781654007466729,7.528112258305519,0.0,47.41008,894.1005,36.774677,874.54266,1.025263010204925
0.23999999999999996,-0.05918594103608887,-0.022015772000155934,0.03219467445175127,5.403889694143306,1.1025931989363311,0.0,0.25200303248667155,-0.7407142626083982,-0.8460433841345103,3.021248882480742,-18.587040921229132,-23.955728020215826,14.28724102594526,16.80908304042815,0.0,81.79029,889.16986,48.479538,851.5565,0.9493749238422406
