time,x,y,z,phi,theta,psi,x_velocity,y_velocity,z_velocity,x_accel,y_accel,z_accel,phi_velocity,theta_velocity,psi_velocity,rotor_speed1,rotor_speed2,rotor_speed3,rotor_speed4,reward
0.0,0.0,0.0,0.0,0.0,0.0,0.0,0.0,0.0,0.0,0.0,0.0,0.0,0.0,0.0,0.0,364.7585,607.6587,437.24615,449.83585,0
0.06,-0.0069500265179932574,1.2488778805896505e-05,0.003561520262341725,0.006982102601511997,1.7896519573346872,0.0,-0.3979488036222528,0.0006621065619952071,0.006822166957007478,-12.47109397668582,0.01843604513489926,-4.736569657737464,0.1532794309958776,3.2169412391170766,0.0,213.96382,777.76733,162.63947,703.537,1.0059935591716858
