time,x,y,z,phi,theta,psi,x_velocity,y_velocity,z_velocity,x_accel,y_accel,z_accel,phi_velocity,theta_velocity,psi_velocity,rotor_speed1,rotor_speed2,rotor_speed3,rotor_speed4,reward
0.0,0.0,0.0,0.0,0.0,0.0,0.0,0.0,0.0,0.0,0.0,0.0,0.0,0.0,0.0,0.0,354.9184,594.0005,454.08176,471.58844,0
0.06,-0.006622831352382534,2.8056847897459327e-05,0.004256934899121252,0.012691281486007178,1.6545092390715332,0.0,-0.382288402734268,0.001518143291134649,0.04353255431163612,-12.114551824113763,0.04371862709145036,-3.5481373591803442,0.2223784187579542,3.0908383031316746,0.0,236.14688,754.0433,178.69017,716.6927,1.0078085055148271
