time,x,y,z,phi,theta,psi,x_velocity,y_velocity,z_velocity,x_accel,y_accel,z_accel,phi_velocity,theta_velocity,psi_velocity,rotor_speed1,rotor_speed2,rotor_speed3,rotor_speed4,reward
0.0,0.0,0.0,0.0,0.0,0.0,0.0,0.0,0.0,0.0,0.0,0.0,0.0,0.0,0.0,0.0,317.8286,459.88684,554.40985,582.46765,0
0.06,-0.0018581181018109245,0.00015877742828979352,0.008119731937079922,0.040657977366044484,0.41091513516490874,0.0,-0.11230839685114508,0.009783987733263047,0.2638585532338428,-3.77783450930857,0.33685550927024466,4.097344380086142,0.43749992989902803,1.511151842048709,0.0,328.28757,564.55994,429.0735,577.8356,1.0182734736776746
0.12000000000000001,-0.023710319238398583,0.0030263868839533158,0.024835659400597607,0.7986555321721278,1.8727030505135005,0.0,-0.7264490979954772,0.09643351984628024,0.14967896075594825,-13.945500156601193,1.3261485754422484,-7.584160414128251,2.4732528084462952,4.318684062432363,0.0,220.01265,785.682,166.85655,726.74255,1.0264044671172938
0.18,-0.07830380468628605,0.004104746267141382,0.007035967887270341,1.9092584695937518,4.513521239385614,0.0,-1.0942871519958128,0.017461117175674626,-0.7561752953098729,-17.58378730956516,1.9365143168175587,-14.60531728035625,9.001166329179792,11.45757526631173,0.0,65.52594,881.7458,35.399563,859.4016,0.9505355791394392
