time,x,y,z,phi,theta,psi,x_velocity,y_velocity,z_velocity,x_accel,y_accel,z_accel,phi_velocity,theta_velocity,psi_velocity,rotor_speed1,rotor_speed2,rotor_speed3,rotor_speed4,reward
0.0,0.0,0.0,0.0,0.0,0.0,0.0,0.0,0.0,0.0,0.0,0.0,0.0,0.0,0.0,0.0,320.74164,481.04944,541.5345,573.9152,0
0.06,-0.0024902560928917765,0.00019860938476671465,0.007920011476529099,0.050805376524182044,0.5497745288244289,0.0,-0.149994812604015,0.012119267313203385,0.25180850381065173,-5.0239707130716855,0.41242158657346717,3.6594059567726482,0.4953179574257506,1.7569906407850597,0.0,315.37796,621.9115,396.08316,579.492,1.0177044197118512
0.12000000000000001,-0.030101819171223364,0.0006925581983636129,0.017588717197083128,1.1119467110963575,3.1478551020656713,0.0,-0.8136876007297921,-0.09359521983254193,-0.19247150250243186,-10.933126074259965,-6.708626861001837,-17.005383699379,2.9231496552252207,5.562710580235683,0.0,103.65713,868.5642,86.37441,832.81134,1.0084930986770912
