time,x,y,z,phi,theta,psi,x_velocity,y_velocity,z_velocity,x_accel,y_accel,z_accel,phi_velocity,theta_velocity,psi_velocity,rotor_speed1,rotor_speed2,rotor_speed3,rotor_speed4,reward
0.0,0.0,0.0,0.0,0.0,0.0,0.0,0.0,0.0,0.0,0.0,0.0,0.0,0.0,0.0,0.0,316.42496,455.72562,559.1675,586.38794,0
0.06,-0.001772634977583638,0.0001530381108554491,0.008276273339991397,0.03904753028996222,0.3903349948906225,0.0,-0.10719826588139325,0.009444113553644346,0.26971294757219566,-3.6082824971453995,0.3257132393847032,4.222931100766264,0.42769403947616075,1.471361800161285,0.0,324.39703,562.1824,442.6453,581.6347,1.0186434915225149
0.12000000000000001,-0.023093292293868205,0.0029278248878414808,0.025916612768845076,0.7280588519509044,1.8503509773701836,0.0,-0.7179430268800097,0.0945255386809536,0.1758880680902477,-14.047168656577675,1.3791008898206494,-7.222827674571309,2.363184308964277,4.279566107063791,0.0,208.16524,793.3565,182.56123,734.1603,1.0284001534053033
0.18,-0.07788599399858415,0.004310308756086388,0.0066378954126249294,2.014735493899149,5.0398017806454,0.0,-1.066487454968222,0.047258095064473954,-0.910216307629289,-14.818378239716347,3.7429264140107863,-20.54071227655579,8.973815825704392,11.643732273970516,0.0,40.40348,891.41223,28.141989,876.5256,0.9452026209842126
