time,x,y,z,phi,theta,psi,x_velocity,y_velocity,z_velocity,x_accel,y_accel,z_accel,phi_velocity,theta_velocity,psi_velocity,rotor_speed1,rotor_speed2,rotor_speed3,rotor_speed4,reward
0.0,0.0,0.0,0.0,0.0,0.0,0.0,0.0,0.0,0.0,0.0,0.0,0.0,0.0,0.0,0.0,328.28528,541.04987,496.88464,536.5879,0
0.06,-0.0048339324530541185,0.0002208692795468457,0.0063917717070766265,0.06401597336344,1.1121176290009434,0.0,-0.28622332296706493,0.012802861807338407,0.16507430314609722,-9.381918089894572,0.40804143668326615,0.650339878680503,0.5625950705744522,2.5235106205254487,0.0,243.26704,729.8643,253.13367,676.0396,1.0135500209953634
0.12000000000000001,-0.032075137859293314,-0.008494662729544028,0.004434344461808473,4.875079513641758,1.4677723983364288,0.0,-0.29643975171776965,-0.34041785226394716,-0.5106662976350895,9.408018562447698,-2.3085981722511972,-23.44628598469025,5.855140102393982,8.697407826540722,0.0,18.251326,896.8156,13.848333,891.74084,0.9835582859785611
