time,x,y,z,phi,theta,psi,x_velocity,y_velocity,z_velocity,x_accel,y_accel,z_accel,phi_velocity,theta_velocity,psi_velocity,rotor_speed1,rotor_speed2,rotor_speed3,rotor_speed4,reward
0.0,0.0,0.0,0.0,0.0,0.0,0.0,0.0,0.0,0.0,0.0,0.0,0.0,0.0,0.0,0.0,314.40863,439.348,571.40784,589.91473,0
0.06,-0.0013681857281820065,7.514286818042621e-05,0.008395771963297561,0.020393488868326592,0.30268876684225887,0.0,-0.08293998500554543,0.004716110492153452,0.2761855823883156,-2.800034554960891,0.16585111646044334,4.440537686085474,0.2948845130620166,1.2888231824916199,0.0,318.0099,527.28314,486.2803,585.53815,1.018975127551369
0.12000000000000001,-0.018297060472693576,0.002052796104161949,0.02934495539130805,0.4179184455147018,1.3603231150991384,0.0,-0.5860486689037954,0.08568569295425767,0.337926682908769,-12.145227074905504,2.1163506874853137,-2.3794814391889223,1.7454224873170823,3.653810516348341,0.0,238.53247,749.3378,277.86362,670.4505,1.0370087727632464
0.18,-0.06312060261357332,0.0013916564620847123,0.03401954564487771,4.676564093232356,2.320259962747503,0.0,-0.7112667511703621,-0.16604326735413827,-0.4503681220270377,-2.052156463897792,-2.916725014744063,-26.647888360621543,6.675324121004939,10.077591135205392,0.0,64.94096,871.6946,164.70552,829.4974,0.993023707197557
