time,x,y,z,phi,theta,psi,x_velocity,y_velocity,z_velocity,x_accel,y_accel,z_accel,phi_velocity,theta_velocity,psi_velocity,rotor_speed1,rotor_speed2,rotor_speed3,rotor_speed4,reward
0.0,0.0,0.0,0.0,0.0,0.0,0.0,0.0,0.0,0.0,0.0,0.0,0.0,0.0,0.0,0.0,314.61398,429.49335,577.6633,593.8088,0
0.06,-0.0011346242073623789,5.9195739178869506e-05,0.0085158523154046,0.016418731974096268,0.2516983189876658,0.0,-0.06889472011799944,0.0037419701189856146,0.2813248502256286,-2.33054349044401,0.13265841097674735,4.576355141930728,0.2595290962721044,1.1702261472710107,0.0,317.2888,504.22498,506.1361,592.1414,1.0192767099167266
0.12000000000000001,-0.015213182501946936,0.0018227484551652765,0.031194825226370255,0.33478452481724297,1.0694812705626564,0.0,-0.4893874021103103,0.08168564295969999,0.4201049406929517,-10.273856732696824,2.227975234199175,0.09390416922915913,1.548490424628056,3.228118987695651,0.0,259.5545,721.60724,306.4843,651.59406,1.0414587031991198
0.18,-0.055711363732640434,0.0001608576829144969,0.044161441955823943,3.7399717733816225,0.7601638369115182,0.0,-0.4707860888508177,-0.1219899931266463,-0.17938736564592075,14.66327325836533,3.7549556773125254,-16.632345358323423,5.944688779253372,9.051191588720958,0.0,62.682724,891.2367,31.674454,865.0684,1.0113943050434568
