time,x,y,z,phi,theta,psi,x_velocity,y_velocity,z_velocity,x_accel,y_accel,z_accel,phi_velocity,theta_velocity,psi_velocity,rotor_speed1,rotor_speed2,rotor_speed3,rotor_speed4,reward
0.0,0.0,0.0,0.0,0.0,0.0,0.0,0.0,0.0,0.0,0.0,0.0,0.0,0.0,0.0,0.0,369.89505,589.15027,420.96725,479.68256,0
0.06,-0.00575519138793313,0.00031039086156921285,0.0045006735129569245,0.10206088331672891,1.4270920055434466,0.0,-0.3362016332093118,0.017002440314308972,0.07633936265231275,-10.82714402086556,0.49920586965014085,-1.939884960851786,0.7247568381754724,2.8663895195914475,0.0,234.50487,754.72205,191.92874,702.7511,1.0087891618690863
