time,x,y,z,phi,theta,psi,x_velocity,y_velocity,z_velocity,x_accel,y_accel,z_accel,phi_velocity,theta_velocity,psi_velocity,rotor_speed1,rotor_speed2,rotor_speed3,rotor_speed4,reward
0.0,0.0,0.0,0.0,0.0,0.0,0.0,0.0,0.0,0.0,0.0,0.0,0.0,0.0,0.0,0.0,318.08646,459.96057,553.6531,582.4814,0
0.06,-0.001853810527587749,0.00016708171179696563,0.00810430290827832,0.04262271363280856,0.4102291223404677,0.0,-0.11205000792284373,0.010287326920011048,0.26336556213438644,-3.7692242752439054,0.3538452395084145,4.0900625840802,0.44920743116229067,1.5098417420877923,0.0,330.9907,568.5474,419.59677,576.62537,1.0182385754141956
0.12000000000000001,-0.023702298426159726,0.0031630173552208967,0.024557418193923236,0.8652681774588658,1.907196355087999,0.0,-0.7270863314616252,0.09878033406786324,0.13743442148936427,-13.955456870898043,1.2429582393803185,-7.9228439907786266,2.574537403614096,4.353995196914985,0.0,205.63884,800.1638,142.30371,745.88,1.0257504640454325
0.18,-0.07941166518112672,-0.0022287816371879578,0.0020952435132123547,3.009223883206108,5.448127071384167,0.0,-1.034903297815926,-0.29835727354628744,-1.021994331040685,-10.721248467684807,-6.2422572512081755,-24.045443866308823,9.55348211499675,11.856260781923066,0.0,85.783936,892.1068,15.148386,858.41785,0.9383514418245686
