time,x,y,z,phi,theta,psi,x_velocity,y_velocity,z_velocity,x_accel,y_accel,z_accel,phi_velocity,theta_velocity,psi_velocity,rotor_speed1,rotor_speed2,rotor_speed3,rotor_speed4,reward
0.0,0.0,0.0,0.0,0.0,0.0,0.0,0.0,0.0,0.0,0.0,0.0,0.0,0.0,0.0,0.0,317.50174,471.5906,549.71826,579.2765,0
0.06,-0.0022448345484096036,0.00017212041414870174,0.008089433747626844,0.04407251778953114,0.494004452667383,0.0,-0.1354002698394745,0.01055565468014169,0.25978200150537256,-4.54293386693658,0.3613730656388725,3.8945054241797137,0.4576767647480777,1.6624760781273278,0.0,311.9988,619.7846,393.55475,587.37054,1.0181385350599614
0.12000000000000001,-0.028342462747001515,0.000751133465710535,0.01933208591968982,1.2332236190222794,3.086907136207431,0.0,-0.7951305117822032,-0.08914362507899946,-0.1406463903513965,-11.537887375915906,-6.769602009430086,-16.01060992277468,3.037877671813428,5.468671147524263,0.0,82.28944,880.23804,57.828312,850.43054,1.012074687110029
