time,x,y,z,phi,theta,psi,x_velocity,y_velocity,z_velocity,x_accel,y_accel,z_accel,phi_velocity,theta_velocity,psi_velocity,rotor_speed1,rotor_speed2,rotor_speed3,rotor_speed4,reward
0.0,0.0,0.0,0.0,0.0,0.0,0.0,0.0,0.0,0.0,0.0,0.0,0.0,0.0,0.0,0.0,319.7682,486.55786,538.2872,574.5946,0
0.06,-0.0027239907068870887,0.0002461021091510182,0.007911373286405479,0.062248986706570975,0.5999455289366713,0.0,-0.16386527982840432,0.014931090886617635,0.24912403193168242,-5.479919219912602,0.504576543618777,3.5094316959286807,0.5540238892425353,1.8379987503561837,0.0,294.36627,656.0971,368.431,606.77344,1.0176344129230803
0.12000000000000001,-0.030260487452267434,-0.0024671063730304322,0.014749991002046263,1.8093267864705282,4.249757928112414,0.0,-0.6515519755048496,-0.30788099505964095,-0.25920567304467657,-0.9774456560570632,-14.400455244133019,-15.023930017673946,3.700510363129653,6.3841442931550105,0.0,37.049984,894.17944,33.09608,883.1025,1.0024501979532132
