time,x,y,z,phi,theta,psi,x_velocity,y_velocity,z_velocity,x_accel,y_accel,z_accel,phi_velocity,theta_velocity,psi_velocity,rotor_speed1,rotor_speed2,rotor_speed3,rotor_speed4,reward
0.0,0.0,0.0,0.0,0.0,0.0,0.0,0.0,0.0,0.0,0.0,0.0,0.0,0.0,0.0,0.0,315.1747,434.56503,574.6421,589.023,0
0.06,-0.0012367206864093117,4.656652025188919e-05,0.008384513085416597,0.013383769706194037,0.274756951219854,0.0,-0.07503573154702249,0.0029607172056767364,0.2764731313812151,-2.5358781500034073,0.10563748979603226,4.47458468917551,0.2296415990227446,1.225213753777552,0.0,323.50494,506.2625,503.2442,577.4827,1.0189667276128693
0.12000000000000001,-0.01601012042201706,0.0013563403616996793,0.03028972229809586,0.2492545533007995,1.0757984330520465,0.0,-0.502477000375152,0.05977134874615804,0.4009376826838829,-10.243630439881171,1.613909541231822,-0.06193597354610441,1.3253551398919337,3.2545153507631794,0.0,282.0715,692.49457,335.35602,610.08386,1.0398407323122405
0.18,-0.0608172649558491,-0.001584438029507682,0.03919702274887733,2.4071440396218478,5.76552226322184,0.0,-0.6153851767207843,-0.26397362181396916,-0.1898531386821748,14.38992526264231,-6.127231772394641,-9.034001216214483,4.795709906331674,8.382450131882884,0.0,47.44771,893.4616,40.84872,859.1084,1.0041967943127172
