time,x,y,z,phi,theta,psi,x_velocity,y_velocity,z_velocity,x_accel,y_accel,z_accel,phi_velocity,theta_velocity,psi_velocity,rotor_speed1,rotor_speed2,rotor_speed3,rotor_speed4,reward
0.0,0.0,0.0,0.0,0.0,0.0,0.0,0.0,0.0,0.0,0.0,0.0,0.0,0.0,0.0,0.0,317.37622,478.15244,542.23364,579.9853,0
0.06,-0.002473887552751641,0.0002724008341749833,0.007999990104324284,0.06786213719994194,0.5445814101917552,0.0,-0.1490281978066044,0.0165547261231696,0.2545972882292738,-4.992395953616227,0.5606023738002617,3.7112415568495787,0.580856581840065,1.7483983526109423,0.0,305.6472,631.68414,365.95667,605.44965,1.017886006605521
0.12000000000000001,-0.029831174117102885,1.6260159807986e-05,0.017773307630812946,1.8184235350916946,3.465512911329462,0.0,-0.7757324855898424,-0.18909772619174758,-0.15237976744857118,-8.69351896828154,-11.434973836961099,-13.84424459079491,3.7290784603944687,5.797148146425946,0.0,57.881783,887.7828,32.10474,873.064,1.0093162782367082
