time,x,y,z,phi,theta,psi,x_velocity,y_velocity,z_velocity,x_accel,y_accel,z_accel,phi_velocity,theta_velocity,psi_velocity,rotor_speed1,rotor_speed2,rotor_speed3,rotor_speed4,reward
0.0,0.0,0.0,0.0,0.0,0.0,0.0,0.0,0.0,0.0,0.0,0.0,0.0,0.0,0.0,0.0,372.67572,582.4636,417.35956,491.0926,0
0.06,-0.005316904890042216,0.0005212206392616424,0.004873024584220599,0.15870592400088945,1.2993136090044288,0.0,-0.31243070331274453,0.029090002665175488,0.10016321065929304,-10.1400405233503,0.8786986017340556,-1.0496601539077761,0.9175663012625128,2.7323721434689023,0.0,281.9451,699.4948,248.33638,654.172,1.0098313411600839
