time,x,y,z,phi,theta,psi,x_velocity,y_velocity,z_velocity,x_accel,y_accel,z_accel,phi_velocity,theta_velocity,psi_velocity,rotor_speed1,rotor_speed2,rotor_speed3,rotor_speed4,reward
0.0,0.0,0.0,0.0,0.0,0.0,0.0,0.0,0.0,0.0,0.0,0.0,0.0,0.0,0.0,0.0,315.08746,447.50732,565.1299,587.51587,0
0.06,-0.0015657392591339738,0.00010633774246300663,0.008304534373023548,0.027967079971304543,0.34588775870532107,0.0,-0.0947985829123305,0.006615808147446172,0.272008306879204,-3.1955455705898532,0.23034125490094634,4.320821716749979,0.353975757759729,1.3816841496473566,0.0,318.29837,551.40106,462.86035,577.1416,1.018739973414072
0.12000000000000001,-0.020960518466915996,0.0022766946733637264,0.02718272368568975,0.5184039790055879,1.704076850841452,0.0,-0.6680793764787041,0.08108205696788144,0.2341721625077825,-13.582355838477827,1.528053054082835,-5.579419756736579,1.9725615199229511,4.0873234934599285,0.0,196.3232,794.2092,204.63358,710.94995,1.0316257687033021
0.18,-0.07262509417812898,0.010251231785287494,0.015605517354480241,0.6982031579883738,5.1579666340718,0.0,-1.0009195643064985,0.350937477774245,-0.6281838984945816,-14.118752732782237,11.261055928781998,-12.528520946323136,8.07852609126543,11.562361168874018,0.0,34.071846,892.28314,38.64413,865.09937,0.9625106847136997
