time,x,y,z,phi,theta,psi,x_velocity,y_velocity,z_velocity,x_accel,y_accel,z_accel,phi_velocity,theta_velocity,psi_velocity,rotor_speed1,rotor_speed2,rotor_speed3,rotor_speed4,reward
0.0,0.0,0.0,0.0,0.0,0.0,0.0,0.0,0.0,0.0,0.0,0.0,0.0,0.0,0.0,0.0,353.36725,593.2504,455.1889,473.96002,0
0.06,-0.006641466084836551,3.23395618044726e-05,0.004278364986845996,0.014334649949774736,1.6574663604385709,0.0,-0.3832993404190075,0.0017413782125153053,0.04378856456673942,-12.143785319334183,0.04975446142746637,-3.563572711509024,0.23932599129825557,3.0936515843556656,0.0,234.39944,751.4056,181.53673,719.9179,1.007848830345718
