time,x,y,z,phi,theta,psi,x_velocity,y_velocity,z_velocity,x_accel,y_accel,z_accel,phi_velocity,theta_velocity,psi_velocity,rotor_speed1,rotor_speed2,rotor_speed3,rotor_speed4,reward
0.0,0.0,0.0,0.0,0.0,0.0,0.0,0.0,0.0,0.0,0.0,0.0,0.0,0.0,0.0,0.0,320.2771,484.3963,539.69867,574.1389,0
0.06,-0.00262773062186089,0.00022279612026826652,0.007916843753738386,0.05664683153035632,0.5792522557511752,0.0,-0.15815784106011752,0.013551327880770648,0.2503240960733102,-5.292511524856589,0.45935929038713225,3.57411199736618,0.5260200233271742,1.8050129984140124,0.0,302.70938,642.0693,382.15012,595.02454,1.0176682467425269
0.12000000000000001,-0.030548640543133485,-0.0010285386040052378,0.015577909565945392,1.469699070609817,3.775896189724106,0.0,-0.7402104280008762,-0.22017149428310548,-0.26441715850502046,-5.833585583342756,-11.653372479456253,-17.414553198625402,3.3450166437049855,6.047713808233691,0.0,65.27946,885.3635,60.33426,863.2213,1.003817146500949
