time,x,y,z,phi,theta,psi,x_velocity,y_velocity,z_velocity,x_accel,y_accel,z_accel,phi_velocity,theta_velocity,psi_velocity,rotor_speed1,rotor_speed2,rotor_speed3,rotor_speed4,reward
0.0,0.0,0.0,0.0,0.0,0.0,0.0,0.0,0.0,0.0,0.0,0.0,0.0,0.0,0.0,0.0,462.38495,316.6948,622.8163,642.1018,0
0.06,-0.0022085862319025425,0.00010960672942888294,0.012285722101208124,0.025364994810844976,0.3704992196129515,0.0,-0.13075914719761994,0.006824148939515281,0.40200863664695574,-4.285470460065139,0.23779434689143875,6.375591069871452,0.3346728976917349,-1.5523564348041,0.0,529.4086,407.06906,520.0849,647.12665,1.027723176327363
0.12000000000000001,-0.022677794581843568,0.0046920254561280605,0.045966626468439756,0.7650291940149909,0.6288660923383826,0.0,-0.5894553052347516,0.2345337473005451,0.677061498455619,-9.018237134114825,7.048990205572738,2.8103181534015085,2.3529978074235274,-3.0664417186929,0.0,515.2097,505.87665,399.99393,748.1882,1.062473641911095
0.18,-0.07683443939197722,0.03268399495175108,0.07060960981189797,5.579692805294211,0.4447690038959706,0.0,-1.190721710794172,0.386806917062252,-0.1323448231333066,-9.072891966300741,-12.954100486563835,-19.70191732587964,7.584754434095565,-3.0719931310169355,0.0,518.67737,677.8156,198.78471,853.548,1.0264084999252034
0.23999999999999996,-0.17175555378695465,0.03987736078491812,0.05306011319163318,4.220878987413979,1.5151078411736218,0.0,-2.1170117353050317,0.13623251539306785,-0.6062142507162533,-20.484678660303743,8.11937556354249,-5.8569642090435785,15.528494717890602,-0.38872696204186785,0.0,692.52216,332.41223,510.90585,790.6409,0.9515817104133388
