time,x,y,z,phi,theta,psi,x_velocity,y_velocity,z_velocity,x_accel,y_accel,z_accel,phi_velocity,theta_velocity,psi_velocity,rotor_speed1,rotor_speed2,rotor_speed3,rotor_speed4,reward
0.0,0.0,0.0,0.0,0.0,0.0,0.0,0.0,0.0,0.0,0.0,0.0,0.0,0.0,0.0,0.0,370.19434,588.8583,422.25482,477.82797,0
0.06,-0.00572417309201001,0.00027871412620148,0.004501355983417214,0.09207326596576237,1.4196338792558922,0.0,-0.3345098244691186,0.015308291137604329,0.07718766288840759,-10.77780410515887,0.45133651981662476,-1.890182305527947,0.6856077841558677,2.858736383023557,0.0,238.57964,750.57855,196.98015,696.88855,1.0088067379733672
