time,x,y,z,phi,theta,psi,x_velocity,y_velocity,z_velocity,x_accel,y_accel,z_accel,phi_velocity,theta_velocity,psi_velocity,rotor_speed1,rotor_speed2,rotor_speed3,rotor_speed4,reward
0.0,0.0,0.0,0.0,0.0,0.0,0.0,0.0,0.0,0.0,0.0,0.0,0.0,0.0,0.0,0.0,332.55554,551.82495,488.27536,522.70483,0
0.06,-0.005209041593321608,0.000153176039452245,0.005925257320020656,0.04753220250955259,1.2191129051835023,0.0,-0.30713570358139075,0.008790088721637375,0.14081524208507723,-10.012573785300287,0.27631655549219064,-0.1319221076991913,0.47734774279636305,2.6448648521739275,0.0,251.77182,717.93317,242.78891,676.0687,1.0123346210179973
0.12000000000000001,-0.034479384054798515,-0.009092337323641788,0.0017735883365442373,4.986272942929155,0.984980770982677,0.0,-0.29094974371641263,-0.3525210854186868,-0.4874089787461475,12.875605699560486,-2.396782327447434,-19.76485205371745,5.843837066425391,8.524890696476344,0.0,25.123642,894.3193,17.99431,888.41974,0.9802852291464541
