time,x,y,z,phi,theta,psi,x_velocity,y_velocity,z_velocity,x_accel,y_accel,z_accel,phi_velocity,theta_velocity,psi_velocity,rotor_speed1,rotor_speed2,rotor_speed3,rotor_speed4,reward
0.0,0.0,0.0,0.0,0.0,0.0,0.0,0.0,0.0,0.0,0.0,0.0,0.0,0.0,0.0,0.0,321.33994,503.80176,524.4996,566.61676,0
0.06,-0.003362314619887877,0.0003072481230888825,0.007552997960582154,0.07876190717660059,0.7461794691093155,0.0,-0.20147665522972708,0.018407871954889365,0.22933009114592512,-6.70496259250984,0.6124700888944961,2.8355613585139485,0.6299866761025217,2.056496534643205,0.0,281.23154,681.24365,321.2926,629.7096,1.0166633396126095
0.12000000000000001,-0.031083745768957775,-0.005256797406235957,0.012465089527391759,2.8100914680184506,5.25744971228616,0.0,-0.4489545746488703,-0.36902768783465406,-0.16503970176883587,9.882591379528652,-11.48094582656172,-5.796488858619725,4.58941589793551,7.124513601632275,0.0,16.187508,898.14307,10.317824,894.94543,1.0006982056573532
