time,x,y,z,phi,theta,psi,x_velocity,y_velocity,z_velocity,x_accel,y_accel,z_accel,phi_velocity,theta_velocity,psi_velocity,rotor_speed1,rotor_speed2,rotor_speed3,rotor_speed4,reward
0.0,0.0,0.0,0.0,0.0,0.0,0.0,0.0,0.0,0.0,0.0,0.0,0.0,0.0,0.0,0.0,313.9904,454.9504,559.6793,589.67487,0
0.06,-0.0018036083903528542,0.00018644443808765707,0.008330031084216418,0.046722041682277116,0.39612353653557975,0.0,-0.10905497924108878,0.011467191911191093,0.2712822705397934,-3.670102467199524,0.39392829812018937,4.239268026714417,0.47280691682088616,1.4826572160184437,0.0,309.0766,587.5703,425.84048,596.2907,1.0187595375515384
0.12000000000000001,-0.024632356925114823,0.0027363610424834205,0.024072291064429364,1.0550757712953889,2.397387162663531,0.0,-0.769376439565841,0.04372439817359873,0.048137430539193005,-14.478936821533232,-1.6024106283942636,-11.670573477879797,2.8378603856836704,4.808960707251179,0.0,107.13693,866.209,83.68663,828.93536,1.0229392726920283
