time,x,y,z,phi,theta,psi,x_velocity,y_velocity,z_velocity,x_accel,y_accel,z_accel,phi_velocity,theta_velocity,psi_velocity,rotor_speed1,rotor_speed2,rotor_speed3,rotor_speed4,reward
0.0,0.0,0.0,0.0,0.0,0.0,0.0,0.0,0.0,0.0,0.0,0.0,0.0,0.0,0.0,0.0,373.39987,580.28064,415.76123,495.1236,0
0.06,-0.005180037282167511,0.0006146637008017423,0.0049762650254965325,0.18321837966646015,1.2607795485524882,0.0,-0.3048948519255935,0.034472592678052284,0.10678151888649522,-9.917020689000736,1.0487851988495658,-0.8016799597001004,0.9900839071555201,2.6906751481804014,0.0,291.19623,689.0689,252.99217,650.55426,1.0101197144628489
