time,x,y,z,phi,theta,psi,x_velocity,y_velocity,z_velocity,x_accel,y_accel,z_accel,phi_velocity,theta_velocity,psi_velocity,rotor_speed1,rotor_speed2,rotor_speed3,rotor_speed4,reward
0.0,0.0,0.0,0.0,0.0,0.0,0.0,0.0,0.0,0.0,0.0,0.0,0.0,0.0,0.0,0.0,314.30417,446.1236,566.5691,588.9042,0
0.06,-0.0015456213186221803,0.00010658567902570477,0.00834926898917168,0.02797556697685799,0.34103142682012955,0.0,-0.09359303870159609,0.006632147793061833,0.2736268558451401,-3.1554246060642557,0.23094688691537552,4.353410947711044,0.35403725497130895,1.3715455004677066,0.0,314.36877,555.3482,461.78116,585.4101,1.0188445763238194
0.12000000000000001,-0.021143871452768515,0.0024199015624595493,0.02723434556860029,0.6024720866744193,1.7851677100235097,0.0,-0.6812063476601979,0.0852829157288382,0.22082709866263242,-13.955087065943058,1.4918732332352547,-6.304116451201901,2.11661667404113,4.169465857069909,0.0,171.11806,819.3121,181.7726,747.2953,1.031388122205713
0.18,-0.07588072876192432,0.001547744557897224,0.005408566449385036,2.522995384977982,0.5833773001971689,0.0,-0.7969699759537745,-0.07644543288290366,-1.144270408734583,7.02170009027894,0.502496164887701,-27.906999414558104,9.012757046901454,12.262204819624497,0.0,12.578851,898.1911,18.384031,889.57135,0.9367310734578371
