time,x,y,z,phi,theta,psi,x_velocity,y_velocity,z_velocity,x_accel,y_accel,z_accel,phi_velocity,theta_velocity,psi_velocity,rotor_speed1,rotor_speed2,rotor_speed3,rotor_speed4,reward
0.0,0.0,0.0,0.0,0.0,0.0,0.0,0.0,0.0,0.0,0.0,0.0,0.0,0.0,0.0,0.0,428.45465,499.4179,458.61374,490.21402,0
0.06,-0.0006181206472370708,0.00013193597452281332,0.006227716945171994,0.03641939129670835,0.1536763957172269,0.0,-0.0377019699907242,0.008197778188313043,0.20670619237285107,-1.2823461312116375,0.284993427816445,3.405762805446982,0.4112527136283096,0.9020111804387072,0.0,399.80212,522.28687,477.518,513.0333,1.0141180079335113
0.12000000000000001,-0.008728595166233675,0.0017828758100446418,0.025096907459698656,0.10886714770682637,0.6244990928287786,0.0,-0.2865925950021221,0.05369140086519434,0.4046421155093999,-6.171188046761308,1.0139223737348133,2.579596346422871,0.8898064127847481,2.4237911121990807,0.0,291.148,630.0593,538.6758,613.34576,1.0359446400356245
0.18,-0.047903016254188815,0.005429983241703703,0.041825678353901954,0.4091485538587669,3.6232872270357284,0.0,-0.990548849213705,-0.01337273253251682,-0.2274534749063094,-7.932286385081567,-4.573853837860925,-24.435858729470766,2.047911472793923,6.498905592212313,0.0,19.765072,890.84595,809.45575,884.8514,1.0176760424894047
