time,x,y,z,phi,theta,psi,x_velocity,y_velocity,z_velocity,x_accel,y_accel,z_accel,phi_velocity,theta_velocity,psi_velocity,rotor_speed1,rotor_speed2,rotor_speed3,rotor_speed4,reward
0.0,0.0,0.0,0.0,0.0,0.0,0.0,0.0,0.0,0.0,0.0,0.0,0.0,0.0,0.0,0.0,316.5483,472.4135,549.3709,580.78766,0
0.06,-0.002298449865326627,0.00019432355185049262,0.008118986089368011,0.04926230454482283,0.5048647729240852,0.0,-0.13859673974277226,0.011889239243107298,0.2602944345930577,-4.648630817391351,0.4058840636068158,3.8822592144619428,0.48692008128644615,1.681283570181244,0.0,305.8214,630.7231,389.7837,591.93854,1.0181949951744178
0.12000000000000001,-0.028636765104282404,4.787484486906365e-05,0.018328411348547395,1.3404096653233513,3.4051246655217895,0.0,-0.7677619354812204,-0.14720774416445037,-0.1901094630791582,-9.353217689152807,-9.139243764447398,-17.017079009081563,3.1786001844715353,5.717946399675662,0.0,62.35147,887.7496,45.06985,864.55005,1.0094740565988607
