time,x,y,z,phi,theta,psi,x_velocity,y_velocity,z_velocity,x_accel,y_accel,z_accel,phi_velocity,theta_velocity,psi_velocity,rotor_speed1,rotor_speed2,rotor_speed3,rotor_speed4,reward
0.0,0.0,0.0,0.0,0.0,0.0,0.0,0.0,0.0,0.0,0.0,0.0,0.0,0.0,0.0,0.0,323.20532,512.451,518.90784,558.7084,0
0.06,-0.003671949308096431,0.00026304703958158603,0.007307885030366844,0.06940320929521349,0.8206955581241946,0.0,-0.21955794621216562,0.015695673828445292,0.2167123318772289,-7.286972695671342,0.5195579381794317,2.4307357467213606,0.5880288511898275,2.1595776845223296,0.0,276.30197,685.7318,323.75317,626.8271,1.0160227088764848
0.12000000000000001,-0.031879717208136114,-0.00585776963046747,0.009603447768329243,2.708285721736223,5.522262601521817,0.0,-0.40491981898039614,-0.356524008403395,-0.2482308812448159,12.202963644097562,-9.518240781190695,-7.241084639599116,4.479843295741354,7.3338782698842095,0.0,20.218449,896.68933,19.23225,890.8087,0.9948683528781369
