time,x,y,z,phi,theta,psi,x_velocity,y_velocity,z_velocity,x_accel,y_accel,z_accel,phi_velocity,theta_velocity,psi_velocity,rotor_speed1,rotor_speed2,rotor_speed3,rotor_speed4,reward
0.0,0.0,0.0,0.0,0.0,0.0,0.0,0.0,0.0,0.0,0.0,0.0,0.0,0.0,0.0,0.0,427.61658,488.7359,466.84235,485.41965,0
0.06,-0.000445217516675148,4.7299415911688216e-05,0.006012846696365367,0.014677835397866268,0.11354877945859343,0.0,-0.027239791634401635,0.0030063600763616362,0.19996872666222948,-0.9299405808922527,0.10722846594790218,3.3123386800978323,0.24274555432329303,0.7674991315089951,0.0,405.41092,508.53085,481.1037,504.78326,1.013646576676294
0.12000000000000001,-0.006321468136086331,0.0007262420164263737,0.02450221888313782,0.05257993926924964,0.4555258382692937,0.0,-0.2078761154524038,0.02347750484139096,0.40722193527047656,-4.491328718001737,0.48820074725464163,3.080968246680539,0.5616210166321759,2.040898756671886,0.0,324.36148,589.23737,528.62335,581.7442,1.035614181590478
0.18,-0.03759336951362318,0.003267385432920491,0.04967145906976547,0.20908310001073183,2.3312803533988973,0.0,-0.9521769673369653,0.04634174874927144,0.20841398865053154,-15.896915689919886,-0.3576501062474009,-12.14302281268459,1.3618213734444118,5.222939979571464,0.0,63.947376,847.0209,742.6588,838.8596,1.0402424047457124
0.23999999999999996,-0.12837347681519254,0.008689695272493426,0.035211535882051934,1.0182426182339341,3.18819950303401,0.0,-1.5436219140155716,0.4017049405208998,-0.19435022533349156,18.25923517297589,15.79667270614165,7.35984325303018,3.3909194427702296,14.011879629081387,0.0,13.494936,896.05756,845.1904,893.61096,0.9633421710538683
