time,x,y,z,phi,theta,psi,x_velocity,y_velocity,z_velocity,x_accel,y_accel,z_accel,phi_velocity,theta_velocity,psi_velocity,rotor_speed1,rotor_speed2,rotor_speed3,rotor_speed4,reward
0.0,0.0,0.0,0.0,0.0,0.0,0.0,0.0,0.0,0.0,0.0,0.0,0.0,0.0,0.0,0.0,408.5731,540.02594,391.17313,538.6564,0
0.06,-0.0022124950718396042,0.002578890344050341,0.006117137324619101,0.6229609611036668,0.5185962980291405,0.0,-0.13336911070769636,0.15322308113388175,0.1799440678731863,-4.471445623478216,5.044505224915279,1.9471058872237954,1.8740256858258637,1.7047768699522527,0.0,360.93753,615.50653,318.31982,620.197,1.0133282808764599
0.12000000000000001,-0.028811689743910074,0.022112993178025737,0.01067143769416344,3.148437114908205,2.4987221630916405,0.0,-0.8460557901588684,0.3571020183577544,-0.13112951718734955,-14.370722941910918,-2.9835421511189075,-6.98696513205188,5.617404476178935,5.00025025638271,0.0,193.32056,832.4887,92.84235,839.00885,1.0003675048747513
0.18,-0.09462036405328654,0.05577921270707606,0.000783813784163498,3.136293289727366,1.4053394015963825,0.0,-0.9040905901144884,0.8074232854664314,-0.52054465924779,20.273264138783645,3.295558789304041,-16.60619693284895,14.098344677289305,13.111174366845177,0.0,93.872375,888.1605,25.09409,890.8527,0.9662781472957511
