time,x,y,z,phi,theta,psi,x_velocity,y_velocity,z_velocity,x_accel,y_accel,z_accel,phi_velocity,theta_velocity,psi_velocity,rotor_speed1,rotor_speed2,rotor_speed3,rotor_speed4,reward
0.0,0.0,0.0,0.0,0.0,0.0,0.0,0.0,0.0,0.0,0.0,0.0,0.0,0.0,0.0,0.0,407.57532,542.50354,390.06485,539.24664,0
0.06,-0.0023388308449762128,0.00262892953245108,0.006116344155185449,0.6362047260844568,0.5469777088547154,0.0,-0.14088481284407273,0.1559257101095774,0.17822279672823896,-4.719283850864923,5.122104427090605,1.8446173583006302,1.8944554281113155,1.752368694610161,0.0,352.93768,631.53253,298.11188,636.22864,1.013291730920594
0.12000000000000001,-0.03024721949062382,0.02104993444135228,0.010945618622162404,3.7389619503411176,2.9271454961551022,0.0,-0.8537351494504699,0.3108430887188269,-0.054470548784059394,-12.774561074807657,-3.2891154507327913,-2.1020322869020647,6.067375411163421,5.385534775352497,0.0,146.44804,867.2479,46.388626,871.75354,1.00207504273183
0.18,-0.10095050090596404,0.0561937333268926,0.01291390966867592,5.776712123853759,4.343040042424079,0.0,-1.5433547644252865,0.9784195664304509,-0.15744914868182303,-7.920412193031254,21.521880194523,-11.9788648335473,15.224878375386478,14.356878611674404,0.0,243.99963,836.608,68.132744,841.83246,0.991242759609068
