time,x,y,z,phi,theta,psi,x_velocity,y_velocity,z_velocity,x_accel,y_accel,z_accel,phi_velocity,theta_velocity,psi_velocity,rotor_speed1,rotor_speed2,rotor_speed3,rotor_speed4,reward
0.0,0.0,0.0,0.0,0.0,0.0,0.0,0.0,0.0,0.0,0.0,0.0,0.0,0.0,0.0,0.0,328.9289,542.2961,495.99277,534.74677,0
0.06,-0.004871815107806705,0.0002086030401755669,0.006339848655495705,0.06096355655776531,1.1229710891755964,0.0,-0.2883477357294511,0.012083650712641161,0.16250129082859208,-9.446542410192071,0.38476620300916986,0.570863973714091,0.547712087945511,2.5360792277767032,0.0,239.31303,732.9469,251.34842,680.3747,1.0134171676649513
0.12000000000000001,-0.03207184594152586,-0.008680233345358307,0.004416118244389086,5.03514132190881,1.6511096986945137,0.0,-0.31521558793959836,-0.36898655219212595,-0.5167601000712506,7.555384566381819,-4.101425139960335,-24.292766851247272,5.93134402718597,8.79187694610158,0.0,13.424484,897.8866,11.3929615,894.2161,0.9835410769478985
