time,x,y,z,phi,theta,psi,x_velocity,y_velocity,z_velocity,x_accel,y_accel,z_accel,phi_velocity,theta_velocity,psi_velocity,rotor_speed1,rotor_speed2,rotor_speed3,rotor_speed4,reward
0.0,0.0,0.0,0.0,0.0,0.0,0.0,0.0,0.0,0.0,0.0,0.0,0.0,0.0,0.0,0.0,368.68732,586.57605,421.83755,473.92874,0
0.06,-0.005602740822075174,0.00024287855265692996,0.004360346757994201,0.08099900490659628,1.399038186799161,0.0,-0.32773533004415634,0.01341486426778913,0.07512207075045207,-10.573297698123794,0.3989184384418599,-1.810716480323588,0.6396427891521608,2.837497134807924,0.0,242.43399,742.3746,201.50432,687.4401,1.0085354334336996
