time,x,y,z,phi,theta,psi,x_velocity,y_velocity,z_velocity,x_accel,y_accel,z_accel,phi_velocity,theta_velocity,psi_velocity,rotor_speed1,rotor_speed2,rotor_speed3,rotor_speed4,reward
0.0,0.0,0.0,0.0,0.0,0.0,0.0,0.0,0.0,0.0,0.0,0.0,0.0,0.0,0.0,0.0,433.61395,515.7562,445.63098,495.13013,0
0.06,-0.0008765716399682716,0.00031614001091996916,0.006585692293506021,0.08069776462556266,0.2114551516634915,0.0,-0.05330863935021367,0.019383834705058604,0.2176653313110264,-1.806718851345346,0.6634375755794725,3.5452782595002,0.638350246442978,1.067854956112894,0.0,395.79544,532.87836,473.50986,517.97955,1.0148985243555477
0.12000000000000001,-0.011863193808840416,0.0038086627756772715,0.02564865254918017,0.1901431474667481,0.7968969665536534,0.0,-0.3784694503435698,0.10541775079187299,0.3885503236090345,-7.860040222829917,1.734050033151843,1.6650493142814933,1.2341712138874372,2.7768631733406175,0.0,266.64188,661.7703,543.8622,636.5,1.0355706342596231
0.18,-0.05487432858557064,0.008834536722149457,0.03474093872487239,0.6487941987275381,4.831889938839566,0.0,-0.7833196354772631,-0.07407470078129377,-0.4470947385374877,7.3975868392395,-7.813577294519737,-24.45988355708175,2.6937231480206605,7.530835545512814,0.0,8.911605,899.983,842.92773,896.9116,1.000188535854759
