time,x,y,z,phi,theta,psi,x_velocity,y_velocity,z_velocity,x_accel,y_accel,z_accel,phi_velocity,theta_velocity,psi_velocity,rotor_speed1,rotor_speed2,rotor_speed3,rotor_speed4,reward
0.0,0.0,0.0,0.0,0.0,0.0,0.0,0.0,0.0,0.0,0.0,0.0,0.0,0.0,0.0,0.0,369.58856,582.3323,416.93906,483.84872,0
0.06,-0.005354998629455127,0.00041433191120384956,0.004564009634648207,0.13020583608908165,1.3264162382229792,0.0,-0.3142919675830277,0.023063913496881434,0.08830971738893473,-10.184400995089263,0.6939637342564835,-1.3143082001096835,0.8258186440522258,2.761330172989299,0.0,270.5726,708.9407,231.48987,662.9813,1.0091060528239753
