time,x,y,z,phi,theta,psi,x_velocity,y_velocity,z_velocity,x_accel,y_accel,z_accel,phi_velocity,theta_velocity,psi_velocity,rotor_speed1,rotor_speed2,rotor_speed3,rotor_speed4,reward
0.0,0.0,0.0,0.0,0.0,0.0,0.0,0.0,0.0,0.0,0.0,0.0,0.0,0.0,0.0,0.0,317.45184,474.44144,545.2172,580.2673,0
0.06,-0.002341223556901012,0.00023778069861846816,0.008035400919412128,0.05959344404619937,0.5155701745030594,0.0,-0.1411384924311283,0.014497943399669873,0.25705633699775526,-4.732328040082092,0.4928940084290701,3.808414856416947,0.5409122191102191,1.699626038270428,0.0,310.02695,611.6867,384.22922,602.3512,1.0179940928903846
0.12000000000000001,-0.029132682589794602,0.001487325542434449,0.019493020610622247,1.5673950669792944,2.959705720416995,0.0,-0.8180125850804639,-0.07866536843666433,-0.09944964578080745,-12.223514917881067,-7.172798455696133,-13.834885100866444,3.456046845041512,5.3869181771172165,0.0,93.08521,872.089,60.296402,848.64197,1.013061649058821
