time,x,y,z,phi,theta,psi,x_velocity,y_velocity,z_velocity,x_accel,y_accel,z_accel,phi_velocity,theta_velocity,psi_velocity,rotor_speed1,rotor_speed2,rotor_speed3,rotor_speed4,reward
0.0,0.0,0.0,0.0,0.0,0.0,0.0,0.0,0.0,0.0,0.0,0.0,0.0,0.0,0.0,0.0,360.42526,605.39514,439.97617,458.60208,0
0.06,-0.007001985074647637,2.7309925368915926e-05,0.003648680657743405,0.013386224466356289,1.7955098705721504,0.0,-0.40077645162409686,0.0014083139443429936,0.008509599303002768,-12.553271185188173,0.037348732403434705,-4.760720303134695,0.229666085332606,3.222297700192463,0.0,188.76802,811.8726,125.14214,741.6834,1.0061691797137997
