time,x,y,z,phi,theta,psi,x_velocity,y_velocity,z_velocity,x_accel,y_accel,z_accel,phi_velocity,theta_velocity,psi_velocity,rotor_speed1,rotor_speed2,rotor_speed3,rotor_speed4,reward
0.0,0.0,0.0,0.0,0.0,0.0,0.0,0.0,0.0,0.0,0.0,0.0,0.0,0.0,0.0,0.0,427.4115,490.95316,465.97958,486.7539,0
0.06,-0.000484059677154735,5.879341307187535e-05,0.006078193108724106,0.01772552696633678,0.12257843742498231,0.0,-0.0295921312524908,0.003715919899702111,0.20206696835856897,-1.0092606510499722,0.13171045979796994,3.3437567287398045,0.2715685540287107,0.7996048539894125,0.0,403.4519,512.40576,481.40656,507.6339,1.0137918680602223
0.12000000000000001,-0.0069017018788557144,0.0008803504072315793,0.024753391454935877,0.062013189349387154,0.5003138669611165,0.0,-0.22779466200860723,0.028125586801132776,0.4093511757906714,-4.940885073529961,0.5760683565486195,3.0009782595371233,0.6256513525959092,2.147013672526222,0.0,313.7331,602.55835,534.19574,593.0313,1.0359021787010496
0.18,-0.04089493411601018,0.003589094756852799,0.04785225722432117,0.2521828861427622,2.7118384264084465,0.0,-1.000366180910114,0.03370646218602251,0.07907890082512403,-15.04460782617455,-1.2371653790811723,-16.474088121400573,1.5241706886811737,5.620302948449676,0.0,43.88798,868.12787,772.7098,860.6819,1.0342930904945518
0.23999999999999996,-0.13501243215634853,-0.0017044238545807521,0.004309152624243225,0.9885440879892302,4.792325269059894,0.0,-2.2134849320247367,0.11113282928138352,-0.9126089232858765,-18.83477728032226,16.95847389615222,8.829710685053236,3.431193633195374,14.80265333592704,0.0,29.415773,882.36487,793.11414,876.5126,0.9033150254314732
