time,x,y,z,phi,theta,psi,x_velocity,y_velocity,z_velocity,x_accel,y_accel,z_accel,phi_velocity,theta_velocity,psi_velocity,rotor_speed1,rotor_speed2,rotor_speed3,rotor_speed4,reward
0.0,0.0,0.0,0.0,0.0,0.0,0.0,0.0,0.0,0.0,0.0,0.0,0.0,0.0,0.0,0.0,358.44925,603.71344,444.05524,463.69846,0
0.06,-0.007012858182945924,3.1229109250923055e-05,0.003792485955114483,0.014873146817707905,1.7864586505405242,0.0,-0.40162632419590344,0.0016104840681664236,0.0137143679079922,-12.589828857327948,0.04271353198517415,-4.65693568602904,0.24467425900617656,3.21401753929562,0.0,174.67241,822.20807,108.96816,769.8868,1.006502332418311
