time,x,y,z,phi,theta,psi,x_velocity,y_velocity,z_velocity,x_accel,y_accel,z_accel,phi_velocity,theta_velocity,psi_velocity,rotor_speed1,rotor_speed2,rotor_speed3,rotor_speed4,reward
0.0,0.0,0.0,0.0,0.0,0.0,0.0,0.0,0.0,0.0,0.0,0.0,0.0,0.0,0.0,0.0,316.20114,471.0509,550.0687,581.87555,0
0.06,-0.0022610524420636625,0.00019999605434284465,0.008141808594598128,0.05051296792345017,0.4964741395866161,0.0,-0.13637007388147926,0.01223597213227727,0.2613859745532202,-4.575124435951787,0.4177077740636837,3.9149871188527836,0.4937364129033412,1.6667709811516933,0.0,305.72015,625.15674,393.66025,594.32043,1.0182535627238885
0.12000000000000001,-0.028493708091440285,0.00044866182346483575,0.0189841088061717,1.3392332286295812,3.2732484706401657,0.0,-0.7817838240710056,-0.12481021839161689,-0.1630005553853336,-10.383583671742633,-8.402644226438833,-16.440692764570795,3.1823205930337553,5.6127544669190845,0.0,68.79868,885.4997,49.296543,860.7406,1.0109920271760893
