time,x,y,z,phi,theta,psi,x_velocity,y_velocity,z_velocity,x_accel,y_accel,z_accel,phi_velocity,theta_velocity,psi_velocity,rotor_speed1,rotor_speed2,rotor_speed3,rotor_speed4,reward
0.0,0.0,0.0,0.0,0.0,0.0,0.0,0.0,0.0,0.0,0.0,0.0,0.0,0.0,0.0,0.0,316.18124,457.39386,557.42865,586.97437,0
0.06,-0.0018274418105533002,0.00017901844712597226,0.008269205747550343,0.04512170352875078,0.40209466259504634,0.0,-0.1104791186321033,0.011014627727976609,0.2690805213830131,-3.717329371024497,0.37855096178331504,4.194906479921114,0.4637204650274981,1.494222919949607,0.0,321.46872,574.6091,427.4005,588.9621,1.0186177161708916
0.12000000000000001,-0.024123250000560398,0.003166687759688054,0.024872172944764712,0.9467242415810464,2.0742276772616925,0.0,-0.7498181974289515,0.08628339020243095,0.11469050348224483,-14.446159115967625,0.4288740075411506,-9.230832517463949,2.6936880787237323,4.5147833767880785,0.0,173.71472,825.02466,137.89072,777.3701,1.0255461762393503
0.18,-0.08438819176598018,-0.014083722877786028,0.005957559624871057,4.620156918052206,1.0206130232868293,0.0,-0.8356206267367059,-0.7451564115291702,-0.6680064482722766,14.206284543622717,-14.137465263546858,-9.673267371427661,10.292173568889963,12.652776107929537,0.0,155.29707,830.7813,170.70316,758.301,0.9499689564060652
