time,x,y,z,phi,theta,psi,x_velocity,y_velocity,z_velocity,x_accel,y_accel,z_accel,phi_velocity,theta_velocity,psi_velocity,rotor_speed1,rotor_speed2,rotor_speed3,rotor_speed4,reward
0.0,0.0,0.0,0.0,0.0,0.0,0.0,0.0,0.0,0.0,0.0,0.0,0.0,0.0,0.0,0.0,337.5565,559.60394,481.5453,510.6206,0
0.06,-0.005418050812596209,0.0001028878643266714,0.005587381789725118,0.03401496685894223,1.2846607012060778,0.0,-0.3185765223306225,0.0058804880584827895,0.1240835443333697,-10.348112143306167,0.18381694356953074,-0.6475840492286228,0.3956924267908529,2.7165900830922993,0.0,262.07178,708.9143,230.06908,676.1473,1.0114706078497486
0.12000000000000001,-0.03612303978263175,-0.00934181168334278,0.0004757471228029422,5.125153532565548,0.5792513089736744,0.0,-0.29846896261346484,-0.3503224952730035,-0.43739462613544255,14.896791882153911,-2.065442691419238,-15.946000590412423,5.8484713809192685,8.351760515543917,0.0,28.741676,894.33545,15.042223,886.8325,0.9795555580356765
