time,x,y,z,phi,theta,psi,x_velocity,y_velocity,z_velocity,x_accel,y_accel,z_accel,phi_velocity,theta_velocity,psi_velocity,rotor_speed1,rotor_speed2,rotor_speed3,rotor_speed4,reward
0.0,0.0,0.0,0.0,0.0,0.0,0.0,0.0,0.0,0.0,0.0,0.0,0.0,0.0,0.0,0.0,408.56174,538.134,392.5641,537.97516,0
0.06,-0.002138911092773841,0.002513306080831267,0.0061063774125102764,0.6070680002938413,0.5024570908087078,0.0,-0.12898522885640917,0.14950012295502402,0.18090567052992373,-4.3266144322960844,4.929244019548634,2.020687041565555,1.8492207277941157,1.6771320829632095,0.0,368.57297,602.4366,332.1398,606.7512,1.0133309442256158
0.12000000000000001,-0.02757842512950242,0.022835432088367795,0.010996178579552311,2.7234934947184044,2.1764113182067213,0.0,-0.8200973431494035,0.42066612125392916,-0.15419164695129137,-14.654471891692555,-0.7009738675884191,-9.460451775991418,5.256683731270405,4.688631398653133,0.0,224.83232,802.9375,131.41377,809.84,1.0006031411235372
0.18,-0.08890621540700586,0.05087639530992039,0.0061423608162271374,0.9328236237369971,5.468382552748114,0.0,-1.1290316782692675,0.7732861675184874,-0.010004811301489147,-9.758287467006529,14.691077637533986,0.7132679912216171,13.102001935144905,12.082716429532066,0.0,74.27861,887.0355,51.571007,887.29004,0.9842018381394586
