time,x,y,z,phi,theta,psi,x_velocity,y_velocity,z_velocity,x_accel,y_accel,z_accel,phi_velocity,theta_velocity,psi_velocity,rotor_speed1,rotor_speed2,rotor_speed3,rotor_speed4,reward
0.0,0.0,0.0,0.0,0.0,0.0,0.0,0.0,0.0,0.0,0.0,0.0,0.0,0.0,0.0,0.0,325.08743,529.71,506.00864,546.2355,0
0.06,-0.004392690527787546,0.00024382931046508847,0.006773846498032006,0.0677526024064301,0.9977703701415637,0.0,-0.26117074062873835,0.014312661533236546,0.1866918012462782,-8.606079227686509,0.4638763388300197,1.3971140475884665,0.580343446023016,2.3871731707806214,0.0,276.55807,686.87646,296.47763,635.569,1.0145806703866223
0.12000000000000001,-0.03498013726967756,-0.00693385206854812,0.006068820047865955,3.223007250851351,5.70481260380442,0.0,-0.39986175167335747,-0.3418512851173642,-0.26622190091945475,13.75869359653506,-6.047518801380424,-5.557955054139391,4.846525004803489,7.556442366851886,0.0,17.993784,896.36383,15.701658,891.82733,0.9894846646753361
