time,x,y,z,phi,theta,psi,x_velocity,y_velocity,z_velocity,x_accel,y_accel,z_accel,phi_velocity,theta_velocity,psi_velocity,rotor_speed1,rotor_speed2,rotor_speed3,rotor_speed4,reward
0.0,0.0,0.0,0.0,0.0,0.0,0.0,0.0,0.0,0.0,0.0,0.0,0.0,0.0,0.0,0.0,313.6516,428.51718,579.00586,593.6717,0
0.06,-0.001128480372044452,4.935658753235277e-05,0.008515174772465,0.014004646229673234,0.25039577777027144,0.0,-0.06852480647470044,0.0031352284511247373,0.2813311870745481,-2.3181595554914036,0.11175066500347336,4.577740995284853,0.23600149856285563,1.1670464565769951,0.0,315.6184,497.25705,511.80664,592.97675,1.0192762772892483
0.12000000000000001,-0.014923901119790781,0.001630619415183848,0.03134673161722428,0.3025522186633811,1.012891390708635,0.0,-0.47515447247966847,0.07473403866166638,0.43085871954923116,-9.863512118090116,2.0828462596152293,0.506104500106316,1.4602668605690319,3.1454587412832167,0.0,262.89737,709.4051,321.26886,643.4946,1.04192097006676
0.18,-0.05579809052180765,-0.0004583244336646622,0.04526862449132961,3.3336224329301807,0.24002676470062667,0.0,-0.4855085880365217,-0.162715562039856,-0.09281973674249042,16.257329630053643,1.2040630040526363,-10.99488811954866,5.601215762331283,8.730618665914331,0.0,77.35985,884.40497,48.723557,852.9453,1.0143710555793886
