time,x,y,z,phi,theta,psi,x_velocity,y_velocity,z_velocity,x_accel,y_accel,z_accel,phi_velocity,theta_velocity,psi_velocity,rotor_speed1,rotor_speed2,rotor_speed3,rotor_speed4,reward
0.0,0.0,0.0,0.0,0.0,0.0,0.0,0.0,0.0,0.0,0.0,0.0,0.0,0.0,0.0,0.0,319.51065,414.48303,584.79974,597.0324,0
0.06,-0.0007610368730342322,3.572554906929505e-05,0.00862025166934171,0.010529886839523606,0.1710764676990122,0.0,-0.04637124514889055,0.002294853368516047,0.2861748023698924,-1.575251203581211,0.08280012996546587,4.717754664818698,0.1984025513789483,0.9548107172807191,0.0,327.30438,458.43,540.4243,591.4903,1.0195523261489265
0.12000000000000001,-0.009761439085587593,0.0009750668956435846,0.033187947148123634,0.1423574797737741,0.5764250361029646,0.0,-0.3018450416028168,0.04327630699770206,0.5168226845246257,-6.069022504349873,1.2190382080949995,3.197912642900839,0.9886259766683512,2.340613187674589,0.0,325.1697,613.0405,414.78687,580.7877,1.0465763666697137
0.18,-0.04723578494623724,0.005078758155851434,0.05945028748874082,1.071049114615219,2.8647143781404694,0.0,-1.0079186610604065,-0.0017409467487383146,0.11793989679615557,-12.65449603803339,-5.374523023887284,-15.512244443729339,3.2125409580588453,5.8685223383644205,0.0,157.62067,844.1531,161.02762,776.1304,1.0388523549342072
0.23999999999999996,-0.121191567672126,-0.014781338802674262,0.03871569403435931,4.306169109627948,2.4498281893486666,0.0,-1.1519477195315189,-0.28659510319258996,-0.6615415858108572,17.309613397097092,10.690110265124796,-8.207789121116727,10.623984269590022,14.201174846907602,0.0,151.6489,843.0999,135.95209,785.84827,0.9470946802566024
