time,x,y,z,phi,theta,psi,x_velocity,y_velocity,z_velocity,x_accel,y_accel,z_accel,phi_velocity,theta_velocity,psi_velocity,rotor_speed1,rotor_speed2,rotor_speed3,rotor_speed4,reward
0.0,0.0,0.0,0.0,0.0,0.0,0.0,0.0,0.0,0.0,0.0,0.0,0.0,0.0,0.0,0.0,370.61737,591.5484,432.34738,464.10693,0
0.06,-0.0058492107595093535,9.055689721468931e-05,0.004384751910761665,0.033234904341600924,1.457580497499288,0.0,-0.34118537280134453,0.005014705779169463,0.06983672330987584,-10.965876061327457,0.14971069040098642,-2.162173543020368,0.3905283742095901,2.8974692150851222,0.0,229.7072,761.20447,184.23393,702.22125,1.0084876677048227
