time,x,y,z,phi,theta,psi,x_velocity,y_velocity,z_velocity,x_accel,y_accel,z_accel,phi_velocity,theta_velocity,psi_velocity,rotor_speed1,rotor_speed2,rotor_speed3,rotor_speed4,reward
0.0,0.0,0.0,0.0,0.0,0.0,0.0,0.0,0.0,0.0,0.0,0.0,0.0,0.0,0.0,0.0,436.09882,519.81134,442.3075,494.6293,0
0.06,-0.0009252933446647039,0.00035064972526596596,0.006658813447474473,0.08870946527213786,0.2220511535289429,0.0,-0.056247138629088464,0.021470358445174375,0.2198772362232957,-1.9053020355198753,0.7336525702231632,3.5721652265991377,0.6719512663862884,1.0956892744919866,0.0,394.8101,536.56067,473.40222,519.2782,1.0150578053269117
0.12000000000000001,-0.012538950957952473,0.004172025695293546,0.025772701898055524,0.20438090421315014,0.8466159592333433,0.0,-0.4004431990980721,0.11411547493124095,0.38422829405735526,-8.320544805705978,1.8330720559664038,1.4025900521002574,1.2867328373915745,2.8670581625521647,0.0,253.38733,675.00555,553.63727,647.45795,1.0354995883672606
0.18,-0.05502176494917614,0.009254085703591578,0.033061564040588645,0.6880704181555197,5.402417415904065,0.0,-0.644292283986968,-0.061698703175998584,-0.44847066627367044,13.840413360445845,-6.258625816857931,-20.71528543351037,2.7888355681025967,7.931419039261459,0.0,6.58405,900.0,865.2467,900.0,0.9969925957099572
0.23999999999999996,-0.0415037469418217,0.022659173255988305,0.009381406022139417,0.9563434508063038,1.8392007325612951,0.0,1.0865104760695234,0.07934946736691162,-0.7769590010046825,26.809401064449574,-17.80775724613617,-25.021584703578576,3.5082375595670143,17.259768080492897,0.0,11.478738,898.2479,833.65314,893.4257,0.9497937613634906
