time,x,y,z,phi,theta,psi,x_velocity,y_velocity,z_velocity,x_accel,y_accel,z_accel,phi_velocity,theta_velocity,psi_velocity,rotor_speed1,rotor_speed2,rotor_speed3,rotor_speed4,reward
0.0,0.0,0.0,0.0,0.0,0.0,0.0,0.0,0.0,0.0,0.0,0.0,0.0,0.0,0.0,0.0,316.09772,458.32663,556.22974,587.0336,0
0.06,-0.0018563889798241392,0.00019360759679540372,0.008250999828158263,0.048543356795243575,0.4085247989377967,0.0,-0.11221066322038609,0.011894981974665047,0.2682540946959207,-3.774827291968609,0.40810465611136926,4.171460866479604,0.482963013143791,1.506582197379724,0.0,320.0244,579.5485,418.04062,594.0366,1.0185709920906518
0.12000000000000001,-0.024576823152396732,0.0033061584566740835,0.024312215406517117,1.1002842757955271,2.1726927958071407,0.0,-0.7616552861610679,0.08071991781178557,0.08698602361893254,-14.50486223031074,-0.18890936046143175,-10.015582292556868,2.9003427968782924,4.61471371264866,0.0,150.56218,841.81195,110.41426,803.6021,1.024134235966459
0.18,-0.09063357892121056,-0.010917890300412748,0.010988594563132389,0.07717686976500993,2.333981835601886,0.0,-0.9390332052671957,-0.39975903256545126,-0.512174786324583,20.394091618559575,1.0966305477731197,-13.748555299450556,11.09021045192095,13.181301660766147,0.0,149.8722,839.68317,93.309425,802.3099,0.9622878738968776
