time,x,y,z,phi,theta,psi,x_velocity,y_velocity,z_velocity,x_accel,y_accel,z_accel,phi_velocity,theta_velocity,psi_velocity,rotor_speed1,rotor_speed2,rotor_speed3,rotor_speed4,reward
0.0,0.0,0.0,0.0,0.0,0.0,0.0,0.0,0.0,0.0,0.0,0.0,0.0,0.0,0.0,0.0,469.6627,318.22147,621.98785,640.72784,0
0.06,-0.0024498190377438404,0.0001033366850383972,0.012373663571929488,0.024062609953498182,0.4109294118246307,0.0,-0.14504005094631525,0.006432038004177614,0.4032345925602074,-4.753456226614042,0.22406113771732808,6.322220123613303,0.3246477053689756,-1.631547297077368,0.0,547.5163,412.4785,515.1573,642.26465,1.0278859312658937
0.12000000000000001,-0.02555194286817402,0.0044122508765777856,0.04562922268041869,0.7523734638671833,0.7669371124763078,0.0,-0.6751695466140997,0.2187490059590076,0.6529551677881257,-10.64844124246147,6.496631362565683,2.0684984438937906,2.3274046910660395,-3.3434994937050195,0.0,520.9792,532.333,389.00757,755.37006,1.0611790990207743
0.18,-0.08913744619715731,0.028640375687180898,0.06871734802842508,6.031324685980776,0.5879260823380665,0.0,-1.4215649432286304,0.2711160100401946,-0.08608021596860482,-11.578533797986845,-14.41011833590991,-14.947971209625116,7.816554218812366,-3.039572168934086,0.0,387.84348,738.91473,191.27206,844.7707,1.024209172489357
0.23999999999999996,-0.19381484125470927,0.04294156820808316,0.0680491634523301,4.141571999480803,5.513826064307164,0.0,-1.7152725547109522,0.06535832662673785,-0.2491435908814329,14.353036904348496,-15.017926314850191,-15.79692875331898,15.553939256700886,2.4362252815061796,0.0,850.4263,497.76996,255.1316,889.3141,0.9835446215417518
0.3,-0.28958080760715754,0.02801311675850713,0.026217014574838812,4.524307498870664,0.08469006503293208,0.0,-1.4382154692860691,-0.4006849307078623,-0.795450156097116,21.93630118337848,-4.410448385145412,5.7765194333731795,21.29756412228314,-4.100834660243626,0.0,655.58417,636.03357,251.323,885.2131,0.8963099378529531
