time,x,y,z,phi,theta,psi,x_velocity,y_velocity,z_velocity,x_accel,y_accel,z_accel,phi_velocity,theta_velocity,psi_velocity,rotor_speed1,rotor_speed2,rotor_speed3,rotor_speed4,reward
0.0,0.0,0.0,0.0,0.0,0.0,0.0,0.0,0.0,0.0,0.0,0.0,0.0,0.0,0.0,0.0,326.0022,531.0623,505.0662,543.81775,0
0.06,-0.004424026218420877,0.0002242435407475193,0.006714915618528485,0.0629228089684517,1.0070783062822013,0.0,-0.2629494196142118,0.013163579984337523,0.18409746298864108,-8.661140925013694,0.42665964695651615,1.3264431934261534,0.557306327758867,2.398553855260629,0.0,278.93112,684.04346,297.60254,633.6245,1.0144359042633024
0.12000000000000001,-0.03551645884066987,-0.007010238983600536,0.0056420430332783465,3.158290311399181,5.594631697438524,0.0,-0.4230586648058851,-0.35517549700407,-0.27075904167951503,13.125152873734322,-7.0417658078943095,-5.327880579010258,4.78277211123137,7.498527095379579,0.0,23.614634,894.3292,21.792788,888.1884,0.9887826123928689
