time,x,y,z,phi,theta,psi,x_velocity,y_velocity,z_velocity,x_accel,y_accel,z_accel,phi_velocity,theta_velocity,psi_velocity,rotor_speed1,rotor_speed2,rotor_speed3,rotor_speed4,reward
0.0,0.0,0.0,0.0,0.0,0.0,0.0,0.0,0.0,0.0,0.0,0.0,0.0,0.0,0.0,0.0,318.82382,494.95172,531.2286,574.755,0
0.06,-0.0030799143224764765,0.0003428226368340925,0.00781028896177327,0.08578990662467056,0.6784533090776028,0.0,-0.18489697911380884,0.02061251303337985,0.24159275241458084,-6.167487627344472,0.6888818854182576,3.2013650393910127,0.6598892782004,1.9582456539469275,0.0,284.89474,676.3864,322.72308,631.56915,1.0173184929467802
0.12000000000000001,-0.03028401221778984,-0.0044527856423947285,0.014925832728529077,2.842470502202625,5.006609493313725,0.0,-0.49349847041243167,-0.3670948314424344,-0.10109872194469724,7.3069087849819425,-12.952950171236292,-4.920052360356546,4.636827716993562,6.921815059257818,0.0,13.03234,898.89136,6.82952,896.74786,1.0054911697609707
