time,x,y,z,phi,theta,psi,x_velocity,y_velocity,z_velocity,x_accel,y_accel,z_accel,phi_velocity,theta_velocity,psi_velocity,rotor_speed1,rotor_speed2,rotor_speed3,rotor_speed4,reward
0.0,0.0,0.0,0.0,0.0,0.0,0.0,0.0,0.0,0.0,0.0,0.0,0.0,0.0,0.0,0.0,428.9547,485.29733,468.39236,483.40067,0
0.06,-0.0003765011479202326,3.141744931786971e-05,0.005942666799440126,0.010327036281637447,0.09721302737826498,0.0,-0.023075644520188877,0.0020212169706990343,0.19775462483591993,-0.7894204692135843,0.07304764950775332,3.2810038639718564,0.19603632421847517,0.7060041105956568,0.0,410.6823,501.89264,480.40448,499.8193,1.0134923971825498
0.12000000000000001,-0.005290751319236135,0.0005074222987044755,0.024221315934813803,0.038587493983819776,0.3735587626441692,0.0,-0.1722842186345182,0.01675760703151248,0.4054703242420797,-3.680886808692458,0.35760002657961076,3.2139848931790524,0.4562533042916909,1.831991128129602,0.0,346.95,564.5722,518.2282,560.58374,1.0353191342318255
0.18,-0.030799048090214533,0.002606637762845958,0.052486537662697494,0.14276139580310332,1.6794382737076088,0.0,-0.7971442457599552,0.05264656094009988,0.41116596719475296,-14.538344730190316,0.5086308368777983,-4.943937458923815,1.0774975784518275,4.449952064168696,0.0,124.99291,784.3492,678.75354,777.41327,1.0493820085072738
0.23999999999999996,-0.09490469466652496,0.006438364235342762,0.06172699928725473,0.8667287033397617,5.235126451451334,0.0,-1.2495058179093004,-0.05486986610882186,-0.2563451332729677,-18.547082483043052,-10.139673088233746,-24.037939866210948,3.0065998493481487,11.955436761089961,0.0,9.800425,900.0,865.325,899.3816,1.002479362731264
0.3,-0.13151925892346933,0.004077367909628264,0.031249535744052825,1.1392917195812249,4.576083128958697,0.0,-0.8558258162888577,-0.20108850027811365,-0.9108374950609203,-35.587540654298515,0.22563129861206846,-9.672195341742423,3.691438855800403,20.030404726374083,0.0,24.06742,887.05817,812.7478,883.87225,0.929918365015343
