time,x,y,z,phi,theta,psi,x_velocity,y_velocity,z_velocity,x_accel,y_accel,z_accel,phi_velocity,theta_velocity,psi_velocity,rotor_speed1,rotor_speed2,rotor_speed3,rotor_speed4,reward
0.0,0.0,0.0,0.0,0.0,0.0,0.0,0.0,0.0,0.0,0.0,0.0,0.0,0.0,0.0,0.0,372.01355,584.09686,418.80826,487.18527,0
0.06,-0.005419338141457536,0.0004411648899224199,0.004772245062122402,0.1370684974008265,1.329730373621703,0.0,-0.3180207097157031,0.02453064460152042,0.0942792844802658,-10.303207875033893,0.736886120307982,-1.257027228516326,0.8487581059152047,2.7648508484026664,0.0,274.20023,709.17816,236.25848,663.3947,1.0095600641459288
