time,x,y,z,phi,theta,psi,x_velocity,y_velocity,z_velocity,x_accel,y_accel,z_accel,phi_velocity,theta_velocity,psi_velocity,rotor_speed1,rotor_speed2,rotor_speed3,rotor_speed4,reward
0.0,0.0,0.0,0.0,0.0,0.0,0.0,0.0,0.0,0.0,0.0,0.0,0.0,0.0,0.0,0.0,322.19812,523.01886,510.2638,557.0183,0
0.06,-0.004188572076200425,0.00034446569353922135,0.007072941003047658,0.09166896734672392,0.9413080225109631,0.0,-0.2495071184122317,0.020258466407634443,0.2004804911380893,-8.241603690416314,0.6582207467245297,1.793354551839864,0.6839805263515134,2.316969765600833,0.0,241.41666,727.6153,277.57446,673.6962,1.0153273148043145
0.12000000000000001,-0.029142913019577235,-0.007402033957750532,0.009128091402834264,4.521834893162014,1.26939289650025,0.0,-0.2411548768935568,-0.2807889323710517,-0.4199770692608956,11.99909430380358,0.7323419333918748,-21.55575962400003,5.754408343356625,8.48397428273217,0.0,12.463923,898.4577,8.59062,896.2638,0.9917677685869593
