time,x,y,z,phi,theta,psi,x_velocity,y_velocity,z_velocity,x_accel,y_accel,z_accel,phi_velocity,theta_velocity,psi_velocity,rotor_speed1,rotor_speed2,rotor_speed3,rotor_speed4,reward
0.0,0.0,0.0,0.0,0.0,0.0,0.0,0.0,0.0,0.0,0.0,0.0,0.0,0.0,0.0,0.0,350.78024,582.5021,462.74155,483.14133,0
0.06,-0.006153975346391673,4.247129114049242e-05,0.004749861076871968,0.016980510917174563,1.5072203226434198,0.0,-0.3580657829357053,0.002364985506145012,0.07524930070345429,-11.469995354198716,0.07119568510964489,-2.3638001589803874,0.26475896748709826,2.947384207132343,0.0,256.75043,719.4329,211.96626,694.5126,1.00919735317284
