time,x,y,z,phi,theta,psi,x_velocity,y_velocity,z_velocity,x_accel,y_accel,z_accel,phi_velocity,theta_velocity,psi_velocity,rotor_speed1,rotor_speed2,rotor_speed3,rotor_speed4,reward
0.0,0.0,0.0,0.0,0.0,0.0,0.0,0.0,0.0,0.0,0.0,0.0,0.0,0.0,0.0,0.0,316.99033,419.5776,582.67957,597.50104,0
0.06,-0.0008927920728628745,5.1297016979330885e-05,0.008629314243896487,0.014404883655464218,0.19919883175573094,0.0,-0.05432348644363681,0.0032587342521086457,0.2860555948448581,-1.842281301115575,0.1161625264598212,4.697123339425962,0.24002984544476563,1.0347763047100123,0.0,323.24487,476.99207,527.3151,593.3338,1.0195601825403968
0.12000000000000001,-0.011730323043399571,0.0014204232961942814,0.03277119384199269,0.21923958331660565,0.7499938511445867,0.0,-0.3710974680745477,0.06321796070755803,0.491274593538731,-7.673599720775328,1.7670659022113258,2.3049383997310886,1.250436919148867,2.68755085723446,0.0,301.8432,664.4563,367.89572,607.25586,1.0452963905266577
0.18,-0.05250292556225036,0.0016024590482013011,0.052262623329205636,1.9844161877389617,4.456661860069961,0.0,-0.8170348249198346,-0.2927904866202916,-0.024890811213321345,2.21258841629665,-15.196331565733816,-12.444397019946052,4.374218992637584,7.236392945091124,0.0,64.12461,889.7977,56.210407,859.74207,1.0247727475924757
0.23999999999999996,-0.0704741691269404,-0.02914489189094228,0.027755131966871543,4.154478958181318,0.560608303347145,0.0,-0.19960628500467717,-0.6250961321324692,-1.1050477083341075,-8.975025452701155,2.6820339988316735,-30.940099227771487,13.61549774767636,16.476747298493983,0.0,27.77348,894.4048,37.299126,882.5376,0.9367514225536007
