time,x,y,z,phi,theta,psi,x_velocity,y_velocity,z_velocity,x_accel,y_accel,z_accel,phi_velocity,theta_velocity,psi_velocity,rotor_speed1,rotor_speed2,rotor_speed3,rotor_speed4,reward
0.0,0.0,0.0,0.0,0.0,0.0,0.0,0.0,0.0,0.0,0.0,0.0,0.0,0.0,0.0,0.0,341.02182,566.4367,475.25076,503.2613,0
0.06,-0.005648419695077806,9.041462964681034e-05,0.0053279096158912066,0.031083922380380713,1.352515020259026,0.0,-0.33112121466311084,0.005117351785397994,0.10931002143752225,-10.713041862038798,0.15776480978782373,-1.1586042601489306,0.375973354607581,2.7889372653654796,0.0,242.42921,729.4372,201.62607,704.5195,1.0107717971481278
0.12000000000000001,-0.03556670484110489,-0.009452931500492071,0.002089008125190153,0.1754752068228811,1.6518877944234944,0.0,-0.3603172611140016,-0.5225888435997906,-0.33460619338188685,6.393262888541473,-14.837942846087405,-14.941919980120467,6.513547974992235,8.927528849677111,0.0,61.34232,881.38666,28.951162,869.7301,0.9846799625407989
