time,x,y,z,phi,theta,psi,x_velocity,y_velocity,z_velocity,x_accel,y_accel,z_accel,phi_velocity,theta_velocity,psi_velocity,rotor_speed1,rotor_speed2,rotor_speed3,rotor_speed4,reward
0.0,0.0,0.0,0.0,0.0,0.0,0.0,0.0,0.0,0.0,0.0,0.0,0.0,0.0,0.0,0.0,321.91183,495.92783,530.3172,569.1633,0
0.06,-0.003024387960649315,0.0002702141958907661,0.007708239429184427,0.06887461440108567,0.6692314274607707,0.0,-0.18160829668757145,0.01630316108386341,0.23886369231267537,-6.059652349944572,0.5472015915628405,3.1853997254170943,0.5855777350818046,1.9444948883638962,0.0,306.8866,648.7908,347.15192,600.65106,1.017102533363393
0.12000000000000001,-0.03263788053003273,-0.002055528020075371,0.013747928564539113,1.9308287151045818,3.9742313824909896,0.0,-0.7271752334113067,-0.2923334176701423,-0.24427171625064242,-3.4136486840802562,-14.079771034696414,-13.59984942468485,3.8360085839367564,6.256108261802883,0.0,64.00369,885.56573,37.026375,869.4907,1.0013075566393832
