time,x,y,z,phi,theta,psi,x_velocity,y_velocity,z_velocity,x_accel,y_accel,z_accel,phi_velocity,theta_velocity,psi_velocity,rotor_speed1,rotor_speed2,rotor_speed3,rotor_speed4,reward
0.0,0.0,0.0,0.0,0.0,0.0,0.0,0.0,0.0,0.0,0.0,0.0,0.0,0.0,0.0,0.0,321.86624,508.72983,521.52167,562.39667,0
0.06,-0.0035525133666391897,0.00028269881058167595,0.007413944296041227,0.07365241146920809,0.7914437804949683,0.0,-0.2125990246889595,0.016894232982368425,0.22202670438009398,-7.063643435073989,0.5603204472234418,2.597094468662315,0.6074063142659123,2.119693874168015,0.0,279.18442,683.7934,319.74582,625.7656,1.0162969326296298
0.12000000000000001,-0.03159543337177549,-0.0055941788084396165,0.010714723558180369,2.7345253585689377,5.400438542532525,0.0,-0.42513918107454257,-0.3632933045763016,-0.21731198111241165,11.167127613425873,-10.480037641879598,-6.7618230867439575,4.514975879648375,7.242195294976478,0.0,17.82369,897.551,13.055628,892.6055,0.997086432997237
