time,x,y,z,phi,theta,psi,x_velocity,y_velocity,z_velocity,x_accel,y_accel,z_accel,phi_velocity,theta_velocity,psi_velocity,rotor_speed1,rotor_speed2,rotor_speed3,rotor_speed4,reward
0.0,0.0,0.0,0.0,0.0,0.0,0.0,0.0,0.0,0.0,0.0,0.0,0.0,0.0,0.0,0.0,361.34143,611.4191,439.41772,449.70966,0
0.06,-0.007283497216667633,7.964815190546312e-06,0.0033103059042871768,0.005141812325692996,1.8954485798398846,0.0,-0.41418940951697664,0.0004103530671857094,-0.014069321481456079,-12.855462672104165,0.010864442062562422,-5.6168733137252715,0.12560176670883555,3.3123710581042793,0.0,187.5018,805.1442,131.52567,731.52435,1.0052045960641949
