time,x,y,z,phi,theta,psi,x_velocity,y_velocity,z_velocity,x_accel,y_accel,z_accel,phi_velocity,theta_velocity,psi_velocity,rotor_speed1,rotor_speed2,rotor_speed3,rotor_speed4,reward
0.0,0.0,0.0,0.0,0.0,0.0,0.0,0.0,0.0,0.0,0.0,0.0,0.0,0.0,0.0,0.0,428.18607,497.81412,459.97403,489.5738,0
0.06,-0.000592241490433362,0.00011622903277430295,0.006196929784593776,0.03248891950608446,0.14773166745774002,0.0,-0.036137324020538944,0.007238564097414,0.20575459029626664,-1.2296955754570156,0.25231972537029257,3.393215143145848,0.3855345233463752,0.8832949544558764,0.0,400.87482,520.7025,477.48654,511.99976,1.0140508719297325
0.12000000000000001,-0.008374000746166536,0.0016000045571439453,0.0250290590383112,0.10096664855818727,0.6000653752045864,0.0,-0.27514182305810486,0.04881513589259487,0.40575821902072745,-5.931055707422781,0.9397700643462907,2.670876501979046,0.8504103630623079,2.3718162866051125,0.0,296.7324,624.84125,536.35846,608.90717,1.035941967023894
0.18,-0.04676276726471112,0.005172314053002603,0.04306952886117042,0.3835100450764557,3.426586073539772,0.0,-1.008599760546968,-0.0004653856874950041,-0.16915663660479463,-9.951894622626945,-3.883993125805276,-23.14439367904213,1.970084269565499,6.322593167451203,0.0,23.85758,888.01776,800.47894,881.2009,1.0209952994229199
