time,x,y,z,phi,theta,psi,x_velocity,y_velocity,z_velocity,x_accel,y_accel,z_accel,phi_velocity,theta_velocity,psi_velocity,rotor_speed1,rotor_speed2,rotor_speed3,rotor_speed4,reward
0.0,0.0,0.0,0.0,0.0,0.0,0.0,0.0,0.0,0.0,0.0,0.0,0.0,0.0,0.0,0.0,377.46082,570.1201,404.86975,519.6469,0
0.06,-0.004550539160235447,0.0013962580188500808,0.005468901002753363,0.3803326276912635,1.0842343613416396,0.0,-0.2697248459622234,0.07971387286025103,0.1342888700916908,-8.853015546578138,2.4878954173936254,0.13963302386243043,1.451645304900254,2.490937386466622,0.0,296.61057,682.1409,252.53075,666.66986,1.0114148159424072
0.12000000000000001,-0.03749064950230929,0.0018654935018880465,0.007448377920779552,4.849874894434096,5.377635655988975,0.0,-0.47659692641374873,-0.06451272504851155,-0.03012950918597853,12.276581845326746,2.735756129578004,-0.021318649894356775,6.517293764257415,7.4137996989029595,0.0,26.885836,899.03436,10.928001,898.0149,0.9984988609639247
