time,x,y,z,phi,theta,psi,x_velocity,y_velocity,z_velocity,x_accel,y_accel,z_accel,phi_velocity,theta_velocity,psi_velocity,rotor_speed1,rotor_speed2,rotor_speed3,rotor_speed4,reward
0.0,0.0,0.0,0.0,0.0,0.0,0.0,0.0,0.0,0.0,0.0,0.0,0.0,0.0,0.0,0.0,354.21426,593.58057,454.576,472.74512,0
0.06,-0.006626825284193886,3.0269429428718934e-05,0.0042700213202289845,0.013534713006410293,1.654517960856662,0.0,-0.38251873061048824,0.0016343362088716749,0.04390858207846997,-12.121841585301908,0.04690164209357829,-3.5444838731559467,0.23119971705307446,3.090846599588422,0.0,235.58759,752.61365,180.42981,717.7972,1.0078370313230969
