time,x,y,z,phi,theta,psi,x_velocity,y_velocity,z_velocity,x_accel,y_accel,z_accel,phi_velocity,theta_velocity,psi_velocity,rotor_speed1,rotor_speed2,rotor_speed3,rotor_speed4,reward
0.0,0.0,0.0,0.0,0.0,0.0,0.0,0.0,0.0,0.0,0.0,0.0,0.0,0.0,0.0,0.0,373.9203,568.79425,404.12582,513.9645,0
0.06,-0.004548019295985896,0.001243475432971921,0.005189017554775268,0.3449712746140987,1.0975390146994535,0.0,-0.26944268191724896,0.0709428529139333,0.12523852255729495,-8.838152903828933,2.212025386115195,0.0005482661175591018,1.3797767123243367,2.5065315614368915,0.0,297.0442,675.3287,254.61963,656.5442,1.0107891413167336
0.12000000000000001,-0.03797349412124898,0.0004757833660155784,0.005488794344446792,4.4988633893917225,5.184709402615965,0.0,-0.5173178350015468,-0.12588382200239537,-0.0522548785055507,10.644305790762532,0.20779916764586534,1.618720559553198,6.260153073887592,7.303268624285041,0.0,33.736134,893.6766,11.882982,891.76874,0.9954271719840793
