time,x,y,z,phi,theta,psi,x_velocity,y_velocity,z_velocity,x_accel,y_accel,z_accel,phi_velocity,theta_velocity,psi_velocity,rotor_speed1,rotor_speed2,rotor_speed3,rotor_speed4,reward
0.0,0.0,0.0,0.0,0.0,0.0,0.0,0.0,0.0,0.0,0.0,0.0,0.0,0.0,0.0,0.0,369.85257,588.9241,420.2019,480.85522,0
0.06,-0.005745658855189137,0.00033172496547319405,0.004512597949599642,0.10849425351812148,1.4239894827192359,0.0,-0.3356950043412918,0.018169851830464538,0.07699212311785361,-10.812978187624042,0.5334264736018551,-1.9179626977802964,0.7489714705088288,2.86320830789671,0.0,233.57161,755.7478,190.60773,704.9511,1.0088199597691512
