time,x,y,z,phi,theta,psi,x_velocity,y_velocity,z_velocity,x_accel,y_accel,z_accel,phi_velocity,theta_velocity,psi_velocity,rotor_speed1,rotor_speed2,rotor_speed3,rotor_speed4,reward
0.0,0.0,0.0,0.0,0.0,0.0,0.0,0.0,0.0,0.0,0.0,0.0,0.0,0.0,0.0,0.0,425.36856,477.81216,464.06503,476.78394,0
0.06,-0.00031173828752071393,2.1986980074308235e-05,0.005386053040931078,0.00778108663780408,0.0832626524326674,0.0,-0.019142002966868646,0.0014308838134029606,0.17929712687690388,-0.6563045037133635,0.05234883581945146,2.9776623533840714,0.16423508220423888,0.6492802018035948,0.0,409.62415,492.00314,474.42722,490.98386,1.0122311430040167
0.12000000000000001,-0.004360773637640374,0.0003713017215785839,0.021973252919472157,0.029987620879521337,0.3110988675056978,0.0,-0.14114336969759653,0.012463761607018564,0.36953583760572406,-2.9937528114465257,0.27089841613100923,3.004080200948685,0.38294484471347257,1.6551688741517057,0.0,357.24023,542.7125,506.13028,540.9362,1.032108011504935
0.18,-0.024792343603560373,0.002029319433892891,0.04914051109781294,0.10396167055067096,1.26939281194388,0.0,-0.6381536971205093,0.04588079502439589,0.4641014367084488,-11.833255063639333,0.6471422904286541,-1.3256206184738761,0.8791730588693769,3.8650054375026004,0.0,174.85709,721.1336,631.2623,717.66473,1.049110610356073
0.23999999999999996,-0.07570536352967042,0.004326103393965008,0.05891092361168701,0.5999447920055063,1.7604472302099854,0.0,-0.6936628306995223,0.13805877925354715,0.03040271473434969,6.407228457471243,8.730473835650608,9.339990183992223,2.450472423572797,10.062199786058844,0.0,10.449562,889.67816,845.20984,888.64813,1.0086594174811585
0.3,-0.15801613686089622,0.020510430768243017,0.051143293038791164,0.9106191777777122,2.09350532473038,0.0,-1.1597091143315508,0.5455586799628731,-0.1258853637483871,32.907678941886246,7.139224687438741,-2.91865951538465,3.3820325043747896,18.54368437348859,0.0,35.854618,865.0432,782.01526,861.6272,0.9757893219311009
0.36000000000000004,-0.23553704323320596,0.0386712342445721,0.013880485284840085,1.5670511967458793,0.8191887753478309,0.0,-0.888527007184581,0.6015236499832888,-0.9017715976241251,12.827129041678297,28.16002529290916,-3.402784110463082,4.970654939088162,23.25077241865329,0.0,29.821959,872.2282,790.75604,868.7028,0.9033823039523297
