time,x,y,z,phi,theta,psi,x_velocity,y_velocity,z_velocity,x_accel,y_accel,z_accel,phi_velocity,theta_velocity,psi_velocity,rotor_speed1,rotor_speed2,rotor_speed3,rotor_speed4,reward
0.0,0.0,0.0,0.0,0.0,0.0,0.0,0.0,0.0,0.0,0.0,0.0,0.0,0.0,0.0,0.0,322.29776,520.75775,512.09607,557.81396,0
0.06,-0.004080300381448365,0.0003334300793032528,0.007135035880254601,0.08835188562268836,0.9154101113313393,0.0,-0.24326186208955203,0.019667576462091968,0.20442159878832683,-8.04388870309549,0.6414930363987658,1.940680845312208,0.6704853808395894,2.284065800154412,0.0,242.83528,726.25397,282.5954,671.1786,1.015503858366323
0.12000000000000001,-0.02872909247832519,-0.007277808454771634,0.00944903334976159,4.379103194312361,1.1770733389645578,0.0,-0.2301929936457046,-0.2622018640644064,-0.4057270571363779,12.808744971195996,1.7404581081213009,-20.505412200503354,5.659296617216439,8.420067937977583,0.0,15.71908,897.9254,10.93207,894.90326,0.9924355447575446
