time,x,y,z,phi,theta,psi,x_velocity,y_velocity,z_velocity,x_accel,y_accel,z_accel,phi_velocity,theta_velocity,psi_velocity,rotor_speed1,rotor_speed2,rotor_speed3,rotor_speed4,reward
0.0,0.0,0.0,0.0,0.0,0.0,0.0,0.0,0.0,0.0,0.0,0.0,0.0,0.0,0.0,0.0,408.6585,539.9337,391.43784,538.1372,0
0.06,-0.0022057199376557786,0.0025505126138887233,0.006116262886482611,0.6162585074633853,0.5172401835832661,0.0,-0.13296520103178489,0.15157305907529173,0.18027124035381953,-4.45809023324442,4.99169789592507,1.9680930591125791,1.8636038291054258,1.7024706746186045,0.0,363.46487,610.97626,323.51352,615.3391,1.0133335169333908
0.12000000000000001,-0.028560285127575257,0.0222587024565525,0.010723541924370743,2.9876851743821256,2.389017924173718,0.0,-0.8414833316324025,0.37393871828388087,-0.14317663616439494,-14.543933716628944,-2.393096216723976,-8.007824056951586,5.4841334930215515,4.899865356020314,0.0,201.28693,824.30835,105.808685,830.9012,1.0002682522981563
0.18,-0.09302684128264777,0.05690790958884838,0.0022544952820208997,2.4751270868282482,0.7727270388613476,0.0,-0.9247802150351319,0.991300118344426,-0.46265253629653835,14.106761651162616,13.381239451445442,-18.659489919775126,13.792025812253783,12.820173407414156,0.0,113.474846,879.9229,37.13483,883.623,0.96989501419777
