time,x,y,z,phi,theta,psi,x_velocity,y_velocity,z_velocity,x_accel,y_accel,z_accel,phi_velocity,theta_velocity,psi_velocity,rotor_speed1,rotor_speed2,rotor_speed3,rotor_speed4,reward
0.0,0.0,0.0,0.0,0.0,0.0,0.0,0.0,0.0,0.0,0.0,0.0,0.0,0.0,0.0,0.0,452.32526,331.3434,603.92316,634.4681,0
0.06,-0.0014963021499252377,0.0002523455618180492,0.011508297594958392,0.05522731236390843,0.25457513916083485,0.0,-0.08851145994870616,0.015534808600072501,0.3799703025806823,-2.897604121339868,0.5342467404603147,6.175793900017129,0.5187094605481166,-1.2975091000765548,0.0,512.777,409.43365,504.58627,626.89526,1.0260413130590156
0.12000000000000001,-0.015134402332001834,0.0058730531018340495,0.04386260511216502,0.7127176260220747,0.41888516019718924,0.0,-0.3908376611644282,0.2539349386331521,0.6673986953513347,-5.935234089884462,7.0237801715047965,3.5092830985770953,2.397787521395044,-2.5649322005959347,0.0,515.1059,478.4407,391.6536,715.1095,1.0606751695247914
0.18,-0.05064691040575435,0.03933148335860613,0.07049427378403064,4.604992811104889,0.2838596688928101,0.0,-0.7744690668666951,0.673532637041955,-0.15382380562897802,-5.690546246650416,-3.6983839484750005,-25.849975548935873,7.077102585541828,-2.96779685022028,0.0,581.7453,616.11896,181.94246,864.10187,1.0309576542054735
0.23999999999999996,-0.10777662739538788,0.06251469183738766,0.030770579624176515,4.391354992240888,0.1932270995015779,0.0,-1.1114522701069804,0.6246353307581021,-0.970302567283782,-4.9411646376118465,17.9302072276003,2.8734365943753866,15.449170767093161,-2.302049299732992,0.0,686.75415,388.67477,461.28256,769.00476,0.9108582452132472
