time,x,y,z,phi,theta,psi,x_velocity,y_velocity,z_velocity,x_accel,y_accel,z_accel,phi_velocity,theta_velocity,psi_velocity,rotor_speed1,rotor_speed2,rotor_speed3,rotor_speed4,reward
0.0,0.0,0.0,0.0,0.0,0.0,0.0,0.0,0.0,0.0,0.0,0.0,0.0,0.0,0.0,0.0,356.9011,595.0719,452.93506,467.8018,0
0.06,-0.006602669310572492,2.0241019250169497e-05,0.004216681918128526,0.009639766617741685,1.652559834270508,0.0,-0.38116697544666045,0.0011070446786984717,0.04260979407011417,-12.080849882068307,0.03242580277696163,-3.5454504536726397,0.18785397553916702,3.088982352416415,0.0,235.14706,758.77136,172.79099,716.0929,1.0077249393122922
