time,x,y,z,phi,theta,psi,x_velocity,y_velocity,z_velocity,x_accel,y_accel,z_accel,phi_velocity,theta_velocity,psi_velocity,rotor_speed1,rotor_speed2,rotor_speed3,rotor_speed4,reward
0.0,0.0,0.0,0.0,0.0,0.0,0.0,0.0,0.0,0.0,0.0,0.0,0.0,0.0,0.0,0.0,323.8828,528.98773,506.00446,549.9663,0
0.06,-0.004405332329662363,0.0002931022712083217,0.006837952789371778,0.08024071660831655,0.9979592387204006,0.0,-0.26192059944595963,0.017165657311904323,0.18865423694225,-8.630714134291065,0.55466862037202,1.4221965157262209,0.6363852068079784,2.3874046190934552,0.0,263.0912,705.33856,283.96698,649.2174,1.0147211133202978
0.12000000000000001,-0.03255430309822071,-0.00695543518069003,0.006585618057639096,3.730191233791537,0.2053516665707047,0.0,-0.2827485371450657,-0.26167822082397185,-0.32193139992220254,16.025529424515053,0.48065395608396516,-10.497877769077059,5.2305554196814965,7.987593277545339,0.0,43.143066,891.5711,24.651413,877.9835,0.989401214272249
