time,x,y,z,phi,theta,psi,x_velocity,y_velocity,z_velocity,x_accel,y_accel,z_accel,phi_velocity,theta_velocity,psi_velocity,rotor_speed1,rotor_speed2,rotor_speed3,rotor_speed4,reward
0.0,0.0,0.0,0.0,0.0,0.0,0.0,0.0,0.0,0.0,0.0,0.0,0.0,0.0,0.0,0.0,321.4181,501.61325,526.14905,567.60834,0
0.06,-0.003269678960964973,0.00030072359345050296,0.007604815948381941,0.07685794625843823,0.72475090859316,0.0,-0.19604258644800568,0.01805026056783309,0.2323049269860187,-6.528996581187992,0.6019605589612245,2.9397647493575225,0.6216599751331958,2.025910552047467,0.0,285.2979,673.47107,329.39322,626.3084,1.016805513154725
0.12000000000000001,-0.0315839567169445,-0.00475138514119045,0.012893014473024477,2.6397002693636704,4.955093148878197,0.0,-0.51697864684078,-0.37934132292527173,-0.17048100479123848,6.9914666477573375,-13.571917669655017,-6.776453299432581,4.453779208120187,6.928267681732374,0.0,23.167522,896.7062,15.3383465,892.03253,1.0012357492771018
