time,x,y,z,phi,theta,psi,x_velocity,y_velocity,z_velocity,x_accel,y_accel,z_accel,phi_velocity,theta_velocity,psi_velocity,rotor_speed1,rotor_speed2,rotor_speed3,rotor_speed4,reward
0.0,0.0,0.0,0.0,0.0,0.0,0.0,0.0,0.0,0.0,0.0,0.0,0.0,0.0,0.0,0.0,428.84198,501.77063,456.37918,491.04987,0
0.06,-0.000657194359936841,0.0001577962062380952,0.006264252767374839,0.04284297345826715,0.162674087432511,0.0,-0.0400634562642851,0.009774437820983141,0.20780264591476166,-1.3617733199792796,0.33859232097849756,3.4186504095845556,0.45050247797317555,0.929666181960837,0.0,398.54688,524.8579,476.69183,514.50385,1.0141965221474178
0.12000000000000001,-0.009261573058635845,0.0020872488337644367,0.025150307178789653,0.12333095211672784,0.6613456774539745,0.0,-0.3037354713326791,0.061954242547150776,0.40187352584888625,-6.528488264988456,1.144357170337802,2.424594312687877,0.95981764763278,2.5003202041755173,0.0,283.85254,638.97833,541.49866,620.65027,1.035866353158185
0.18,-0.049362297960809674,0.005831935515372348,0.039848699886609405,0.4606450572449994,3.9421840129532058,0.0,-0.9460378629231034,-0.03597133144636565,-0.30882244374179946,-4.249294386795556,-5.7109090442109895,-25.846177808501082,2.19618682619213,6.771653609788977,0.0,15.41521,895.4045,823.33923,890.62695,1.0127065589065656
