time,x,y,z,phi,theta,psi,x_velocity,y_velocity,z_velocity,x_accel,y_accel,z_accel,phi_velocity,theta_velocity,psi_velocity,rotor_speed1,rotor_speed2,rotor_speed3,rotor_speed4,reward
0.0,0.0,0.0,0.0,0.0,0.0,0.0,0.0,0.0,0.0,0.0,0.0,0.0,0.0,0.0,0.0,428.0312,487.79352,467.56073,484.95532,0
0.06,-0.000425330208975546,4.17321797093184e-05,0.00600448425758047,0.013164449030291792,0.1087880112809696,0.0,-0.026035209565273394,0.002661828016956772,0.1997286504445475,-0.8893151949566394,0.09530665199846192,3.3100560805522385,0.22736067685565942,0.7500596557857847,0.0,406.92365,506.8442,480.97064,503.59512,1.0136292053338931
0.12000000000000001,-0.006026981883781788,0.0006526386936055911,0.02447316780297333,0.048345374937994734,0.4324887843212428,0.0,-0.1978084085944095,0.02129759350131504,0.40769397193022655,-4.264799636761383,0.44815225444693635,3.13055823757478,0.5317315479608037,1.9841421187873824,0.0,331.14752,583.7108,525.76794,577.106,1.0356097012889849
0.18,-0.03585196095947266,0.003085705599429927,0.05068485493918311,0.1941679603905655,2.156034947550058,0.0,-0.919516985089357,0.049899390893314174,0.269359234340723,-15.90963974470695,-0.044362374231290296,-10.12271783462941,1.3003846315912915,5.025652185911362,0.0,77.92464,835.3739,725.8202,827.1185,1.0431577158101277
0.23999999999999996,-0.11964197823501252,0.010197986535780109,0.04683348554132287,1.051083195475453,2.325144039838431,0.0,-1.180833169653078,0.2845651961321808,-0.1303855406225824,27.97890059752365,4.236417930190964,-5.35882673899011,3.4020743372157582,13.584638491222591,0.0,30.851185,882.8136,798.29694,877.66064,0.9821874050709734
0.3,-0.21529605575736085,0.020014029587665298,0.015452606701291526,1.7235652436311177,5.592491307563758,0.0,-1.6571857090105753,-0.13277624337823823,-0.797789868831507,2.3527866124599623,-32.700163594092686,-12.152113479672218,5.01743271692377,20.70207035044739,0.0,19.903921,893.073,820.12555,889.4787,0.9196188449844949
