time,x,y,z,phi,theta,psi,x_velocity,y_velocity,z_velocity,x_accel,y_accel,z_accel,phi_velocity,theta_velocity,psi_velocity,rotor_speed1,rotor_speed2,rotor_speed3,rotor_speed4,reward
0.0,0.0,0.0,0.0,0.0,0.0,0.0,0.0,0.0,0.0,0.0,0.0,0.0,0.0,0.0,0.0,408.28397,538.31793,392.39886,538.76245,0
0.06,-0.0021550065281016207,0.002549399915696743,0.006111557010977175,0.6155611846594207,0.5058134916509376,0.0,-0.12994500113682791,0.15159054874299166,0.18057005981415136,-4.358358765008042,4.995791366482517,1.9929259545975402,1.8625162991296333,1.6829173643850401,0.0,364.49036,612.1085,320.58405,616.91486,1.0133323353118475
0.12000000000000001,-0.028192965508100076,0.022427854261712923,0.010777609261092764,3.049781563441252,2.387188103699337,0.0,-0.8363428378601567,0.38057540149712843,-0.14204513886100276,-14.59129934601074,-2.2624412290303986,-7.95093346519194,5.5338729915365095,4.890222467705868,0.0,205.3544,826.627,99.06586,833.332,1.0004012512111478
0.18,-0.092635519148553,0.05839902869975753,0.0006101700649267317,2.702383596389561,0.8485453305697419,0.0,-0.915316947156958,0.9844944205405108,-0.547275602023119,15.029592949807645,11.019500889383725,-20.495484066259678,13.899133437982773,12.83977316477461,0.0,123.14828,878.1091,37.739113,881.9259,0.9655096443048206
