time,x,y,z,phi,theta,psi,x_velocity,y_velocity,z_velocity,x_accel,y_accel,z_accel,phi_velocity,theta_velocity,psi_velocity,rotor_speed1,rotor_speed2,rotor_speed3,rotor_speed4,reward
0.0,0.0,0.0,0.0,0.0,0.0,0.0,0.0,0.0,0.0,0.0,0.0,0.0,0.0,0.0,0.0,373.25992,580.93054,416.37686,493.6922,0
0.06,-0.005217800288078172,0.0005803841894350241,0.004946667672663746,0.17411297697534955,1.2714763451809699,0.0,-0.3069773336402661,0.03251043331258853,0.1049496565359171,-9.978799302824527,0.987322024856579,-0.8688779926360071,0.9637463659391138,2.702313078135224,0.0,289.63367,690.8055,253.79877,649.5664,1.0100384751341829
