time,x,y,z,phi,theta,psi,x_velocity,y_velocity,z_velocity,x_accel,y_accel,z_accel,phi_velocity,theta_velocity,psi_velocity,rotor_speed1,rotor_speed2,rotor_speed3,rotor_speed4,reward
0.0,0.0,0.0,0.0,0.0,0.0,0.0,0.0,0.0,0.0,0.0,0.0,0.0,0.0,0.0,0.0,378.75412,568.1002,402.98615,522.8572,0
0.06,-0.004406107234673378,0.0015415746167923242,0.0055354547617147325,0.4145063081359135,1.046763257820161,0.0,-0.26151978510934737,0.08832420409412661,0.13850568507075123,-8.598715796517606,2.7703787650786857,0.2970849486576759,1.5179927358349996,2.4464965463694677,0.0,303.37625,673.3295,258.1393,661.1364,1.0115987683232066
0.12000000000000001,-0.03819978653047165,0.0036049328454430462,0.008024642871311324,4.651374620865763,5.003474561972132,0.0,-0.563027442028135,-0.036470645063072966,0.018845741041245173,8.993788920249076,1.9075551917127171,2.988737074723041,6.4432954169489,7.164458093236592,0.0,32.342903,897.3443,13.050175,896.33997,1.0000238770805554
