time,x,y,z,phi,theta,psi,x_velocity,y_velocity,z_velocity,x_accel,y_accel,z_accel,phi_velocity,theta_velocity,psi_velocity,rotor_speed1,rotor_speed2,rotor_speed3,rotor_speed4,reward
0.0,0.0,0.0,0.0,0.0,0.0,0.0,0.0,0.0,0.0,0.0,0.0,0.0,0.0,0.0,0.0,366.75302,602.09357,432.8329,456.44046,0
0.06,-0.006566385216235048,4.5229310572314546e-05,0.003853701449211654,0.01959112614847669,1.6707350838466812,0.0,-0.37867841005445935,0.002404029479104952,0.02994608959091377,-11.984917713496833,0.06722893450208507,-3.779741942222884,0.2880359706444856,3.106244244234334,0.0,223.6195,765.5342,173.22365,703.6337,1.0068906783791318
