time,x,y,z,phi,theta,psi,x_velocity,y_velocity,z_velocity,x_accel,y_accel,z_accel,phi_velocity,theta_velocity,psi_velocity,rotor_speed1,rotor_speed2,rotor_speed3,rotor_speed4,reward
0.0,0.0,0.0,0.0,0.0,0.0,0.0,0.0,0.0,0.0,0.0,0.0,0.0,0.0,0.0,0.0,371.06754,586.19794,419.61688,483.40094,0
0.06,-0.0055561643238454415,0.00037572243702974106,0.004641704928071647,0.11963260815313603,1.370359302459791,0.0,-0.3254469683670848,0.020769987962274288,0.08636061832852039,-10.518111817917758,0.6184430045962189,-1.5432027435796267,0.7892642925836242,2.8076600982286912,0.0,259.74094,726.2796,216.82907,679.5613,1.0092021056596474
