time,x,y,z,phi,theta,psi,x_velocity,y_velocity,z_velocity,x_accel,y_accel,z_accel,phi_velocity,theta_velocity,psi_velocity,rotor_speed1,rotor_speed2,rotor_speed3,rotor_speed4,reward
0.0,0.0,0.0,0.0,0.0,0.0,0.0,0.0,0.0,0.0,0.0,0.0,0.0,0.0,0.0,0.0,317.84875,418.30496,583.1822,596.9983,0
0.06,-0.0008551837882525446,4.4860135859614304e-05,0.008618033961636087,0.012821310077757886,0.19124589737001152,0.0,-0.052054340200870526,0.002860915282027852,0.28580653367505376,-1.766116044433928,0.10241830650305311,4.698589148903246,0.22375713065011205,1.0127669209661394,0.0,325.5055,470.63446,532.35675,590.444,1.01953835890652
0.12000000000000001,-0.011092643524152582,0.0011912425539306528,0.03286653031445294,0.17647837983459969,0.6851527168955274,0.0,-0.34711350054766466,0.05236437758117979,0.4999343371899596,-7.084471873676106,1.457418481757062,2.652919611887945,1.1148903843859483,2.5653532520735096,0.0,315.4765,640.3467,392.60245,586.4316,1.0456695739011463
0.18,-0.05178857084814188,0.0034682208197416,0.05416990613703646,1.3762884589587339,3.6427037455036295,0.0,-0.9683809702046031,-0.15464737461837752,-0.04623707504754809,-6.494362330263513,-11.307334976174172,-17.510141617818213,3.6618256329831755,6.6041116612777335,0.0,113.74917,869.52466,114.83155,810.04553,1.0275059860493403
0.23999999999999996,-0.10934178935588963,-0.017533681639394685,0.018800107294966818,0.4108197052820568,4.788039339970421,0.0,-1.3241901433315897,-0.31335580173318883,-1.2476302246041908,-17.658914779633548,-1.1864296921794222,-22.087934139044567,11.853548539623718,15.45493374190579,0.0,331.41394,722.54297,263.9388,584.9323,0.9147437126438813
