time,x,y,z,phi,theta,psi,x_velocity,y_velocity,z_velocity,x_accel,y_accel,z_accel,phi_velocity,theta_velocity,psi_velocity,rotor_speed1,rotor_speed2,rotor_speed3,rotor_speed4,reward
0.0,0.0,0.0,0.0,0.0,0.0,0.0,0.0,0.0,0.0,0.0,0.0,0.0,0.0,0.0,0.0,323.05048,527.6178,506.78723,553.21747,0
0.06,-0.004374483876934705,0.0003305050158844395,0.006919258619595058,0.08936179654106002,0.9879204686084924,0.0,-0.2601758282306066,0.019350820405456052,0.1919860860116626,-8.576977424958734,0.625048990698105,1.5047976139986154,0.6746202942900458,2.3750718964087882,0.0,246.97357,723.09467,274.13736,666.98254,1.0149158892157903
0.12000000000000001,-0.03043168689600297,-0.007267601573725479,0.007516819101447161,4.3596409811794565,1.0574087084978352,0.0,-0.2468825794151982,-0.26048318836380685,-0.42399770474944526,13.26525826042068,1.7251296073666624,-19.611168139209198,5.651110525702261,8.41465372945947,0.0,15.135125,898.0008,9.234016,894.73346,0.9892203950283802
