time,x,y,z,phi,theta,psi,x_velocity,y_velocity,z_velocity,x_accel,y_accel,z_accel,phi_velocity,theta_velocity,psi_velocity,rotor_speed1,rotor_speed2,rotor_speed3,rotor_speed4,reward
0.0,0.0,0.0,0.0,0.0,0.0,0.0,0.0,0.0,0.0,0.0,0.0,0.0,0.0,0.0,0.0,316.9698,419.75238,582.7018,595.3058,0
0.06,-0.0008942507422549441,3.746004756654659e-05,0.008562632279840327,0.01099629337326924,0.19999582667436755,0.0,-0.05441029861670452,0.002401399180056928,0.2838271825383232,-1.8451455406154782,0.08645481958790312,4.659736116553945,0.20376097072547283,1.036957599671401,0.0,324.79956,473.75076,526.20953,591.48694,1.0194089407107605
0.12000000000000001,-0.011581112343389325,0.0012418472346704076,0.032495287949256435,0.20888719903923025,0.7198612403259244,0.0,-0.3622435999124519,0.05809135958385231,0.48885328961263885,-7.387843599433125,1.6809144556049338,2.397714726160307,1.2007390971098668,2.6344700952659545,0.0,309.94028,653.5995,365.565,601.9199,1.0449403545739684
0.18,-0.052617169215219535,0.0022367688351844816,0.052772104754277044,1.9074747434454427,4.053739909226989,0.0,-0.9010497700334443,-0.2535734050102464,-0.008610483186476059,-2.2445693249843233,-14.762742810121319,-13.229149830998153,4.264096664441746,6.936625525801036,0.0,78.26952,885.2519,59.17289,852.9732,1.0264253925198776
0.23999999999999996,-0.08752250463247788,-0.03520764996407145,0.029265637132106823,3.6691615937842315,6.268488768076962,0.0,-0.7520228591999778,-0.7332381338061197,-0.9905966862602069,-18.6436424633835,6.412394660987809,-21.368388497537964,13.376033948742123,16.12934301347059,0.0,32.804985,896.7,22.61788,883.4925,0.9389539023947944
