time,x,y,z,phi,theta,psi,x_velocity,y_velocity,z_velocity,x_accel,y_accel,z_accel,phi_velocity,theta_velocity,psi_velocity,rotor_speed1,rotor_speed2,rotor_speed3,rotor_speed4,reward
0.0,0.0,0.0,0.0,0.0,0.0,0.0,0.0,0.0,0.0,0.0,0.0,0.0,0.0,0.0,0.0,362.1493,609.3485,440.75027,451.65344,0
0.06,-0.007158913050750752,9.272459900100382e-06,0.0034874812251884588,0.005644082250793936,1.8484783576986885,0.0,-0.4083722193366618,0.00048535835877474003,-0.0029122467590754347,-12.730633823372758,0.013220727157854542,-5.208275332314805,0.13354897565036522,3.2703409904862246,0.0,214.39339,788.3018,148.45914,707.9803,1.0056982423023
