time,x,y,z,phi,theta,psi,x_velocity,y_velocity,z_velocity,x_accel,y_accel,z_accel,phi_velocity,theta_velocity,psi_velocity,rotor_speed1,rotor_speed2,rotor_speed3,rotor_speed4,reward
0.0,0.0,0.0,0.0,0.0,0.0,0.0,0.0,0.0,0.0,0.0,0.0,0.0,0.0,0.0,0.0,315.86667,462.9233,553.46375,584.9445,0
0.06,-0.002000648856250678,0.00019938202258933094,0.008184276949972535,0.05009519218693903,0.4402940535603612,0.0,-0.12083342197973246,0.012228850193545216,0.26494196036084133,-4.06088450785324,0.4187087080425638,4.068376451017466,0.49146886340403273,1.566267499459699,0.0,311.61545,588.6414,415.75845,597.94183,1.018395505568812
0.12000000000000001,-0.026217447504164607,0.0027399935912902824,0.022787318786798273,1.176554702790579,2.4353832961661244,0.0,-0.7940460630398503,0.034796060037709874,0.017158467270589978,-14.311805566983917,-2.161683081928674,-11.936789231269715,2.9970942043846516,4.882581624089646,0.0,139.50488,849.09625,100.46296,807.03516,1.0204420241422578
0.18,-0.09563369259927025,-0.01451785237921319,0.0009669684514600737,0.391409435854861,3.033008728030028,0.0,-1.1417035745433748,-0.408988472951006,-0.8631509773741237,14.6996584669149,0.28147743061717545,-24.865148572256004,11.270387354222544,13.59219765931213,0.0,122.33397,855.22394,67.75341,822.7644,0.9423796449392918
