time,x,y,z,phi,theta,psi,x_velocity,y_velocity,z_velocity,x_accel,y_accel,z_accel,phi_velocity,theta_velocity,psi_velocity,rotor_speed1,rotor_speed2,rotor_speed3,rotor_speed4,reward
0.0,0.0,0.0,0.0,0.0,0.0,0.0,0.0,0.0,0.0,0.0,0.0,0.0,0.0,0.0,0.0,452.3156,323.3819,617.5153,642.2396,0
0.06,-0.0016981976832212181,0.00017571140294609917,0.012060755343368104,0.03896809708557036,0.2846843655292295,0.0,-0.10049277484694798,0.010872232813252922,0.3975117887702181,-3.2914639054680532,0.3761389536287213,6.43046787073411,0.42720564754674695,-1.3684819420136902,0.0,507.20438,402.76056,526.3162,642.54663,1.027278359528744
0.12000000000000001,-0.01712013021743349,0.005024895084012635,0.04612072898114855,0.6706389183916839,0.4419864826307025,0.0,-0.4378101574293206,0.231647807383946,0.7086374536989258,-6.498614906812643,6.689187967091544,3.9843127542634456,2.274628580704631,-2.6290691630613687,0.0,481.31906,499.06403,410.99673,725.99695,1.063999075080931
0.18,-0.056249566767719944,0.03701703486185315,0.07596475543464155,4.578571873088652,0.3082343930756206,0.0,-0.847081636903799,0.66011773720769,-0.09775384248024405,-6.094498466838329,-3.182096563466289,-26.101802239288567,6.968657191299578,-2.3057286025428243,0.0,427.42285,705.0537,188.17096,852.8791,1.0367500829768554
0.23999999999999996,-0.12933917926785393,0.05597142551392765,0.04402311387775392,3.6882960669092046,3.3987318283389136,0.0,-1.7052381343650294,0.16078825643168246,-1.1154212067471416,-15.29787818639943,-6.282158235258798,-23.699716647893094,15.101391521546558,2.0356961036666927,0.0,797.7539,396.18042,342.85672,860.7854,0.9205151438285366
