time,x,y,z,phi,theta,psi,x_velocity,y_velocity,z_velocity,x_accel,y_accel,z_accel,phi_velocity,theta_velocity,psi_velocity,rotor_speed1,rotor_speed2,rotor_speed3,rotor_speed4,reward
0.0,0.0,0.0,0.0,0.0,0.0,0.0,0.0,0.0,0.0,0.0,0.0,0.0,0.0,0.0,0.0,377.11752,570.94507,406.08176,518.25146,0
0.06,-0.004605726001688725,0.00132911077890651,0.005455596182413402,0.3638122716697634,1.0981223184205442,0.0,-0.2728552701838568,0.0757840011665053,0.13311660741322964,-8.949830259567447,2.3610231402216226,0.08823458404192056,1.4185041672688408,2.5072131155231614,0.0,297.5732,681.16907,254.20413,664.1089,1.0113731419014442
0.12000000000000001,-0.03782420389809746,0.001119038045356545,0.006880173969427824,4.740247352776825,5.3484246525079655,0.0,-0.48462536830697933,-0.09099372225262946,-0.04070660736493867,12.07774319982395,1.9604226459174263,0.32465084405272693,6.4306470012361565,7.403491156546194,0.0,30.285763,898.4531,12.295626,897.1392,0.9974073668612218
