time,x,y,z,phi,theta,psi,x_velocity,y_velocity,z_velocity,x_accel,y_accel,z_accel,phi_velocity,theta_velocity,psi_velocity,rotor_speed1,rotor_speed2,rotor_speed3,rotor_speed4,reward
0.0,0.0,0.0,0.0,0.0,0.0,0.0,0.0,0.0,0.0,0.0,0.0,0.0,0.0,0.0,0.0,423.0089,489.06488,459.8519,483.58533,0
0.06,-0.0005070468394667007,7.330193676449701e-05,0.005688608505622891,0.02187554018567983,0.1301102601433417,0.0,-0.030978288652979774,0.004606869694757028,0.189019582487084,-1.0557545503067314,0.16226038519553462,3.123579233979898,0.3071962913835475,0.8254947626624601,0.0,398.47092,511.00406,475.598,504.85382,1.0129034295574226
0.12000000000000001,-0.007192624138095131,0.0010658553422435925,0.023153710417631986,0.07365899021960853,0.525449907749425,0.0,-0.23656466409302473,0.03355893352803433,0.38106795273868094,-5.108597018717758,0.6747348234160581,2.706850438663513,0.6984049439475939,2.2066815642218702,0.0,306.59314,604.5623,528.4344,592.5154,1.033490833835479
0.18,-0.0419380625571403,0.00412437300126631,0.04335012457581184,0.2924262288068773,2.8424674136967862,0.0,-1.0013915790336299,0.03140222411705772,-0.002428160217599784,-14.194680996175274,-1.7319761280957053,-17.779231883500003,1.669918445256919,5.765297465143849,0.0,36.2023,868.84424,768.105,860.3594,1.0281143401745285
