time,x,y,z,phi,theta,psi,x_velocity,y_velocity,z_velocity,x_accel,y_accel,z_accel,phi_velocity,theta_velocity,psi_velocity,rotor_speed1,rotor_speed2,rotor_speed3,rotor_speed4,reward
0.0,0.0,0.0,0.0,0.0,0.0,0.0,0.0,0.0,0.0,0.0,0.0,0.0,0.0,0.0,0.0,426.93494,505.48914,447.38235,490.13882,0
0.06,-0.0007578054199005553,0.00023076830754760285,0.00606783547400894,0.061350695069959826,0.18781838734218415,0.0,-0.0461352417634352,0.014207762130088935,0.20088166670907434,-1.5656295825062514,0.48866139088766297,3.286732902002022,0.5496193437775072,1.0031413576205765,0.0,392.3004,525.62787,472.2509,513.22125,1.0137368294998095
0.12000000000000001,-0.010452535370375481,0.0028843047687539024,0.024005888885795964,0.1551927501910173,0.7324756628389535,0.0,-0.33779749042796625,0.08205714727736504,0.37287586961572794,-7.130192877411502,1.4157652169006756,1.884221603310078,1.096660381794683,2.648494332884666,0.0,267.93698,648.8509,541.7031,627.42957,1.0337264760127813
0.18,-0.051791612150811,0.007175739629048623,0.03412684093756074,0.5484904794932017,4.419489055052708,0.0,-0.8560796255459082,-0.06011817358264537,-0.42448059290990425,1.9559630646273576,-7.046445410908693,-25.96438462224859,2.439106811751586,7.186130747287237,0.0,7.098127,894.9873,835.0228,891.4332,1.0028766135288145
