time,x,y,z,phi,theta,psi,x_velocity,y_velocity,z_velocity,x_accel,y_accel,z_accel,phi_velocity,theta_velocity,psi_velocity,rotor_speed1,rotor_speed2,rotor_speed3,rotor_speed4,reward
0.0,0.0,0.0,0.0,0.0,0.0,0.0,0.0,0.0,0.0,0.0,0.0,0.0,0.0,0.0,0.0,430.80643,510.13803,450.58163,494.2068,0
0.06,-0.000799998559087073,0.00024775935990891274,0.006468086731278937,0.06453966433752001,0.1946630926681392,0.0,-0.04868806985319902,0.015241082244959044,0.21408828432512844,-1.651608841272244,0.5236827685996464,3.500859300629429,0.5651124684935125,1.0222792017062683,0.0,394.70584,530.1857,476.78128,517.75604,1.0146424652735193
0.12000000000000001,-0.011028521500699736,0.0030687355127012685,0.025498466896549304,0.16029255209053517,0.7626794229763361,0.0,-0.35638093324882647,0.08659775516470435,0.39365850378044687,-7.519031907767105,1.4720204133080914,1.9124643865611488,1.1169755014508789,2.706234199010074,0.0,265.1868,658.30347,550.4748,636.8378,1.0357387624684893
0.18,-0.0529797723843817,0.007244633790251274,0.03564165215870553,0.5691819915925604,4.726382946283408,0.0,-0.7946874927247843,-0.07039379268711479,-0.4376730542628171,5.969449196756612,-7.123479450315209,-25.47434039374882,2.489806241194794,7.418426009179898,0.0,9.123184,900.0,850.0976,897.63385,1.0023735624922205
