time,x,y,z,phi,theta,psi,x_velocity,y_velocity,z_velocity,x_accel,y_accel,z_accel,phi_velocity,theta_velocity,psi_velocity,rotor_speed1,rotor_speed2,rotor_speed3,rotor_speed4,reward
0.0,0.0,0.0,0.0,0.0,0.0,0.0,0.0,0.0,0.0,0.0,0.0,0.0,0.0,0.0,0.0,335.0225,556.78674,483.95795,516.0533,0
0.06,-0.005368112962366112,0.000127997229695932,0.005709159503014399,0.041106821680750194,1.266655769591484,0.0,-0.31588469415976583,0.007310336485908505,0.12958097450535894,-10.271069656067155,0.22828216220330783,-0.4937611652253403,0.44019812927692825,2.697074222388294,0.0,258.82706,709.1988,238.15073,673.8899,1.0117720110817432
0.12000000000000001,-0.03583472839572234,-0.009135523260003742,0.0006329624038363128,4.964435276073003,0.6164122958253007,0.0,-0.2963150931184166,-0.3382894435248418,-0.45166315559517245,14.757245130918031,-1.4647727265164887,-16.416463225129025,5.799437942009769,8.36181685334925,0.0,25.525097,894.0821,16.10859,888.6973,0.97934019443936
