time,x,y,z,phi,theta,psi,x_velocity,y_velocity,z_velocity,x_accel,y_accel,z_accel,phi_velocity,theta_velocity,psi_velocity,rotor_speed1,rotor_speed2,rotor_speed3,rotor_speed4,reward
0.0,0.0,0.0,0.0,0.0,0.0,0.0,0.0,0.0,0.0,0.0,0.0,0.0,0.0,0.0,0.0,352.66232,592.6599,455.9344,475.02606,0
0.06,-0.006635874877052519,3.36155662125758e-05,0.0042990049904399205,0.01479305709072154,1.6545871927886342,0.0,-0.38303953590501194,0.0018098042173660775,0.0447355000753461,-12.138278000244597,0.05169640077101632,-3.5367437999123084,0.2438848536665114,3.0909124821445317,0.0,235.18228,748.7936,184.0036,719.597,1.0079001694349627
