time,x,y,z,phi,theta,psi,x_velocity,y_velocity,z_velocity,x_accel,y_accel,z_accel,phi_velocity,theta_velocity,psi_velocity,rotor_speed1,rotor_speed2,rotor_speed3,rotor_speed4,reward
0.0,0.0,0.0,0.0,0.0,0.0,0.0,0.0,0.0,0.0,0.0,0.0,0.0,0.0,0.0,0.0,430.88992,513.6562,440.9159,491.69626,0
0.06,-0.0008690005333389494,0.00032236078441577175,0.006258609411859176,0.08323905512018293,0.2124475008982456,0.0,-0.05284604182458329,0.019757206084460792,0.20675892425062065,-1.7909518034963736,0.67588849529513,3.363343729510368,0.6491807250884192,1.0704907489879494,0.0,392.86008,529.3431,469.5082,513.9795,1.0141547068551287
0.12000000000000001,-0.011688807343134917,0.00386247961711461,0.02432356858600918,0.19223068081519656,0.7865826237337572,0.0,-0.37121545463993977,0.10649727005403478,0.36731928723119023,-7.667707371017035,1.7414603153362276,1.5396241388309666,1.239933143562876,2.7599593559822853,0.0,263.96664,656.1426,541.13855,631.0955,1.0336459733194376
0.18,-0.054478470474838545,0.009206346159184657,0.03252324101663085,0.6249497636682131,4.698531799258973,0.0,-0.8104623477173971,-0.06402896118426411,-0.46066931459470717,5.681573492568867,-7.760326291262707,-24.906414703095816,2.646725685973676,7.437448398826888,0.0,5.7699814,896.2207,839.47363,892.9438,0.9986527447923996
