time,x,y,z,phi,theta,psi,x_velocity,y_velocity,z_velocity,x_accel,y_accel,z_accel,phi_velocity,theta_velocity,psi_velocity,rotor_speed1,rotor_speed2,rotor_speed3,rotor_speed4,reward
0.0,0.0,0.0,0.0,0.0,0.0,0.0,0.0,0.0,0.0,0.0,0.0,0.0,0.0,0.0,0.0,359.61066,596.5504,451.12558,462.79028,0
0.06,-0.00657563981466514,1.2529620548561275e-05,0.004161654358946976,0.006495095696199549,1.6500122381517404,0.0,-0.3796616688627532,0.0006980445512110977,0.04133155557584141,-12.035525628043642,0.02102928996942914,-3.542774925751967,0.1463166433294895,3.0865552377149768,0.0,239.4294,761.43604,168.4861,709.19196,1.007610282054381
