time,x,y,z,phi,theta,psi,x_velocity,y_velocity,z_velocity,x_accel,y_accel,z_accel,phi_velocity,theta_velocity,psi_velocity,rotor_speed1,rotor_speed2,rotor_speed3,rotor_speed4,reward
0.0,0.0,0.0,0.0,0.0,0.0,0.0,0.0,0.0,0.0,0.0,0.0,0.0,0.0,0.0,0.0,315.93573,423.54407,580.88666,594.0441,0
0.06,-0.0009850417553149402,4.035521665752496e-05,0.008525295478914442,0.011745576527244062,0.21969713674060198,0.0,-0.059884096981753024,0.0025800620985319033,0.2822522328989965,-2.028702885344126,0.09261661574608034,4.618880077883247,0.21214847545554477,1.0895632289176533,0.0,321.233,481.9391,521.7065,591.0872,1.0193149026103212
0.12000000000000001,-0.012828449209302154,0.0013332611724422077,0.03203710353988196,0.23105910497746507,0.8200260548344485,0.0,-0.40344905292534733,0.0619775670407623,0.4692389350732393,-8.275508845040969,1.774402943012294,1.8063734261199607,1.266900764301392,2.8214349354223502,0.0,293.76532,671.15436,355.27008,611.22205,1.0438396760093291
0.18,-0.054714067322577824,0.0003002276429841409,0.04930677825030471,2.1999568771107114,4.793461253981469,0.0,-0.7600630305517856,-0.320015213598978,-0.03545297027810004,6.072656581917989,-14.339150562641375,-10.116429433906228,4.576142151001738,7.535220912499021,0.0,54.34151,891.578,45.29318,864.64667,1.0208862142616424
0.23999999999999996,-0.06450420843428054,-0.023777614646934078,0.023705709433808876,4.638715950489335,0.8439189766982107,0.0,0.10112914783030227,-0.594385665108092,-1.0983206254020244,-1.7892853436237683,-6.863132694447062,-31.94703165007453,13.898451810685037,16.750810465011714,0.0,145.71117,872.4475,93.26968,790.142,0.9352802226942161
