time,x,y,z,phi,theta,psi,x_velocity,y_velocity,z_velocity,x_accel,y_accel,z_accel,phi_velocity,theta_velocity,psi_velocity,rotor_speed1,rotor_speed2,rotor_speed3,rotor_speed4,reward
0.0,0.0,0.0,0.0,0.0,0.0,0.0,0.0,0.0,0.0,0.0,0.0,0.0,0.0,0.0,0.0,370.0243,588.2111,419.86676,481.42987,0
0.06,-0.005698739897542278,0.0003433937080235666,0.00453462049084759,0.11159465481062014,1.4112700106371427,0.0,-0.3331569200011924,0.018850367450788663,0.07896852635431144,-10.739919256233735,0.5552932887502334,-1.8314139773345326,0.7603859122163914,2.8501298731537643,0.0,239.12665,749.4708,196.15535,699.5724,1.0088917403654079
