time,x,y,z,phi,theta,psi,x_velocity,y_velocity,z_velocity,x_accel,y_accel,z_accel,phi_velocity,theta_velocity,psi_velocity,rotor_speed1,rotor_speed2,rotor_speed3,rotor_speed4,reward
0.0,0.0,0.0,0.0,0.0,0.0,0.0,0.0,0.0,0.0,0.0,0.0,0.0,0.0,0.0,0.0,375.01932,576.172,415.9579,499.43658,0
0.06,-0.004913636530483233,0.0007034084911797067,0.005162923894398361,0.20348050771585058,1.1877617606365147,0.0,-0.29008847844526325,0.03984330209538283,0.11900756529548909,-9.472544557186662,1.2297264292044454,-0.3376401078533253,1.046444867172474,2.6098780877063015,0.0,304.81747,672.7043,273.85834,635.29395,1.0106493685881794
0.12000000000000001,-0.03976146107450681,-0.004608725285068529,0.0004304172191489515,3.5918765672228155,5.091202170959093,0.0,-0.5468267659549861,-0.32674166901898205,-0.2290362135235167,10.078678085006532,-7.074932009707106,-0.5987311504331229,5.452119529603999,7.287903610410649,0.0,71.83921,883.6893,37.20799,872.3209,0.98381296818787
