time,x,y,z,phi,theta,psi,x_velocity,y_velocity,z_velocity,x_accel,y_accel,z_accel,phi_velocity,theta_velocity,psi_velocity,rotor_speed1,rotor_speed2,rotor_speed3,rotor_speed4,reward
0.0,0.0,0.0,0.0,0.0,0.0,0.0,0.0,0.0,0.0,0.0,0.0,0.0,0.0,0.0,0.0,452.07275,322.96085,617.2621,639.7658,0
0.06,-0.0016938573490466436,0.0001451852864436262,0.01195381462054063,0.032860868334155136,0.2849964672453851,0.0,-0.10023631464996513,0.00901284010048071,0.39397215751113135,-3.283080226130776,0.3129997914269878,6.37258408422076,0.38803261789517396,-1.369197484531378,0.0,512.085,397.17026,529.0289,634.5037,1.027036967875842
0.12000000000000001,-0.017343487312065253,0.004121245361497684,0.0456979912775342,0.5547644642337195,0.4958476639781626,0.0,-0.45300888318105414,0.18924580834024987,0.70508310034243,-7.025891062946221,5.451453477590958,4.1443876659337935,2.0583729386722744,-2.7570131037860217,0.0,494.8422,493.88803,415.16858,719.0933,1.0634765424907668
0.18,-0.0588113434154035,0.03333587857182732,0.07802503373937035,4.206439428512832,0.333405486824522,0.0,-0.9064506773774034,0.6982231938610078,-0.021100457405792805,-6.699550049500853,1.711902959955074,-26.113237618551473,6.596848759098553,-2.6710158786655773,0.0,456.3883,650.9796,226.71455,844.4811,1.0424492623398494
0.23999999999999996,-0.13307693993903202,0.0649093179839449,0.04634667365555785,2.514982924195719,1.7377609886384828,0.0,-1.7434338045361533,0.5408448593433854,-0.8353581955793891,-19.96967001379499,-3.342866934701241,-4.4587073035655935,14.443335344382803,0.33269554218299113,0.0,568.47284,534.57935,241.54695,873.0189,0.9238472428738292
