time,x,y,z,phi,theta,psi,x_velocity,y_velocity,z_velocity,x_accel,y_accel,z_accel,phi_velocity,theta_velocity,psi_velocity,rotor_speed1,rotor_speed2,rotor_speed3,rotor_speed4,reward
0.0,0.0,0.0,0.0,0.0,0.0,0.0,0.0,0.0,0.0,0.0,0.0,0.0,0.0,0.0,0.0,370.90784,590.6144,431.86014,465.042,0
0.06,-0.005786320374282547,9.945225835634783e-05,0.00442065998268971,0.03594190148844234,1.4400240282461496,0.0,-0.3378080237940717,0.005518835352140705,0.07277884778126115,-10.869800848849014,0.1652820055196833,-2.0379139146296934,0.40820352412184674,2.8796124500813662,0.0,232.36453,758.2642,187.80922,699.2766,1.0085999874363474
