time,x,y,z,phi,theta,psi,x_velocity,y_velocity,z_velocity,x_accel,y_accel,z_accel,phi_velocity,theta_velocity,psi_velocity,rotor_speed1,rotor_speed2,rotor_speed3,rotor_speed4,reward
0.0,0.0,0.0,0.0,0.0,0.0,0.0,0.0,0.0,0.0,0.0,0.0,0.0,0.0,0.0,0.0,434.82516,517.88934,444.03436,495.26648,0
0.06,-0.0009042810483599424,0.00033784598430063083,0.006635763362541645,0.08572975433162,0.21741774684303028,0.0,-0.05498014400562656,0.020696814518150877,0.219205387932361,-1.8628081795221358,0.7076461281097389,3.565236643350011,0.6596376547819259,1.0836012752883342,0.0,395.2092,534.5234,473.7455,518.7579,1.015008312360765
0.12000000000000001,-0.012228444718106473,0.00403501685641759,0.025749713798718675,0.1980969995680386,0.8212028339849251,0.0,-0.3899324725426765,0.11080945170175105,0.38686547357924095,-8.090494458778211,1.7954258565919863,1.5371627448048946,1.2629272727836196,2.821846451551585,0.0,259.0298,668.6758,550.50824,642.9576,1.0355767942749938
0.18,-0.05500827831678049,0.009128649353874384,0.033864863965533065,0.664581892944681,5.1322655355464235,0.0,-0.7092267304923542,-0.06963553685256339,-0.4545936880329274,10.984058281922911,-7.167731039445852,-22.8308776401602,2.7344677053354354,7.742873637046807,0.0,7.560735,900.0,857.55914,899.4798,0.9983315449220542
