time,x,y,z,phi,theta,psi,x_velocity,y_velocity,z_velocity,x_accel,y_accel,z_accel,phi_velocity,theta_velocity,psi_velocity,rotor_speed1,rotor_speed2,rotor_speed3,rotor_speed4,reward
0.0,0.0,0.0,0.0,0.0,0.0,0.0,0.0,0.0,0.0,0.0,0.0,0.0,0.0,0.0,0.0,375.43332,574.2781,412.09207,506.32462,0
0.06,-0.0048108026673750635,0.000909717911285191,0.005257824682039484,0.2576853060478559,1.157914931382905,0.0,-0.28435369787136533,0.051633526589448794,0.1238633237497986,-9.29952067191474,1.5982197159956821,-0.18277518354061315,1.184737259267378,2.576138335438501,0.0,305.8482,670.83344,274.85614,638.60754,1.010888609551054
0.12000000000000001,-0.039754491964521854,-0.00301274267563054,0.00207289019468006,3.713506417800218,5.000131130876628,0.0,-0.5688915053129061,-0.2898181257381297,-0.1696067491115268,9.231809507324586,-6.479823746048573,0.7087169530052848,5.629785031812028,7.216647253267943,0.0,70.17749,884.61115,35.616226,875.7732,0.9874100194416429
