time,x,y,z,phi,theta,psi,x_velocity,y_velocity,z_velocity,x_accel,y_accel,z_accel,phi_velocity,theta_velocity,psi_velocity,rotor_speed1,rotor_speed2,rotor_speed3,rotor_speed4,reward
0.0,0.0,0.0,0.0,0.0,0.0,0.0,0.0,0.0,0.0,0.0,0.0,0.0,0.0,0.0,0.0,370.8144,586.9509,419.70978,482.904,0
0.06,-0.005606916136264218,0.00036670189077449327,0.004613721331971049,0.11748088476215646,1.384260287511113,0.0,-0.328207364732154,0.02022296011567297,0.08411019792428429,-10.598262014251004,0.5999672817392394,-1.6376160892730955,0.7816308172235454,2.8221610482986454,0.0,253.73773,733.8092,210.73532,685.97894,1.0091152763370415
