time,x,y,z,phi,theta,psi,x_velocity,y_velocity,z_velocity,x_accel,y_accel,z_accel,phi_velocity,theta_velocity,psi_velocity,rotor_speed1,rotor_speed2,rotor_speed3,rotor_speed4,reward
0.0,0.0,0.0,0.0,0.0,0.0,0.0,0.0,0.0,0.0,0.0,0.0,0.0,0.0,0.0,0.0,318.1908,481.81595,539.528,578.1725,0
0.06,-0.0025849116484468007,0.0002816762911351183,0.007944147250819137,0.07030353321565475,0.5694689067166836,0.0,-0.15561909028260398,0.017088356770149436,0.25161825637032653,-5.209152650078297,0.5774360299234119,3.612513476020307,0.5921827916368156,1.7892131505995814,0.0,301.71262,646.2531,357.94095,605.1313,1.0177359626865503
0.12000000000000001,-0.029983890658026643,-0.001276748268794566,0.01632747428096244,1.899780238182533,3.8818840574537496,0.0,-0.7139684362177299,-0.2636407993662552,-0.19420173409216976,-4.8478549409170855,-13.70375154466601,-13.800541153083246,3.812699953390025,6.112458156291,0.0,37.380966,894.1155,20.142382,884.53534,1.0062089231111049
