time,x,y,z,phi,theta,psi,x_velocity,y_velocity,z_velocity,x_accel,y_accel,z_accel,phi_velocity,theta_velocity,psi_velocity,rotor_speed1,rotor_speed2,rotor_speed3,rotor_speed4,reward
0.0,0.0,0.0,0.0,0.0,0.0,0.0,0.0,0.0,0.0,0.0,0.0,0.0,0.0,0.0,0.0,361.84232,606.2642,440.5584,457.5785,0
0.06,-0.007016115063460286,2.293983275349438e-05,0.0036863801020350336,0.011531041966259536,1.7959473641902584,0.0,-0.4015741576777514,0.0011887108502054513,0.009509987275866452,-12.577774167180639,0.031803731881672896,-4.755116900324018,0.2097726566364715,3.2226974072327605,0.0,197.95169,806.021,132.64943,731.4562,1.0062503428226102
