time,x,y,z,phi,theta,psi,x_velocity,y_velocity,z_velocity,x_accel,y_accel,z_accel,phi_velocity,theta_velocity,psi_velocity,rotor_speed1,rotor_speed2,rotor_speed3,rotor_speed4,reward
0.0,0.0,0.0,0.0,0.0,0.0,0.0,0.0,0.0,0.0,0.0,0.0,0.0,0.0,0.0,0.0,351.3156,584.2061,461.79974,481.00854,0
0.06,-0.006224747109930378,3.7154678477618614e-05,0.004673674600088542,0.01526432204982342,1.5291709257574944,0.0,-0.3617730591091334,0.002065048890959498,0.07050333917178753,-11.571111658359056,0.06199197062791584,-2.5377445872880315,0.24850140113856314,2.9691942249436964,0.0,262.15195,715.8678,216.78177,686.99915,1.0089854403080667
