time,x,y,z,phi,theta,psi,x_velocity,y_velocity,z_velocity,x_accel,y_accel,z_accel,phi_velocity,theta_velocity,psi_velocity,rotor_speed1,rotor_speed2,rotor_speed3,rotor_speed4,reward
0.0,0.0,0.0,0.0,0.0,0.0,0.0,0.0,0.0,0.0,0.0,0.0,0.0,0.0,0.0,0.0,364.80972,606.9962,434.85367,452.26276,0
0.06,-0.006908299361779056,2.3494297846368346e-05,0.003584939828976525,0.011726122132583505,1.7772424197701664,0.0,-0.3958656283934334,0.0012251086119973208,0.009067162716585045,-12.419173725059869,0.033147401283878206,-4.636732107616798,0.2119329807329745,3.2055648967611026,0.0,207.34041,781.65216,160.94592,708.85675,1.0060719547345673
