time,x,y,z,phi,theta,psi,x_velocity,y_velocity,z_velocity,x_accel,y_accel,z_accel,phi_velocity,theta_velocity,psi_velocity,rotor_speed1,rotor_speed2,rotor_speed3,rotor_speed4,reward
0.0,0.0,0.0,0.0,0.0,0.0,0.0,0.0,0.0,0.0,0.0,0.0,0.0,0.0,0.0,0.0,351.17432,587.8195,459.39148,479.36273,0
0.06,-0.006426725182306991,3.8599559853130416e-05,0.004508443225429407,0.016176732450492004,1.5889556995184506,0.0,-0.372324943325013,0.0021100951327987943,0.058702145157620456,-11.857557793608494,0.061758235327083535,-3.004694977982092,0.257248447046451,3.0278148425236147,0.0,250.35944,728.0996,205.40964,700.7877,1.008498735897373
