time,x,y,z,phi,theta,psi,x_velocity,y_velocity,z_velocity,x_accel,y_accel,z_accel,phi_velocity,theta_velocity,psi_velocity,rotor_speed1,rotor_speed2,rotor_speed3,rotor_speed4,reward
0.0,0.0,0.0,0.0,0.0,0.0,0.0,0.0,0.0,0.0,0.0,0.0,0.0,0.0,0.0,0.0,361.92584,610.815,439.20215,448.95676,0
0.06,-0.007224843510629886,7.258659654946235e-06,0.0033407188861249186,0.004735612285277746,1.8778578148198353,0.0,-0.4113373363802576,0.00037876387458112237,-0.010872418431275899,-12.788191451944598,0.01026064145621859,-5.470900729556593,0.11891661803300764,3.2966920845608922,0.0,192.23923,800.5612,136.57564,726.6294,1.0053118044635012
