time,x,y,z,phi,theta,psi,x_velocity,y_velocity,z_velocity,x_accel,y_accel,z_accel,phi_velocity,theta_velocity,psi_velocity,rotor_speed1,rotor_speed2,rotor_speed3,rotor_speed4,reward
0.0,0.0,0.0,0.0,0.0,0.0,0.0,0.0,0.0,0.0,0.0,0.0,0.0,0.0,0.0,0.0,430.92166,480.8723,468.75336,480.25415,0
0.06,-0.00029386036646850936,1.885141096064441e-05,0.005802923154619201,0.006736649576128961,0.07747199503851565,0.0,-0.018060730793043996,0.0012348608261121257,0.19321929185222486,-0.6199038933070263,0.045486034556798394,3.210880174640792,0.14979924937886924,0.6243553763011331,0.0,416.1477,493.1481,477.8316,492.6479,1.0131804066230201
0.12000000000000001,-0.004087199187026853,0.00032458899856193366,0.023563271220020807,0.026121194269615344,0.2840163964264919,0.0,-0.13162749356173317,0.010953323442555847,0.3953518343855782,-2.7754502971353165,0.23934373765344,3.228266949042063,0.3466080119518184,1.5730283695261105,0.0,370.34415,537.3518,506.35965,536.5852,1.0343938503289984
0.18,-0.02275505435998534,0.0017968597605517167,0.05304953189799374,0.08628303386448266,1.0924566328003014,0.0,-0.5780155640928621,0.04165949095107584,0.533395246954146,-10.637586073276427,0.6306958151987853,0.1162842239722306,0.7761414905540617,3.582712571384142,0.0,212.18742,689.85486,612.31903,688.4184,1.0541325791816012
0.23999999999999996,-0.07335877802571665,0.002753557149528293,0.06517196144336855,0.4578291994348822,0.15826579066467872,0.0,-0.5924650840938488,-0.013402831828950051,-0.23369805602146906,20.47034519831564,0.5429954117616771,-8.210915019329372,2.113328782833936,9.066670911757097,0.0,56.84509,849.3115,763.7419,846.77606,1.0080724828665477
0.3,-0.10095238178399762,0.011747186807535552,0.05710542103247923,1.1222529656084115,5.070103887933573,0.0,-0.6216964715487491,-0.012660142328067336,-0.5132682599143548,-26.883434128642214,-11.155171663376121,-18.707444851598925,3.8490991649845023,16.964047640145832,0.0,14.246588,893.4324,849.0091,892.8516,0.9777958299299023
0.36000000000000004,-0.11884838103426176,0.0121871408395787,0.010945906763578797,1.4823374582978488,6.038644272323454,0.0,0.014009839023534587,-0.3048010360680302,-1.1354950160896342,31.757467278860616,-13.933205853952808,-12.780804297786135,4.669641801922387,22.94465484916216,0.0,10.962801,897.79926,860.62744,897.2154,0.9029675388811809
