time,x,y,z,phi,theta,psi,x_velocity,y_velocity,z_velocity,x_accel,y_accel,z_accel,phi_velocity,theta_velocity,psi_velocity,rotor_speed1,rotor_speed2,rotor_speed3,rotor_speed4,reward
0.0,0.0,0.0,0.0,0.0,0.0,0.0,0.0,0.0,0.0,0.0,0.0,0.0,0.0,0.0,0.0,427.79297,495.60382,462.05444,488.77023,0
0.06,-0.0005581838051458073,9.540546002863494e-05,0.0061613751089099325,0.027212475632027555,0.1398457294808919,0.0,-0.03407764173221296,0.0059646199422698255,0.20466228618142285,-1.1603636170514542,0.20883284559864962,3.3791323748409754,0.3484710343596683,0.8578783244710397,0.0,401.96594,517.61475,478.63434,510.26044,1.0139737212217559
0.12000000000000001,-0.0078826495050065,0.0013412905260355155,0.024943516776403826,0.08692919651939679,0.5630997700968212,0.0,-0.25866841286909853,0.041420441404746405,0.40720875582460336,-5.569865413920061,0.8112747160084076,2.7957598759207976,0.7745805202763749,2.2921068643383853,0.0,305.49173,614.5396,533.59,600.7149,1.035935763481607
0.18,-0.04487501904617857,0.00477100039502802,0.045181386794143776,0.3301837938370449,3.0851796988354447,0.0,-1.0259442173063171,0.02170071524602104,-0.061042787187992054,-12.817594419444557,-2.608936688714892,-20.314073502054455,1.8024175990780997,6.012542329260997,0.0,33.59949,879.2168,781.8644,870.9262,1.0267198837780425
