time,x,y,z,phi,theta,psi,x_velocity,y_velocity,z_velocity,x_accel,y_accel,z_accel,phi_velocity,theta_velocity,psi_velocity,rotor_speed1,rotor_speed2,rotor_speed3,rotor_speed4,reward
0.0,0.0,0.0,0.0,0.0,0.0,0.0,0.0,0.0,0.0,0.0,0.0,0.0,0.0,0.0,0.0,315.50473,465.02512,552.6684,584.9239,0
0.06,-0.002077464214994151,0.00020859806341254198,0.008190780585237695,0.05227276551048732,0.45653422251400677,0.0,-0.12542187303868982,0.012777108326115057,0.26455313534517066,-4.212979940416359,0.4367879659272744,4.035250427425411,0.503187927184199,1.595947335814162,0.0,306.38443,600.75616,408.77493,602.46063,1.0183969730106888
0.12000000000000001,-0.0271803272560671,0.002110366879590881,0.021640248833784112,1.3119430138945507,2.7244350119040543,0.0,-0.8051441264748771,-0.019704442609102105,-0.04306496302394969,-13.55914851721157,-4.579944050349409,-13.557103483620837,3.159264377100333,5.144810099493926,0.0,103.0698,869.75977,73.53976,838.0266,1.0174368506457447
