time,x,y,z,phi,theta,psi,x_velocity,y_velocity,z_velocity,x_accel,y_accel,z_accel,phi_velocity,theta_velocity,psi_velocity,rotor_speed1,rotor_speed2,rotor_speed3,rotor_speed4,reward
0.0,0.0,0.0,0.0,0.0,0.0,0.0,0.0,0.0,0.0,0.0,0.0,0.0,0.0,0.0,0.0,321.41943,505.20126,523.5064,565.529,0
0.06,-0.003417405074282797,0.0003037335102160976,0.007511151208338724,0.07816263941510382,0.7592877741636244,0.0,-0.20470215849647372,0.018181597560183706,0.2271742406149755,-6.809149201528536,0.6042860414735342,2.766326849136284,0.6273767306632945,2.07499060998064,0.0,282.67804,680.78296,320.20392,625.98303,1.0165536900655645
0.12000000000000001,-0.03141967750191608,-0.0052343935508680755,0.011869308841860327,2.738547552862208,5.236234170066538,0.0,-0.4561170098373855,-0.3705713247102532,-0.1861193121026931,9.709384690701059,-11.70074521943978,-6.350204417741564,4.533656714859915,7.122242154017786,0.0,17.276457,897.9318,10.677794,894.1248,0.9994041617358718
