time,x,y,z,phi,theta,psi,x_velocity,y_velocity,z_velocity,x_accel,y_accel,z_accel,phi_velocity,theta_velocity,psi_velocity,rotor_speed1,rotor_speed2,rotor_speed3,rotor_speed4,reward
0.0,0.0,0.0,0.0,0.0,0.0,0.0,0.0,0.0,0.0,0.0,0.0,0.0,0.0,0.0,0.0,316.5113,422.67853,581.0277,594.39215,0
0.06,-0.0009586755652928557,4.162385110494606e-05,0.00853346303931265,0.01205828936161435,0.21399583629053698,0.0,-0.05829485113862154,0.0026590229761756256,0.28262315960541357,-1.9754249221644766,0.09536709545080677,4.6294232197697385,0.21557350089109023,1.074590679584192,0.0,322.94702,482.68005,519.9844,591.2236,1.0193360889438106
0.12000000000000001,-0.012553910921948954,0.0013926027926482298,0.032122155606801234,0.24158284669996632,0.8106809975492517,0.0,-0.39656243170130523,0.06500156881812329,0.4719073711272831,-8.180775051463927,1.8665769795743625,1.8624355928522087,1.2969252868668992,2.801870552401989,0.0,299.0701,672.9508,346.89517,613.3147,1.0440251594186079
0.18,-0.054097982261981814,0.000552792849417701,0.05023403089916726,2.338851238215428,4.771258320227101,0.0,-0.7599815101725513,-0.3198405826055647,0.007524607857944204,5.816569493590203,-14.442798777040128,-8.699204845498999,4.716924743301652,7.508352667146262,0.0,60.581097,891.1808,42.376846,864.90894,1.0230421898937354
0.23999999999999996,-0.06427712306458527,-0.02503472612497903,0.0282849620346512,4.728665158951294,0.7873965176430282,0.0,0.07215714314004276,-0.6704568365666825,-1.0077864702071513,-2.9440831593981267,-9.318919800970686,-30.906512200247704,14.020301230816447,16.71363226093783,0.0,164.18304,869.9987,92.57081,781.2338,0.9424750647612001
