time,x,y,z,phi,theta,psi,x_velocity,y_velocity,z_velocity,x_accel,y_accel,z_accel,phi_velocity,theta_velocity,psi_velocity,rotor_speed1,rotor_speed2,rotor_speed3,rotor_speed4,reward
0.0,0.0,0.0,0.0,0.0,0.0,0.0,0.0,0.0,0.0,0.0,0.0,0.0,0.0,0.0,0.0,358.1503,601.7245,445.00507,462.6981,0
0.06,-0.006896064672341051,2.5906637148804686e-05,0.0038302088619223285,0.012504172533499336,1.7543976141317916,0.0,-0.39572052667883073,0.0013588312112764078,0.018894821062609354,-12.438877820059675,0.037145747973718876,-4.403204336388052,0.22038380351820597,3.184517728377686,0.0,190.9556,808.0923,121.44958,754.41943,1.0066571071711898
