time,x,y,z,phi,theta,psi,x_velocity,y_velocity,z_velocity,x_accel,y_accel,z_accel,phi_velocity,theta_velocity,psi_velocity,rotor_speed1,rotor_speed2,rotor_speed3,rotor_speed4,reward
0.0,0.0,0.0,0.0,0.0,0.0,0.0,0.0,0.0,0.0,0.0,0.0,0.0,0.0,0.0,0.0,313.65088,454.00073,560.3259,590.1695,0
0.06,-0.0017828913208089796,0.00018508740831482706,0.008340030846490187,0.04638049905031405,0.3915793316944942,0.0,-0.10781498796931838,0.011386922796305182,0.271760753918739,-3.6288957956764305,0.39130068893582104,4.253634457394694,0.47088075790734363,1.473796933319888,0.0,307.92715,584.29626,430.4143,596.47797,1.0187855288418683
0.12000000000000001,-0.024395101851503297,0.00280457074173083,0.024372596105644042,1.0147312707012865,2.346183513840998,0.0,-0.765231581614741,0.051312784065717654,0.061969301931166815,-14.552440058706893,-1.2169166362913117,-11.302891480548753,2.786101030737664,4.759030767037231,0.0,113.09918,861.4204,95.2543,819.4423,1.0236722809096472
0.18,-0.09812873567106821,-0.010132690151222607,0.00019888904581434868,1.073645656673289,4.052620604353461,0.0,-1.4680164731692842,-0.42480671131516934,-1.025109675930096,1.4463029187393548,-8.493900153325287,-29.581746429441306,11.36199723780991,13.841061881145507,0.0,29.127668,894.8409,13.548867,886.7249,0.9353564788032049
