time,x,y,z,phi,theta,psi,x_velocity,y_velocity,z_velocity,x_accel,y_accel,z_accel,phi_velocity,theta_velocity,psi_velocity,rotor_speed1,rotor_speed2,rotor_speed3,rotor_speed4,reward
0.0,0.0,0.0,0.0,0.0,0.0,0.0,0.0,0.0,0.0,0.0,0.0,0.0,0.0,0.0,0.0,427.345,491.9595,465.41098,487.29337,0
0.06,-0.0005018182700856088,6.502125242204803e-05,0.00610232614248914,0.019359522542414354,0.12671192238383622,0.0,-0.030667171416505108,0.004099486837690731,0.20283228685493115,-1.0454921810238613,0.14490838177168477,3.3547747866391218,0.2860344850705735,0.8139083353741675,0.0,402.81143,513.7872,481.24518,508.54025,1.013845153993013
0.12000000000000001,-0.007149221574508189,0.0009608118845577504,0.024829165461982786,0.06656250215810822,0.5174851024376608,0.0,-0.23588935110006598,0.03048373846269406,0.4095010373916222,-5.113761519886765,0.6187487575999497,2.957865910885775,0.6546829416471098,2.1870235698851035,0.0,310.7695,606.6396,535.8894,596.3335,1.0359654302260888
0.18,-0.0420624157828731,0.003767158451024237,0.04714508385461865,0.267565808789751,2.834412733247124,0.0,-1.0113894492646613,0.02911368112172142,0.03520403391387522,-14.49150156151621,-1.5845631816785413,-17.82323036323035,1.581221823518147,5.7465615878468865,0.0,39.527084,872.46216,780.54517,865.1753,1.0321301599521544
