time,x,y,z,phi,theta,psi,x_velocity,y_velocity,z_velocity,x_accel,y_accel,z_accel,phi_velocity,theta_velocity,psi_velocity,rotor_speed1,rotor_speed2,rotor_speed3,rotor_speed4,reward
0.0,0.0,0.0,0.0,0.0,0.0,0.0,0.0,0.0,0.0,0.0,0.0,0.0,0.0,0.0,0.0,431.72275,479.52466,468.70026,479.20084,0
0.06,-0.0002687491045387802,1.5858579676484124e-05,0.005758694782721907,0.005843560226086453,0.07139461768088129,0.0,-0.016535181485895636,0.0010460474322305552,0.19177661273226884,-0.5682658500952221,0.03880710822608133,3.188243786314786,0.13661633759364938,0.597180323457055,0.0,418.78595,490.78513,477.17487,490.63483,1.0130814631048732
0.12000000000000001,-0.0037266629137657596,0.0002798596119307699,0.023390094066825344,0.022913089584764457,0.2564424665130254,0.0,-0.11947541381288929,0.009512257239033685,0.3931418683776221,-2.5044400648993452,0.2093656797696479,3.2419142545084805,0.3149683462650442,1.4849699597260688,0.0,379.1346,528.7156,502.1407,528.6171,1.0341761795948843
0.18,-0.020293451276952756,0.001568939829298872,0.053040629717937667,0.07234646665128164,0.9238824138806931,0.0,-0.5068266045638584,0.03705074401763421,0.5566638025450944,-9.193892788714685,0.5874125044546954,1.170298311046659,0.6870523695289438,3.2878102460153453,0.0,247.47911,654.25476,589.08905,654.3729,1.0549784658081396
0.23999999999999996,-0.0723413148002183,0.0026286968593370935,0.06930098875249874,0.3368240473903894,4.892471251922814,0.0,-0.9024772682612974,-0.0658262062845006,-0.3811777191875775,9.277015253831225,-3.9806988833358004,-25.89030758150742,1.7855910642686506,7.980216178535532,0.0,12.780796,896.03595,862.3542,896.09033,1.0127716218377585
0.3,-0.07022276911787807,-0.004114318336588313,0.02466448015387744,0.5552601305259346,1.014956713739064,0.0,0.5631126739468864,-0.4020829581388957,-1.6012398820784233,3.954705700815559,-16.147375200613823,-40.936127602765154,2.544259328913474,17.207358390643815,0.0,54.48617,850.4201,771.5983,849.4626,0.901710306669722
