time,x,y,z,phi,theta,psi,x_velocity,y_velocity,z_velocity,x_accel,y_accel,z_accel,phi_velocity,theta_velocity,psi_velocity,rotor_speed1,rotor_speed2,rotor_speed3,rotor_speed4,reward
0.0,0.0,0.0,0.0,0.0,0.0,0.0,0.0,0.0,0.0,0.0,0.0,0.0,0.0,0.0,0.0,322.91226,510.4284,520.39575,559.9468,0
0.06,-0.0035926175953129354,0.0002623154758324513,0.0073572245805768495,0.06892769106024144,0.801910538947209,0.0,-0.2149334864564965,0.015677281565986703,0.21954038124439976,-7.138467495954897,0.5200074278678744,2.5296146424916994,0.5858242059118294,2.134048259114904,0.0,280.46,679.2064,328.4118,622.451,1.0161574355949774
0.12000000000000001,-0.03235740466818192,-0.0054951604557810126,0.009986768959851658,2.5598193217307603,5.252589810597231,0.0,-0.4615260563862329,-0.37432870835313425,-0.2500316415636143,9.997265794868653,-11.76016835308896,-7.879416640613812,4.363825780493938,7.163701662428517,0.0,23.204525,895.95105,21.082626,889.00586,0.9953946991352591
