time,x,y,z,phi,theta,psi,x_velocity,y_velocity,z_velocity,x_accel,y_accel,z_accel,phi_velocity,theta_velocity,psi_velocity,rotor_speed1,rotor_speed2,rotor_speed3,rotor_speed4,reward
0.0,0.0,0.0,0.0,0.0,0.0,0.0,0.0,0.0,0.0,0.0,0.0,0.0,0.0,0.0,0.0,361.5378,364.50455,589.30493,619.6728,0
0.06,-1.315936514171393e-06,0.00022101710448652295,0.009255687607493679,0.0523260614577552,0.0007371764882284637,0.0,-0.0001025357066142286,0.013659937939442673,0.3083913811056724,-0.004400336710638663,0.47195258424189307,5.134005817100714,0.503471965623669,0.02957128387397762,0.0,354.00983,375.001,580.3768,629.17523,1.0210371502247042
0.12000000000000001,-7.721836278796665e-05,0.0031591010487274232,0.037009555178058415,0.2058508808501216,0.014057297479068254,0.0,-0.003924057665209339,0.10365815621362268,0.6146477165633608,-0.12330036761260528,2.2384835735174597,5.01853194634441,1.3054719738125913,0.23949959598521497,0.0,334.9319,415.72934,544.0497,652.0137,1.053818662136737
0.18,-0.0013625014140132364,0.01771277605329728,0.08180290233144726,0.8138305830825541,0.15944997603300504,0.0,-0.05734164587553547,0.45415672387313955,0.8458740223167399,-1.5940262738029045,8.538742257799125,2.5288059899721174,3.0283400913068275,1.0679957924689996,0.0,312.5862,524.65845,418.83838,691.13086,1.0838925595082212
0.23999999999999996,-0.014075513933135431,0.06477061772839963,0.1218795177152462,3.5878789836606195,1.2201987869559456,0.0,-0.4899617556899906,1.0241249869281537,0.22978610335549682,-11.707578152456591,4.2643316512967395,-18.896847797200348,6.909100654231198,3.4532616179846913,0.0,251.55365,771.3443,163.6249,782.17395,1.0622469661624105
0.3,-0.05415065533991887,0.11988820867276251,0.10294187807149743,5.657983499573401,3.0097305135355477,0.0,-0.7392608686471973,0.8213896889653861,-0.9988174790665634,-10.312320943876939,-2.250206773700176,-26.17650102380322,13.730704029440954,10.25477608842104,0.0,281.40393,838.51483,123.246765,787.563,0.9450684962261764
0.36000000000000004,-0.1015984664471008,0.19418062602171857,0.012027686876240224,4.595368422196453,4.394656880256704,0.0,-1.0106997116092473,1.5083978676109517,-1.6091299431069452,-15.40989532922429,1.3124311207670276,4.825196264446617,18.764836403586433,16.66595287895847,0.0,261.6516,880.4167,44.346333,865.2848,0.8177046324096249
