time,x,y,z,phi,theta,psi,x_velocity,y_velocity,z_velocity,x_accel,y_accel,z_accel,phi_velocity,theta_velocity,psi_velocity,rotor_speed1,rotor_speed2,rotor_speed3,rotor_speed4,reward
0.0,0.0,0.0,0.0,0.0,0.0,0.0,0.0,0.0,0.0,0.0,0.0,0.0,0.0,0.0,0.0,429.45212,504.94534,453.99896,492.27585,0
0.06,-0.0007113769934508883,0.0001914538450699206,0.0063343477254404834,0.051061246093252244,0.1749460188069376,0.0,-0.04333693944947952,0.011822570416801384,0.2099590376074944,-1.4718279750837433,0.40805816858530236,3.446604073745236,0.49669760614593067,0.9661839942045348,0.0,396.5706,527.43536,476.7428,516.1436,1.0143494800331387
0.12000000000000001,-0.009970134026162873,0.0024635582331574662,0.025270816021035983,0.13850350837989645,0.7070351666777306,0.0,-0.3258309655660424,0.07161519349901686,0.3984779539565489,-6.971138637101517,1.2793827679187033,2.2141598435809677,1.027615504377275,2.5932592261299043,0.0,274.39145,648.002,545.2436,628.21533,1.0358071593664993
0.18,-0.05093318344577148,0.006286148909664202,0.037742593207622965,0.5110560673428797,4.307668609319595,0.0,-0.8794304867734318,-0.05752642880007758,-0.3825625727149859,0.4307884263367812,-6.628243444907931,-26.36942432277283,2.3341418476472646,7.076546454613749,0.0,11.535016,897.80865,837.03296,894.1405,1.007507754802428
