time,x,y,z,phi,theta,psi,x_velocity,y_velocity,z_velocity,x_accel,y_accel,z_accel,phi_velocity,theta_velocity,psi_velocity,rotor_speed1,rotor_speed2,rotor_speed3,rotor_speed4,reward
0.0,0.0,0.0,0.0,0.0,0.0,0.0,0.0,0.0,0.0,0.0,0.0,0.0,0.0,0.0,0.0,322.79755,409.49356,582.1573,605.26086,0
0.06,-0.0006361167891872717,0.0001228070782918665,0.008758279279514178,0.031134786561862526,0.14350834542774216,0.0,-0.03882501661275588,0.00765524394628101,0.2910865002086209,-1.321584272988512,0.26712560024140947,4.813354214213757,0.3763239388988464,0.8697691049370435,0.0,330.2929,446.76816,543.1793,603.13257,1.0198728080652921
0.12000000000000001,-0.008169436495368982,0.002181838506578391,0.03406968949127616,0.21869788641112642,0.4681236516640679,0.0,-0.2516739103490434,0.08226500823652343,0.5405563657755484,-5.0333232682470594,2.044359441078292,3.666493475239977,1.3128313119173698,2.0891953443036644,0.0,332.98212,586.5003,423.9715,600.08276,1.0482076034051289
0.18,-0.040795620290576415,0.012232557595056788,0.06540003111736613,1.314606605153779,2.217567123876112,0.0,-0.9445752666832627,0.20222901746459415,0.3217280734431268,-14.891339284662154,-0.8984247361740799,-10.45521237254547,3.7229181879397073,5.149487227963095,0.0,214.00105,815.9314,175.60063,760.25433,1.050667442643483
0.23999999999999996,-0.11005061932027947,-0.0012263957309344596,0.057822224327166175,3.487047446578666,6.146418472955647,0.0,-1.1448586612116114,-0.7095157429058498,-0.6905998677335107,0.6141013263911458,-15.969662767141541,-21.560148165356548,10.681701819483397,12.782023419826794,0.0,122.41488,889.80597,32.589256,855.75494,0.9674821963243116
