time,x,y,z,phi,theta,psi,x_velocity,y_velocity,z_velocity,x_accel,y_accel,z_accel,phi_velocity,theta_velocity,psi_velocity,rotor_speed1,rotor_speed2,rotor_speed3,rotor_speed4,reward
0.0,0.0,0.0,0.0,0.0,0.0,0.0,0.0,0.0,0.0,0.0,0.0,0.0,0.0,0.0,0.0,321.08157,406.52377,588.26733,599.86096,0
0.06,-0.0006085560950620508,3.271110160627414e-05,0.008682566808285826,0.009738280167972846,0.1379747029266749,0.0,-0.037157399753928,0.0021083059480865177,0.28865715112607443,-1.2654147438894727,0.07634519209080347,4.777076852427179,0.1890442165787679,0.8517435706464316,0.0,328.60605,437.32172,555.4587,595.85547,1.0197068530394369
0.12000000000000001,-0.007688692014800774,0.0007871796994429695,0.03386322857063849,0.10126838238601721,0.4214974089236456,0.0,-0.2331624023233742,0.033370006759541423,0.5421778557868571,-4.563493628783456,0.9142512451247352,3.8804917248342945,0.825136803978756,1.9737013003019614,0.0,331.63834,552.1345,466.71014,583.5338,1.0481414315909223
0.18,-0.03698758609203279,0.0060957027525278444,0.06839426259980982,0.6415741067461811,1.6856912908234003,0.0,-0.849522446074246,0.1511858523806671,0.4843943650834075,-13.931484397197751,1.918104594319225,-5.881663315426482,2.4816670888303096,4.534788375934328,0.0,263.69147,744.52686,283.72256,672.8165,1.0594795927633969
0.23999999999999996,-0.0968265470934086,0.007134498251913146,0.07820420139461354,4.82442728048829,1.8761841856323151,0.0,-0.8992843550140813,-0.18194617472406213,-0.35259349481191077,1.1919295869267017,-6.099981929168659,-26.049753596194016,7.3379945596974006,10.565252388934075,0.0,66.58795,893.1112,23.559456,874.8454,1.0015876429641015
0.3,-0.17781057419070412,-0.004305752226388524,0.03100776366571687,6.2797048588433455,1.8555648996961782,0.0,-1.1929519151052435,-0.25743790014288526,-1.2509681061574136,23.096348280323785,2.682054012112435,-12.880670480334812,16.27287536993773,18.908928596615215,0.0,157.68967,790.1051,241.40074,784.06195,0.8962482967028873
