time,x,y,z,phi,theta,psi,x_velocity,y_velocity,z_velocity,x_accel,y_accel,z_accel,phi_velocity,theta_velocity,psi_velocity,rotor_speed1,rotor_speed2,rotor_speed3,rotor_speed4,reward
0.0,0.0,0.0,0.0,0.0,0.0,0.0,0.0,0.0,0.0,0.0,0.0,0.0,0.0,0.0,0.0,320.13107,481.57333,540.46387,574.94543,0
0.06,-0.0025243795406789437,0.00022438156208450503,0.007914565145673715,0.05691531637179725,0.5571833244347886,0.0,-0.15202190659599554,0.01366253772731161,0.2512722162647445,-5.090694143002306,0.46373642433710804,3.6348772884209355,0.5273925845337593,1.769178985180811,0.0,311.53702,630.6762,381.97748,586.84143,1.0176838494064604
0.12000000000000001,-0.03018226357856855,0.00013052364863928422,0.016852525784353582,1.3493307008757318,3.388727517285247,0.0,-0.78816229456017,-0.14858667255293173,-0.21527362546028952,-9.196686171686435,-9.169985677468253,-16.91167379886003,3.2177854345934946,5.751267402491154,0.0,74.91385,881.7343,53.35905,858.00183,1.006870989076321
