time,x,y,z,phi,theta,psi,x_velocity,y_velocity,z_velocity,x_accel,y_accel,z_accel,phi_velocity,theta_velocity,psi_velocity,rotor_speed1,rotor_speed2,rotor_speed3,rotor_speed4,reward
0.0,0.0,0.0,0.0,0.0,0.0,0.0,0.0,0.0,0.0,0.0,0.0,0.0,0.0,0.0,0.0,452.49457,322.88974,616.1959,637.5879,0
0.06,-0.0017025279404775176,0.00013045733884228545,0.011850574112905899,0.029925278561722557,0.2875452273624246,0.0,-0.10075213539904737,0.008113643941400229,0.39047733196647216,-3.3000903037347578,0.2823799484993035,6.312034620713801,0.3679288683039764,-1.3750262616321964,0.0,517.8939,394.90402,527.88684,627.1306,1.0268015588372656
0.12000000000000001,-0.017654968738867793,0.003621241410644438,0.045180874376148455,0.4894888656587071,0.5460707291036861,0.0,-0.46889885137240506,0.1648455016325018,0.6948156068536487,-7.512885564081169,4.7174658156262055,4.045511066896592,1.9288677319430385,-2.8672788040560846,0.0,515.9053,478.8599,424.95865,709.6897,1.0626483744447466
0.18,-0.061586093738362414,0.03137611983029593,0.07945769101920415,3.7253325230680083,0.39103941822784893,0.0,-0.9750452139642256,0.759999396428963,0.0786395111265763,-7.6587805398455515,7.0862162159209205,-24.14494731168824,6.193492570700481,-3.2534750832341377,0.0,523.9527,537.98285,308.67343,823.9477,1.0475555789048507
0.23999999999999996,-0.132834738080591,0.07232740601465004,0.05630637274613984,6.075769288218421,0.22148432725589018,0.0,-1.37088946341561,0.630212322564295,-0.8760943064287927,-5.513807463547835,-8.348252484769478,-27.251670115777998,13.156597840423442,-2.917632446743314,0.0,650.51105,693.33826,161.5627,845.895,0.9356276145207256
