time,x,y,z,phi,theta,psi,x_velocity,y_velocity,z_velocity,x_accel,y_accel,z_accel,phi_velocity,theta_velocity,psi_velocity,rotor_speed1,rotor_speed2,rotor_speed3,rotor_speed4,reward
0.0,0.0,0.0,0.0,0.0,0.0,0.0,0.0,0.0,0.0,0.0,0.0,0.0,0.0,0.0,0.0,321.82538,507.86792,521.9085,563.028,0
0.06,-0.0035165779368976453,0.00028710005488437356,0.007433085516777429,0.07459015890501242,0.7830744813761026,0.0,-0.2104994592172844,0.01716552584514814,0.22317549631624314,-6.996014599052218,0.5696643011751765,2.638582321222058,0.6116073794721522,2.108147619395325,0.0,285.43625,678.81757,322.5565,618.3645,1.0163500612094665
0.12000000000000001,-0.032161411509774133,-0.005152015080085927,0.01062148182689294,2.5438921807266794,5.162192865405398,0.0,-0.4776790130693252,-0.3740366146598103,-0.23698498817037622,9.094097658910846,-12.351136765844936,-7.891770553300861,4.371473542738473,7.096471079183072,0.0,23.87831,896.51306,15.381005,889.56866,0.9965639445570944
