time,x,y,z,phi,theta,psi,x_velocity,y_velocity,z_velocity,x_accel,y_accel,z_accel,phi_velocity,theta_velocity,psi_velocity,rotor_speed1,rotor_speed2,rotor_speed3,rotor_speed4,reward
0.0,0.0,0.0,0.0,0.0,0.0,0.0,0.0,0.0,0.0,0.0,0.0,0.0,0.0,0.0,0.0,362.1081,608.68286,440.58676,452.33612,0
0.06,-0.007122442633815363,1.079253715616533e-05,0.003516846649600098,0.006336220262669556,1.8367829997732894,0.0,-0.40660024665899497,0.0005643421885711383,-0.0005536048202629817,-12.688911914886216,0.015344321252422046,-5.110316208163996,0.14399367508046215,3.2597929380097064,0.0,217.29382,787.3518,149.50128,705.9914,1.0057889622189031
