time,x,y,z,phi,theta,psi,x_velocity,y_velocity,z_velocity,x_accel,y_accel,z_accel,phi_velocity,theta_velocity,psi_velocity,rotor_speed1,rotor_speed2,rotor_speed3,rotor_speed4,reward
0.0,0.0,0.0,0.0,0.0,0.0,0.0,0.0,0.0,0.0,0.0,0.0,0.0,0.0,0.0,0.0,327.83643,538.5817,498.8527,538.22943,0
0.06,-0.00472685677143674,0.00022077247737243232,0.00647225378054142,0.06346213204272289,1.084606538775608,0.0,-0.2801708264038821,0.012842775646040179,0.16999290687402283,-9.195670051699308,0.4112769800219326,0.8295264014419639,0.559921201873192,2.4913746101506726,0.0,255.63605,715.74396,265.40384,662.46747,1.0137738486624153
0.12000000000000001,-0.03276585007656713,-0.007979094946573374,0.0044643264167249196,4.309418309514481,0.7452095246696047,0.0,-0.2667409285962166,-0.27163647014178577,-0.43251057780079694,14.639267890074501,1.5741274469311224,-16.86287212631058,5.526133098326963,8.323078489385015,0.0,44.339222,889.4125,30.874027,875.2108,0.9846906396690798
