time,x,y,z,phi,theta,psi,x_velocity,y_velocity,z_velocity,x_accel,y_accel,z_accel,phi_velocity,theta_velocity,psi_velocity,rotor_speed1,rotor_speed2,rotor_speed3,rotor_speed4,reward
0.0,0.0,0.0,0.0,0.0,0.0,0.0,0.0,0.0,0.0,0.0,0.0,0.0,0.0,0.0,0.0,453.209,327.45874,608.6935,635.68805,0
0.06,-0.0016127438406548281,0.0002008600477860384,0.01164520112712241,0.04459609738715109,0.2738219954512733,0.0,-0.0954243610855317,0.012402196714966826,0.3840249609056261,-3.124967479777808,0.42801463415741586,6.221436587404415,0.4607019117488945,-1.3433300879274817,0.0,516.53735,405.71832,509.93713,629.48615,1.0263417322528783
0.12000000000000001,-0.016471859627364385,0.005224733400144732,0.04433536417281167,0.6807853377366975,0.4733123214697832,0.0,-0.42960109343035835,0.2340299658027781,0.67423382497093,-6.648024295051024,6.624103850728806,3.550859047273396,2.3120493384939067,-2.7016252831061776,0.0,519.9977,474.75464,400.28452,721.55273,1.0612748899458337
0.18,-0.05611505916675544,0.036947624209786256,0.0717490398998335,4.632198489484271,0.34386308937862076,0.0,-0.8746523740156951,0.6410377652245438,-0.13520735246672205,-6.758721986732664,-3.7879803594957004,-25.705665469207734,7.031935340875437,-3.209328789388529,0.0,596.0502,578.8496,213.28615,861.75836,1.0323454112571
0.23999999999999996,-0.12076993331004578,0.060015316034449984,0.03550163323770609,3.8793172452444793,0.15162116562810724,0.0,-1.2444815854994626,0.5648635731254358,-0.8092176680983496,-4.810840917457747,11.931468265520808,8.300943384501066,15.21272211927087,-3.3456045243385035,0.0,671.55096,370.06445,521.50934,726.89795,0.9185592437409957
