time,x,y,z,phi,theta,psi,x_velocity,y_velocity,z_velocity,x_accel,y_accel,z_accel,phi_velocity,theta_velocity,psi_velocity,rotor_speed1,rotor_speed2,rotor_speed3,rotor_speed4,reward
0.0,0.0,0.0,0.0,0.0,0.0,0.0,0.0,0.0,0.0,0.0,0.0,0.0,0.0,0.0,0.0,364.67807,607.3562,435.6258,451.38727,0
0.06,-0.006933190946075975,1.9289250778856643e-05,0.003565440795988025,0.009973695980689534,1.7850952846517103,0.0,-0.3970978903360381,0.0010089249402093848,0.007515841947867516,-12.44936441001292,0.02744624356856225,-4.700995216248891,0.19186261725462544,3.2127685413024696,0.0,208.96284,780.66956,162.1144,706.32166,1.0060120641329908
