time,x,y,z,phi,theta,psi,x_velocity,y_velocity,z_velocity,x_accel,y_accel,z_accel,phi_velocity,theta_velocity,psi_velocity,rotor_speed1,rotor_speed2,rotor_speed3,rotor_speed4,reward
0.0,0.0,0.0,0.0,0.0,0.0,0.0,0.0,0.0,0.0,0.0,0.0,0.0,0.0,0.0,0.0,362.0723,606.52124,440.37793,456.56732,0
0.06,-0.007017736426200582,2.0725647358832425e-05,0.003665200034284768,0.010605242921980285,1.7980956360911282,0.0,-0.4016126992716419,0.0010763457856415375,0.00863843170710521,-12.576611379871684,0.028911815526034255,-4.776629649488302,0.19927483102454568,3.224659364827348,0.0,203.09995,801.56537,136.77708,724.5868,1.0061994990932968
