time,x,y,z,phi,theta,psi,x_velocity,y_velocity,z_velocity,x_accel,y_accel,z_accel,phi_velocity,theta_velocity,psi_velocity,rotor_speed1,rotor_speed2,rotor_speed3,rotor_speed4,reward
0.0,0.0,0.0,0.0,0.0,0.0,0.0,0.0,0.0,0.0,0.0,0.0,0.0,0.0,0.0,0.0,374.04373,578.2517,415.57373,497.4273,0
0.06,-0.0050523999279204895,0.0006643573266367431,0.005061698719108273,0.19508559991974472,1.22583833810297,0.0,-0.29781829938981785,0.03743792843763081,0.11253288702520102,-9.705372634435117,1.146951316230453,-0.5799832663966725,1.0234494601919502,2.6523116991743163,0.0,295.93442,683.5195,257.50388,647.9445,1.010364537572355
0.12000000000000001,-0.03865352075458795,-0.005153091639549747,0.0003697164311871945,4.096370423859682,5.54957980432833,0.0,-0.4457343333732365,-0.2771636613339198,-0.23872076582627538,13.516946593341864,-2.4105273308857114,-2.3554113609041574,5.761911617660444,7.587324938205759,0.0,43.533253,894.10455,21.042362,886.79443,0.9838233375270091
