time,x,y,z,phi,theta,psi,x_velocity,y_velocity,z_velocity,x_accel,y_accel,z_accel,phi_velocity,theta_velocity,psi_velocity,rotor_speed1,rotor_speed2,rotor_speed3,rotor_speed4,reward
0.0,0.0,0.0,0.0,0.0,0.0,0.0,0.0,0.0,0.0,0.0,0.0,0.0,0.0,0.0,0.0,453.75943,322.42883,618.75385,643.1678,0
0.06,-0.001769652762702661,0.0001723862140626079,0.012143197499875072,0.0382192404530608,0.2962369811021768,0.0,-0.10473309569243647,0.010666914032335328,0.3998915571492807,-3.4308502701760824,0.3690530172686299,6.454205974448096,0.4225734224114269,-1.3947120340197046,0.0,507.70105,406.45166,524.44165,645.8949,1.0274571022263703
0.12000000000000001,-0.01774156898215565,0.005269465720265413,0.04632517221590344,0.7250599949887597,0.4382848156262318,0.0,-0.44976572341456666,0.24727095497867393,0.7074872711900337,-6.548381092982775,7.214909652171641,3.80058261329655,2.35526584993617,-2.6206047446376837,0.0,482.15134,500.77304,410.4744,729.60455,1.0641118039867847
0.18,-0.05757141033323669,0.03813065599506755,0.0748685058261968,4.74407906860019,0.30655334703161685,0.0,-0.8586110714382901,0.6345062754059636,-0.1277183656757187,-6.092596257054845,-5.354079231073794,-25.645815944633785,7.115655722431089,-2.2856273969780183,0.0,441.37643,707.8256,187.79309,853.8116,1.0338454933099066
0.23999999999999996,-0.13171255003333487,0.054531332633522056,0.044170769647802526,3.825272175735133,3.235055898403253,0.0,-1.7519022629182468,0.09140757134464475,-1.0566044159623988,-17.078642082022963,-7.458196468054021,-21.22758275975298,15.234038844991868,1.9431339763645956,0.0,791.1576,387.45572,359.4533,858.6193,0.923870807066135
