time,x,y,z,phi,theta,psi,x_velocity,y_velocity,z_velocity,x_accel,y_accel,z_accel,phi_velocity,theta_velocity,psi_velocity,rotor_speed1,rotor_speed2,rotor_speed3,rotor_speed4,reward
0.0,0.0,0.0,0.0,0.0,0.0,0.0,0.0,0.0,0.0,0.0,0.0,0.0,0.0,0.0,0.0,317.63553,421.72336,581.243,593.10876,0
0.06,-0.0009211329985849095,3.313543561938923e-05,0.008499897839189426,0.009921163413090461,0.20621774721285657,0.0,-0.05603052732499432,0.002132078976085267,0.28163950928176334,-1.8994570529123005,0.07706733415792193,4.619008101132743,0.19123718252598704,1.0538395835071224,0.0,326.8951,476.63663,523.18335,586.86035,1.0192638007331372
0.12000000000000001,-0.011869629034153652,0.0011377442497840203,0.032122191929930814,0.19633688034455865,0.737036506193844,0.0,-0.370105416539557,0.05358008531641667,0.47990380529035725,-7.518618762474581,1.5558308311345188,2.25401572467806,1.1573412959983633,2.6692276874441125,0.0,317.48242,646.7772,368.38724,589.684,1.0442742761401989
0.18,-0.05390055361285535,0.0025675463555248517,0.051493037721877216,1.6707748759024375,3.8133302067262527,0.0,-0.9568802293986634,-0.21183752243272458,-0.05314709272065016,-4.562313984156707,-13.269782988579333,-15.299855948490835,4.000318776587638,6.789259220396278,0.0,116.27965,870.63074,91.77481,815.09424,1.0241572458009045
0.23999999999999996,-0.1061126247388704,-0.0253404480681662,0.01886778125462719,1.0275954245017438,4.888941826509166,0.0,-1.2202231636119785,-0.5726957285987843,-1.162738729476514,-19.23380228283773,-5.960309008695685,-17.7438546012812,12.299461469898404,15.612000200042688,0.0,318.05627,736.5626,214.58356,626.79504,0.920424055026333
