time,x,y,z,phi,theta,psi,x_velocity,y_velocity,z_velocity,x_accel,y_accel,z_accel,phi_velocity,theta_velocity,psi_velocity,rotor_speed1,rotor_speed2,rotor_speed3,rotor_speed4,reward
0.0,0.0,0.0,0.0,0.0,0.0,0.0,0.0,0.0,0.0,0.0,0.0,0.0,0.0,0.0,0.0,324.3392,407.53366,582.4784,605.30383,0
0.06,-0.000585741432533776,0.00012004639463710119,0.00875649639205869,0.030496165459011237,0.13270447489883708,0.0,-0.03577842627166856,0.007487304441892171,0.29114712038737967,-1.2190283890407019,0.2614318465491598,4.819687766990131,0.3719115680972022,0.8342383876074175,0.0,332.27502,438.86844,548.32996,602.3823,1.0198728331194271
0.12000000000000001,-0.007436672532900987,0.00203529320509415,0.034174382465046046,0.18958985051455368,0.409716111664852,0.0,-0.2262818887392312,0.0746370474797669,0.5469010318223128,-4.448907326134009,1.8101649026247277,3.888229605935876,1.2195835697492678,1.9422690726432839,0.0,337.27527,555.3123,450.33185,595.45404,1.0485411450673343
0.18,-0.0361749622019353,0.012251282590809957,0.068623544759622,0.9917513099700344,1.6711075301123897,0.0,-0.8396927153771689,0.27233726277000936,0.4708962213973784,-13.960016188530123,3.02492748907826,-6.352045176917879,3.2509804537386917,4.50233156388013,0.0,267.85562,752.9806,253.88147,695.277,1.0587211654739834
0.23999999999999996,-0.09577511520939133,0.021674672183436206,0.08314144929648694,6.118828790896199,2.1455828810907818,0.0,-0.938746057074976,-0.17040516207027556,-0.017027613382138485,-2.097008572756268,-17.412702297366792,-13.043141045132938,8.62548501086631,10.671609640026073,0.0,64.181564,873.7201,88.78071,864.8296,1.0143817454759216
0.3,-0.17352915684761985,7.393895230594695e-05,0.05334750089272405,5.7875451155825175,0.9198000705982707,0.0,-1.1252644602519781,-0.659335207354435,-0.7048895070890995,20.395171367877015,-6.194453449180737,-1.7382878971650646,16.913848654681296,18.576634508527064,0.0,134.22787,785.1908,248.68658,802.70654,0.9298523608489251
0.36000000000000004,-0.26885223633220623,-0.05275152794296349,0.0016986260467009916,2.7282136761793296,3.6514309261895264,0.0,-1.9010298481369692,-1.2735054653442293,-1.083889871073403,-4.685633973143661,-18.708902416402665,-4.140591521672162,20.45222862694277,21.5885447405697,0.0,172.39597,848.1236,129.78604,800.5641,0.8831274252018557
