time,x,y,z,phi,theta,psi,x_velocity,y_velocity,z_velocity,x_accel,y_accel,z_accel,phi_velocity,theta_velocity,psi_velocity,rotor_speed1,rotor_speed2,rotor_speed3,rotor_speed4,reward
0.0,0.0,0.0,0.0,0.0,0.0,0.0,0.0,0.0,0.0,0.0,0.0,0.0,0.0,0.0,0.0,430.06848,506.07513,453.69293,492.88306,0
0.06,-0.0007252252776406474,0.000201032132838132,0.006387049356058844,0.05331199204610115,0.1778209445933463,0.0,-0.04417389972972572,0.012405074398437738,0.21166787401768006,-1.4999792856278107,0.42780024778750025,3.4729616414841127,0.5086948940259832,0.9745526228984672,0.0,396.83762,527.4457,476.9545,516.1271,1.014467611534094
0.12000000000000001,-0.010101380436486033,0.002562157652299478,0.02541581410951867,0.14084628528276433,0.7087016892496436,0.0,-0.3287433929282826,0.07394930428305656,0.3997163314893561,-6.999444907675223,1.306426422693429,2.201790036122207,1.0364145232110524,2.5985812593782476,0.0,276.12482,646.2798,544.9967,626.66724,1.0359503845738491
0.18,-0.051430171993666826,0.006624058555788028,0.03811359924683018,0.5035552095880336,4.245805484871411,0.0,-0.898901238709648,-0.05102974724754483,-0.3751762650820198,-0.3219538926779499,-6.541075918411164,-26.350661204394846,2.319990011074272,7.0395773134291,0.0,12.528698,897.29156,833.96674,893.2833,1.0079568897437556
