time,x,y,z,phi,theta,psi,x_velocity,y_velocity,z_velocity,x_accel,y_accel,z_accel,phi_velocity,theta_velocity,psi_velocity,rotor_speed1,rotor_speed2,rotor_speed3,rotor_speed4,reward
0.0,0.0,0.0,0.0,0.0,0.0,0.0,0.0,0.0,0.0,0.0,0.0,0.0,0.0,0.0,0.0,316.4317,459.2674,554.8115,586.2918,0
0.06,-0.0018752985768600182,0.0002008743586114559,0.008209994821953814,0.050307697821064146,0.4131784112765535,0.0,-0.11334023252331046,0.012332199097831037,0.26673597528745085,-3.81227099709824,0.422729035808688,4.139497546644801,0.49262346131742946,1.5154663634863015,0.0,321.80627,580.3412,411.52728,593.7105,1.0184742286144932
0.12000000000000001,-0.024680285328718667,0.003425412085059674,0.02401812022872494,1.1590659689656793,2.174101522316011,0.0,-0.7620607350532864,0.08331521704478823,0.08089426754209697,-14.448045536015309,-0.22190092380003015,-10.032924975347289,2.977393891424529,4.620014709296832,0.0,148.34511,843.20526,102.510475,806.61523,1.023603064442975
0.18,-0.09132490946039158,-0.010104766446061777,0.011571638790771879,0.34171640803951675,2.4425668613902527,0.0,-0.9618368385238534,-0.38446366947064226,-0.5084134005291487,20.07969249802557,0.3470735987384558,-15.514222087214737,11.239609324765876,13.223473348843363,0.0,126.91243,852.8188,74.52273,821.04706,0.9639274278528935
