time,x,y,z,phi,theta,psi,x_velocity,y_velocity,z_velocity,x_accel,y_accel,z_accel,phi_velocity,theta_velocity,psi_velocity,rotor_speed1,rotor_speed2,rotor_speed3,rotor_speed4,reward
0.0,0.0,0.0,0.0,0.0,0.0,0.0,0.0,0.0,0.0,0.0,0.0,0.0,0.0,0.0,0.0,371.58475,588.5159,429.1175,469.07404,0
0.06,-0.005647216791111163,0.00014580665723073203,0.004508967785743995,0.05022063195664295,1.4008010858869007,0.0,-0.33030925312799786,0.008106146850648126,0.07951195162025729,-10.65515200682193,0.24344437072177932,-1.7622189483856359,0.49214975145761686,2.83932123646429,0.0,245.32124,744.4295,201.96794,687.6323,1.0088663840167669
