time,x,y,z,phi,theta,psi,x_velocity,y_velocity,z_velocity,x_accel,y_accel,z_accel,phi_velocity,theta_velocity,psi_velocity,rotor_speed1,rotor_speed2,rotor_speed3,rotor_speed4,reward
0.0,0.0,0.0,0.0,0.0,0.0,0.0,0.0,0.0,0.0,0.0,0.0,0.0,0.0,0.0,0.0,326.78754,533.02515,503.4295,541.75085,0
0.06,-0.004490614787393558,0.0002165412099349267,0.006645283075382087,0.06126217120528388,1.0246797652018556,0.0,-0.2667434148914797,0.012691712027776577,0.18047450490080758,-8.77921914837708,0.4105253772459264,1.2093662267405896,0.5491841782040883,2.4199321300942014,0.0,275.30148,690.1243,290.07532,638.7616,1.014253939812191
0.12000000000000001,-0.03497550514059375,-0.007272001747075403,0.00537815632398206,3.369765100798487,5.8462913696212375,0.0,-0.37695612127105593,-0.328599232331497,-0.2798912562726772,14.52650119396026,-4.472781614997079,-5.9645332783331435,4.921581496025848,7.653240857982958,0.0,20.46991,895.3378,19.359026,889.86505,0.988336370305066
