time,x,y,z,phi,theta,psi,x_velocity,y_velocity,z_velocity,x_accel,y_accel,z_accel,phi_velocity,theta_velocity,psi_velocity,rotor_speed1,rotor_speed2,rotor_speed3,rotor_speed4,reward
0.0,0.0,0.0,0.0,0.0,0.0,0.0,0.0,0.0,0.0,0.0,0.0,0.0,0.0,0.0,0.0,317.71194,470.71536,550.1714,579.1908,0
0.06,-0.002209816669708798,0.00016625815778257175,0.008089376849449841,0.04267055806285924,0.48653907511567596,0.0,-0.1333128337297691,0.010205245202287987,0.2600836004408136,-4.473920855460689,0.3497479957151697,3.9128768209561557,0.4494891435561279,1.649427804568425,0.0,313.61722,610.9128,398.97058,588.20544,1.018144992922763
0.12000000000000001,-0.028080046426209208,0.0012377614812672036,0.020158694251739495,1.1925621447893295,2.8797559518333102,0.0,-0.8065471220875481,-0.052652202609916335,-0.09914344696433208,-12.676402523348857,-5.3088505552508805,-14.95083185805883,2.9852897153864637,5.298257586210224,0.0,101.114716,871.2934,72.68222,836.0045,1.0141774343395364
