time,x,y,z,phi,theta,psi,x_velocity,y_velocity,z_velocity,x_accel,y_accel,z_accel,phi_velocity,theta_velocity,psi_velocity,rotor_speed1,rotor_speed2,rotor_speed3,rotor_speed4,reward
0.0,0.0,0.0,0.0,0.0,0.0,0.0,0.0,0.0,0.0,0.0,0.0,0.0,0.0,0.0,0.0,319.46652,495.5185,530.79095,573.458,0
0.06,-0.003082981118845942,0.00032822116347302186,0.007782731240428693,0.08245746619024708,0.6798369010495842,0.0,-0.185074263045011,0.019742593456117785,0.24063728805887238,-6.173116931260969,0.6601416005262791,3.1838328793055495,0.6458684388570318,1.960300660016245,0.0,290.63724,669.0471,328.40652,623.11993,1.0172556847693544
0.12000000000000001,-0.03114960377066465,-0.003943204880732562,0.014376776432537453,2.587577942440305,4.722043057836913,0.0,-0.5621604349030676,-0.36937217404821965,-0.14384796405278313,4.410705342563051,-14.55400635782407,-7.061217420607767,4.432117804587428,6.750277556598114,0.0,20.815908,897.60114,10.785027,893.47925,1.0038802566621727
