time,x,y,z,phi,theta,psi,x_velocity,y_velocity,z_velocity,x_accel,y_accel,z_accel,phi_velocity,theta_velocity,psi_velocity,rotor_speed1,rotor_speed2,rotor_speed3,rotor_speed4,reward
0.0,0.0,0.0,0.0,0.0,0.0,0.0,0.0,0.0,0.0,0.0,0.0,0.0,0.0,0.0,0.0,465.3252,316.79666,623.0496,640.964,0
0.06,-0.002316169339355276,9.487284458156148e-05,0.012309590493786816,0.02230324765892533,0.38876148794176846,0.0,-0.13713026816221197,0.005921127006140208,0.40206525196628523,-4.494346763777708,0.2069024140066119,6.3445626847647185,0.31067461178597455,-1.5886349999964835,0.0,534.882,411.7969,516.3192,645.7369,1.0277616787287325
0.12000000000000001,-0.02377384016320039,0.004587028000643414,0.04581313929467288,0.7808772581579397,0.6568067281960168,0.0,-0.6171180680049145,0.23347592791738828,0.6688808780296214,-9.411640611013212,7.077590070905788,2.5856779879539666,2.3581689176542966,-3.1269919508929402,0.0,519.127,512.06067,397.92737,747.98083,1.0619752937463538
0.18,-0.08047286683155357,0.03222664493412744,0.06967981045078661,5.62590542396463,0.4699231458278552,0.0,-1.2476903228209926,0.3725042933793421,-0.138294215503313,-9.557065727291832,-13.204200707478764,-19.138494076576038,7.606898493870871,-3.09774635724974,0.0,509.7602,687.5842,205.50711,843.2647,1.0248454964399667
0.23999999999999996,-0.18051034828543064,0.040717685677880554,0.05242539456766984,3.5978553339872406,1.8345934815178602,0.0,-2.241981106012682,0.1080050953458028,-0.6022569737759114,-21.775638335261863,2.655244684148617,-6.466661726951594,15.297316222015379,-0.10812886245296227,0.0,698.45386,354.15112,500.5712,776.4913,0.9514652808877984
0.3,-0.3308724934368164,0.06104561224709609,0.011861772547908484,4.919718928541972,5.746829247608407,0.0,-2.2043050392780295,0.588770709442558,-0.8073087069393696,21.356515534769574,3.960819493273781,-8.985640331975128,16.778671503616927,-5.017648624124819,0.0,782.12366,774.5851,59.36711,899.05505,0.8983122380749535
