time,x,y,z,phi,theta,psi,x_velocity,y_velocity,z_velocity,x_accel,y_accel,z_accel,phi_velocity,theta_velocity,psi_velocity,rotor_speed1,rotor_speed2,rotor_speed3,rotor_speed4,reward
0.0,0.0,0.0,0.0,0.0,0.0,0.0,0.0,0.0,0.0,0.0,0.0,0.0,0.0,0.0,0.0,361.2283,611.0476,439.5075,450.47595,0
0.06,-0.007269642393239694,9.05314550080456e-06,0.0033344157238985117,0.005672183848940193,1.8897972224781494,0.0,-0.41355833228759364,0.0004652031586383455,-0.01264714236876048,-12.842768938470291,0.012257373145864513,-5.566985050945002,0.1339839884407054,3.30734185901271,0.0,194.11047,801.42334,134.79143,726.1666,1.005270039488398
