time,x,y,z,phi,theta,psi,x_velocity,y_velocity,z_velocity,x_accel,y_accel,z_accel,phi_velocity,theta_velocity,psi_velocity,rotor_speed1,rotor_speed2,rotor_speed3,rotor_speed4,reward
0.0,0.0,0.0,0.0,0.0,0.0,0.0,0.0,0.0,0.0,0.0,0.0,0.0,0.0,0.0,0.0,323.281,515.4365,516.57983,557.79913,0
0.06,-0.003803636459574979,0.00027819124179783935,0.007246354802670796,0.07359133178544841,0.8513280025408703,0.0,-0.22722244928487367,0.016543464059046914,0.21264044620382236,-7.532592547428078,0.5452816999339203,2.2745391899648735,0.6071317239651135,2.2005897316065335,0.0,266.0596,699.87195,311.6893,639.1849,1.015843911277188
0.12000000000000001,-0.03054585790723772,-0.006315370518334256,0.009340041515473546,3.1395638599372084,6.141411751259206,0.0,-0.2960796330066129,-0.28959048172767476,-0.25644579572807297,15.556154998370518,-3.2182824295491654,-7.799335186862661,4.80984123154045,7.700049106486533,0.0,11.039857,898.7153,10.805442,895.9534,0.994432310815706
