time,x,y,z,phi,theta,psi,x_velocity,y_velocity,z_velocity,x_accel,y_accel,z_accel,phi_velocity,theta_velocity,psi_velocity,rotor_speed1,rotor_speed2,rotor_speed3,rotor_speed4,reward
0.0,0.0,0.0,0.0,0.0,0.0,0.0,0.0,0.0,0.0,0.0,0.0,0.0,0.0,0.0,0.0,431.10028,510.98035,450.00677,494.4665,0
0.06,-0.0008136439071692379,0.0002571714613657549,0.006489758360187617,0.06676825101885342,0.19766564308703494,0.0,-0.04951167259040504,0.015811750650973,0.21475559339700676,-1.6792656763572833,0.5429526454085878,3.5095415470765983,0.5757155258107397,1.0305683490334285,0.0,394.55505,530.13367,476.6619,517.61035,1.014689929184056
0.12000000000000001,-0.011163453722128933,0.0031645027463604713,0.0255206978749659,0.16301238657864658,0.766480427417763,0.0,-0.3595793763753944,0.08885667555017851,0.3927523947193588,-7.557429123745958,1.4979398618499142,1.8764892168524105,1.1268643285100526,2.7150368555866984,0.0,264.77396,658.05164,549.7038,636.2776,1.035702041278587
0.18,-0.05329827444450328,0.007469541087997688,0.035537013945358686,0.5731719867379024,4.7268225158349715,0.0,-0.796996972219064,-0.06919174880663988,-0.4391619841729918,5.987420231104754,-7.162919862721806,-25.412459425851896,2.501105934207891,7.424774224993306,0.0,9.0329,900.0,848.8636,897.31995,1.0021012855685165
