time,x,y,z,phi,theta,psi,x_velocity,y_velocity,z_velocity,x_accel,y_accel,z_accel,phi_velocity,theta_velocity,psi_velocity,rotor_speed1,rotor_speed2,rotor_speed3,rotor_speed4,reward
0.0,0.0,0.0,0.0,0.0,0.0,0.0,0.0,0.0,0.0,0.0,0.0,0.0,0.0,0.0,0.0,375.39645,575.3313,415.42105,501.32834,0
0.06,-0.004861031199989229,0.0007507732744303655,0.005212328677040285,0.21543744622966443,1.1727160202323894,0.0,-0.28715506475350255,0.04259390469480454,0.12172947051802557,-9.38405185653962,1.317609666034427,-0.2455578613786493,1.0783957095386714,2.592923576125076,0.0,307.8779,668.46606,281.14865,630.25146,1.0107794758108852
0.12000000000000001,-0.040153746063444566,-0.004143275865399707,0.000446751510983328,3.3992825156955426,4.922944368922607,0.0,-0.5873348696378204,-0.34178082375922425,-0.2379067471050205,8.54604679598737,-8.93641353580242,-0.8173339010397443,5.343240027643428,7.173783166552138,0.0,86.72596,877.0019,46.697582,864.0209,0.9835684842456853
