time,x,y,z,phi,theta,psi,x_velocity,y_velocity,z_velocity,x_accel,y_accel,z_accel,phi_velocity,theta_velocity,psi_velocity,rotor_speed1,rotor_speed2,rotor_speed3,rotor_speed4,reward
0.0,0.0,0.0,0.0,0.0,0.0,0.0,0.0,0.0,0.0,0.0,0.0,0.0,0.0,0.0,0.0,318.30035,459.54245,554.2563,581.96826,0
0.06,-0.0018363852266161471,0.00015475746969117454,0.008102879718356975,0.03972868550550146,0.406524499531268,0.0,-0.11100727899377427,0.009541779949433699,0.26344973117345566,-3.7345828579927027,0.32873982197959106,4.097264501461646,0.43186537985132506,1.5027479262409025,0.0,331.3613,563.00995,427.3091,574.87225,1.0182386749086745
0.12000000000000001,-0.023346978430881255,0.003032850477082515,0.024961447559851656,0.7795873523528698,1.820496429263775,0.0,-0.7151848946460633,0.10013692257018972,0.1613255919089284,-13.772329413473866,1.545884345512298,-7.136776845463546,2.441993528503291,4.260398446371573,0.0,223.90677,782.36224,166.11414,723.92755,1.0268666204196113
0.18,-0.07710025914854574,0.005373098065546804,0.010359972831281677,1.7871574215148058,4.26972953395542,0.0,-1.0829580051264664,0.030576730931585788,-0.6255993528083421,-18.136773475708203,0.7849015640598355,-11.331824647101667,8.923847815980169,11.32097847860531,0.0,66.5203,880.8795,35.48032,858.53534,0.9580323150563608
