time,x,y,z,phi,theta,psi,x_velocity,y_velocity,z_velocity,x_accel,y_accel,z_accel,phi_velocity,theta_velocity,psi_velocity,rotor_speed1,rotor_speed2,rotor_speed3,rotor_speed4,reward
0.0,0.0,0.0,0.0,0.0,0.0,0.0,0.0,0.0,0.0,0.0,0.0,0.0,0.0,0.0,0.0,321.61887,498.8042,528.3025,568.3613,0
0.06,-0.0031485165534659316,0.0002840982026228333,0.007657979878033262,0.07251747314753842,0.6972296199023038,0.0,-0.18892004464574438,0.017097635566673895,0.23564963651548235,-6.297711964766001,0.5720771609434587,3.064396427960393,0.6022862559032155,1.985957426558758,0.0,292.89075,660.64325,341.22662,617.90344,1.0169575983138186
0.12000000000000001,-0.03232535771768041,-0.003662089154084079,0.013286234241748416,2.325500862733101,4.475582641899049,0.0,-0.626825714471504,-0.36289934366092846,-0.2032959260295692,1.9151817374418145,-15.217926723832454,-9.729492791472607,4.188883674049267,6.609104824939745,0.0,37.62301,893.002,25.445644,884.8227,1.0012582747266752
