time,x,y,z,phi,theta,psi,x_velocity,y_velocity,z_velocity,x_accel,y_accel,z_accel,phi_velocity,theta_velocity,psi_velocity,rotor_speed1,rotor_speed2,rotor_speed3,rotor_speed4,reward
0.0,0.0,0.0,0.0,0.0,0.0,0.0,0.0,0.0,0.0,0.0,0.0,0.0,0.0,0.0,0.0,375.9521,573.50415,410.02042,510.43152,0
0.06,-0.004763407223940695,0.001042755551749867,0.005326788309602164,0.2920516536136484,1.1427377658156441,0.0,-0.2817186620959181,0.05923839649695329,0.12676630339656844,-9.22038159734212,1.8359908578968296,-0.10778773151003754,1.2649597909658576,2.5588148696139887,0.0,306.13037,670.80023,268.35745,645.05255,1.0110518381123448
0.12000000000000001,-0.03970260009584431,-0.001740103416359769,0.0036135282985470777,3.9833843871192762,4.982321595064244,0.0,-0.5740703043367281,-0.23494854135174523,-0.10886869931787418,9.058767830513471,-4.368155871553291,1.978704547861525,5.860869905485292,7.198333691363653,0.0,54.863285,890.7462,25.156713,885.41174,0.9909232715592169
