time,x,y,z,phi,theta,psi,x_velocity,y_velocity,z_velocity,x_accel,y_accel,z_accel,phi_velocity,theta_velocity,psi_velocity,rotor_speed1,rotor_speed2,rotor_speed3,rotor_speed4,reward
0.0,0.0,0.0,0.0,0.0,0.0,0.0,0.0,0.0,0.0,0.0,0.0,0.0,0.0,0.0,0.0,349.96823,580.0232,463.4511,486.99832,0
0.06,-0.006052979564794033,5.751255922843525e-05,0.0048606711529733185,0.02185779982097813,1.4760051465785526,0.0,-0.35274690302760303,0.003202683193835332,0.08203255173540347,-11.323568815085148,0.0964198414665618,-2.117828260110961,0.3070513284168757,2.9160936401100126,0.0,239.7883,731.0083,200.12183,716.0103,1.0095032416843028
