time,x,y,z,phi,theta,psi,x_velocity,y_velocity,z_velocity,x_accel,y_accel,z_accel,phi_velocity,theta_velocity,psi_velocity,rotor_speed1,rotor_speed2,rotor_speed3,rotor_speed4,reward
0.0,0.0,0.0,0.0,0.0,0.0,0.0,0.0,0.0,0.0,0.0,0.0,0.0,0.0,0.0,0.0,340.0469,564.4004,477.12988,505.17935,0
0.06,-0.005576096534366151,9.216861851014943e-05,0.005401188221373025,0.03137266471471545,1.3315183218744862,0.0,-0.3271924398839236,0.005235053160401614,0.1136923157144926,-10.599191655378894,0.16220744075474747,-1.0017475627994743,0.37795535206553976,2.7667481881726896,0.0,247.42108,721.5639,210.03905,699.4203,1.0109729449713372
0.12000000000000001,-0.03564621775693937,-0.009735895536081125,0.001996649209430723,6.170710884242629,1.2676559048950278,0.0,-0.3205220849832508,-0.48639770204988164,-0.3692237685366746,10.317866872227613,-11.39247085157629,-16.494240049063546,6.374463993473591,8.728098243478824,0.0,10.996809,898.47766,5.3057013,896.8263,0.9837487524121572
