time,x,y,z,phi,theta,psi,x_velocity,y_velocity,z_velocity,x_accel,y_accel,z_accel,phi_velocity,theta_velocity,psi_velocity,rotor_speed1,rotor_speed2,rotor_speed3,rotor_speed4,reward
0.0,0.0,0.0,0.0,0.0,0.0,0.0,0.0,0.0,0.0,0.0,0.0,0.0,0.0,0.0,0.0,356.15433,594.7791,453.3357,469.1682,0
0.06,-0.006616559757039673,2.291862974009205e-05,0.004227183586549663,0.010705769730694925,1.6551741287429422,0.0,-0.3819119607584479,0.0012474567689149951,0.04259416911851019,-12.101997664284408,0.036262683318394516,-3.5614147248778223,0.20043529689897333,3.0914710807906998,0.0,234.42935,758.13617,173.75015,717.63074,1.007742181351716
