time,x,y,z,phi,theta,psi,x_velocity,y_velocity,z_velocity,x_accel,y_accel,z_accel,phi_velocity,theta_velocity,psi_velocity,rotor_speed1,rotor_speed2,rotor_speed3,rotor_speed4,reward
0.0,0.0,0.0,0.0,0.0,0.0,0.0,0.0,0.0,0.0,0.0,0.0,0.0,0.0,0.0,0.0,378.1089,569.76086,403.90317,521.3845,0
0.06,-0.004515661414374415,0.0014700727601648853,0.005507103767602514,0.398336437279192,1.073888494538961,0.0,-0.2677592777633019,0.08399366959484206,0.1358861025956686,-8.792792296311607,2.6243433192009404,0.18056298910969834,1.4869540375726125,2.478744919212889,0.0,297.3342,680.792,252.16083,666.9413,1.011505412472558
0.12000000000000001,-0.03755371561822313,0.0026594293447798527,0.007856138787638559,4.877452840874403,5.3194321040534,0.0,-0.4893483312266581,-0.041819552404709304,-0.014796252180936584,11.806721608889731,3.135650816942921,0.39953798594508216,6.556914812229383,7.373222250587821,0.0,26.764868,898.758,10.734441,897.8379,0.9993236342781353
