time,x,y,z,phi,theta,psi,x_velocity,y_velocity,z_velocity,x_accel,y_accel,z_accel,phi_velocity,theta_velocity,psi_velocity,rotor_speed1,rotor_speed2,rotor_speed3,rotor_speed4,reward
0.0,0.0,0.0,0.0,0.0,0.0,0.0,0.0,0.0,0.0,0.0,0.0,0.0,0.0,0.0,0.0,371.92526,574.8504,413.30536,495.6123,0
0.06,-0.004895125470185406,0.0006650637944612863,0.004893112238872838,0.19546944345413664,1.1973085628890328,0.0,-0.288884724820583,0.03763389526569247,0.10988772348796466,-9.428540686080213,1.1598826587737192,-0.49496607120243524,1.0245114772723423,2.6205803882221987,0.0,298.30264,675.1277,262.84436,639.01794,1.0100360168912572
