time,x,y,z,phi,theta,psi,x_velocity,y_velocity,z_velocity,x_accel,y_accel,z_accel,phi_velocity,theta_velocity,psi_velocity,rotor_speed1,rotor_speed2,rotor_speed3,rotor_speed4,reward
0.0,0.0,0.0,0.0,0.0,0.0,0.0,0.0,0.0,0.0,0.0,0.0,0.0,0.0,0.0,0.0,333.85355,555.08826,485.36707,518.8724,0
0.06,-0.005325268327483977,0.00014132052825417191,0.005783715226219963,0.04472712355441644,1.2529119496487127,0.0,-0.31354650415915064,0.008076623213963505,0.133207432352637,-10.202816993226357,0.2524454204118331,-0.38391971537717934,0.46145523102792385,2.6820835631797735,0.0,254.5609,712.98645,238.84103,676.5514,1.0119613723295877
0.12000000000000001,-0.03530592784159022,-0.009167685858409193,0.0011432997514832332,5.045926082475521,0.7953608475353633,0.0,-0.2930433551384808,-0.3524636585978813,-0.4656413547410869,13.929708804053924,-2.3280653386870998,-18.037352269584616,5.862876900378262,8.447207855128582,0.0,21.613106,895.0233,14.489823,890.95483,0.979842881472204
