time,x,y,z,phi,theta,psi,x_velocity,y_velocity,z_velocity,x_accel,y_accel,z_accel,phi_velocity,theta_velocity,psi_velocity,rotor_speed1,rotor_speed2,rotor_speed3,rotor_speed4,reward
0.0,0.0,0.0,0.0,0.0,0.0,0.0,0.0,0.0,0.0,0.0,0.0,0.0,0.0,0.0,0.0,314.86374,435.40854,574.17664,589.5808,0
0.06,-0.0012630046515034474,5.311965215685702e-05,0.008399170982465386,0.015007089844654153,0.28022021742731873,0.0,-0.07661700203902763,0.0033647507864421264,0.2768357805017936,-2.588763524168454,0.11955717859101696,4.475068397413297,0.24599097675273446,1.23790059161701,0.0,321.00504,510.00305,500.16284,581.9776,1.018996695472679
0.12000000000000001,-0.016499744894133424,0.0015722240997808157,0.030201092837300072,0.2974725046845528,1.1331381928762534,0.0,-0.5209506128438699,0.06922792974697721,0.39088515507821314,-10.682130825979117,1.852991037886544,-0.4898553086251913,1.4545537379617062,3.3392945245338157,0.0,271.748,705.33844,323.40402,625.9404,1.0394578220270045
0.18,-0.06057140652606327,-0.0009933613444338316,0.038810859232981595,2.9047643460630432,0.0726119470073332,0.0,-0.5411127149915651,-0.17610280273455173,-0.19320328089107228,16.00623512871837,0.389334690388743,-10.01368103116427,5.281709963103571,8.763114925408466,0.0,141.19548,860.70447,102.96367,778.94934,1.0037128752915374
