time,x,y,z,phi,theta,psi,x_velocity,y_velocity,z_velocity,x_accel,y_accel,z_accel,phi_velocity,theta_velocity,psi_velocity,rotor_speed1,rotor_speed2,rotor_speed3,rotor_speed4,reward
0.0,0.0,0.0,0.0,0.0,0.0,0.0,0.0,0.0,0.0,0.0,0.0,0.0,0.0,0.0,0.0,427.23233,492.5598,464.7202,487.50024,0
0.06,-0.0005133455380436847,7.017996624726225e-05,0.006103112902773482,0.020717069578061853,0.1294649242663377,0.0,-0.03136467901861614,0.004416766516282776,0.20283171129959143,-1.0689870812869988,0.15580757310305257,3.3535748113281807,0.2976081956546771,0.8233063015020083,0.0,402.61374,514.7892,481.0165,509.1476,1.013845840734856
0.12000000000000001,-0.007311397880981545,0.0010273760304585979,0.024837606905218752,0.07025621117329894,0.5283915998086712,0.0,-0.24116566638855114,0.032429655700305746,0.4092223442375388,-5.225245101752898,0.6538103237428992,2.9314849080212158,0.6775881550219731,2.212209369415965,0.0,308.98743,609.1113,535.8227,598.0183,1.0359612056707186
0.18,-0.04275836651110233,0.003925139963609598,0.04661389446485658,0.281883336856259,2.9102298615896576,0.0,-1.015706815392607,0.026149028993372368,0.007522965129288739,-14.062808361801828,-1.8391086195630035,-18.615526661239134,1.631840856943076,5.823824356021144,0.0,37.036476,875.1385,782.0954,867.693,1.030686139007445
