time,x,y,z,phi,theta,psi,x_velocity,y_velocity,z_velocity,x_accel,y_accel,z_accel,phi_velocity,theta_velocity,psi_velocity,rotor_speed1,rotor_speed2,rotor_speed3,rotor_speed4,reward
0.0,0.0,0.0,0.0,0.0,0.0,0.0,0.0,0.0,0.0,0.0,0.0,0.0,0.0,0.0,0.0,427.69693,494.9274,462.89642,488.56857,0
0.06,-0.0005478036816333838,8.843312108646944e-05,0.006157450043605482,0.02542068317379087,0.13739700104000274,0.0,-0.03344983313406481,0.005537396783345933,0.20455889095074847,-1.1392282809714018,0.19422195603477138,3.3786278925146394,0.33509482209636887,0.8498415341749461,0.0,402.1405,516.854,479.14966,509.9191,1.0139659347894634
0.12000000000000001,-0.007744123687195523,0.0012553059351896143,0.024944760159102436,0.08251867842234883,0.5540810728145775,0.0,-0.2542947731295266,0.0389832276091418,0.4079596738175412,-5.480595577934835,0.769405982944927,2.8292633459416163,0.7498734763235497,2.2718076388533324,0.0,307.10703,612.3052,533.62244,599.1886,1.0359711844877302
0.18,-0.044335358288013035,0.004569883536607818,0.045694795604736334,0.3154631980650011,3.015502885490685,0.0,-1.0255910434745135,0.02481484572822342,-0.036547856642814514,-13.30964025752409,-2.329786323048511,-19.660993629766303,1.7531114676565216,5.944864545753416,0.0,35.489372,876.41254,779.13354,868.0672,1.0280518335738151
