time,x,y,z,phi,theta,psi,x_velocity,y_velocity,z_velocity,x_accel,y_accel,z_accel,phi_velocity,theta_velocity,psi_velocity,rotor_speed1,rotor_speed2,rotor_speed3,rotor_speed4,reward
0.0,0.0,0.0,0.0,0.0,0.0,0.0,0.0,0.0,0.0,0.0,0.0,0.0,0.0,0.0,0.0,319.60013,410.80905,586.60016,599.8685,0
0.06,-0.0006978126525290483,4.2121230858359094e-05,0.008693194243793485,0.012100782630330542,0.15708945929324702,0.0,-0.04255317089044122,0.0026928202229582502,0.2887850631853245,-1.4469561854604711,0.09665843957597103,4.769176579037977,0.2160356695382084,0.9125936146707967,0.0,324.62546,450.9193,546.44116,598.9222,1.0197233917314144
0.12000000000000001,-0.00900438874763524,0.0011025149560311474,0.03372914417647225,0.15401967283046947,0.5282438532307978,0.0,-0.279052799560896,0.048421098221913525,0.5319880484069296,-5.624927148761153,1.3560455593888878,3.4941676886459994,1.0375410424518543,2.231196066230024,0.0,318.82208,598.5273,429.21875,597.76227,1.0476365399562557
0.18,-0.044656977958400325,0.006589548023180978,0.06270875200980357,1.1658922147930237,2.61271459196778,0.0,-0.9956352235893446,0.05540055730414811,0.21427652846706707,-14.047675304281226,-3.9389375658015244,-13.457892520378936,3.364444927984637,5.590545451369053,0.0,170.39432,836.4542,172.44466,777.43726,1.0450491269829365
0.23999999999999996,-0.11884532618304823,-0.015507604077577671,0.04953822154971317,4.298259692750879,1.7476042712590925,0.0,-1.0682280893202338,-0.5858725923111061,-0.5616377034983373,20.365734628257698,-0.8017783922135427,-9.903500384076269,10.730545588202883,13.769048018534438,0.0,172.87967,791.40955,223.87808,769.2882,0.9607564689824311
