time,x,y,z,phi,theta,psi,x_velocity,y_velocity,z_velocity,x_accel,y_accel,z_accel,phi_velocity,theta_velocity,psi_velocity,rotor_speed1,rotor_speed2,rotor_speed3,rotor_speed4,reward
0.0,0.0,0.0,0.0,0.0,0.0,0.0,0.0,0.0,0.0,0.0,0.0,0.0,0.0,0.0,0.0,435.4314,518.9854,442.8229,494.78568,0
0.06,-0.0009181618567985698,0.00034613352477433996,0.006637207711239715,0.0877055129747708,0.22059971069909512,0.0,-0.05581688163804992,0.021197343037725636,0.2191892485691202,-1.8908614808573192,0.7244669158935727,3.5621236799023404,0.6678257168299756,1.0919162764437114,0.0,394.03314,535.8974,474.24667,519.4772,1.0150096627649234
0.12000000000000001,-0.012464866216803096,0.004120504675428857,0.02571948035503826,0.20134348253721335,0.8442287349043625,0.0,-0.3985680188742734,0.11268726745027904,0.3840826215676559,-8.294029804057468,1.8092355472876043,1.4201758036848422,1.274626372144902,2.8621253754164564,0.0,252.06642,674.5036,554.51514,647.9664,1.0354590243692647
0.18,-0.05483552507215035,0.00913152749343495,0.033033194139938264,0.682395961330176,5.400498063408451,0.0,-0.6431016865110255,-0.06175975085257325,-0.44885750664457896,13.816294913380958,-6.22233066655905,-20.774166192499166,2.773064131750744,7.926940754123655,0.0,6.283412,900.0,864.8991,900.0,0.9970524978239321
0.23999999999999996,-0.041206297253621404,0.022366754768852515,0.009370196779620385,0.9521467134570125,1.8409224488618587,0.0,1.0885798445018575,0.07670208721122274,-0.7774463202289407,26.812259296985655,-17.72262828489272,-25.094145476961685,3.5017299888556286,17.256556897088846,0.0,11.429286,898.1226,832.09973,893.3584,0.9498667285735087
